,year,sample,yearSampleLabel,Cohort,CohortLabel,stattype,subject,grade,scale,jurisdiction,jurisLabel,variable,variableLabel,varValue,varValueLabel,value,isStatDisplayable,errorFlag
0,1990,R2,1990&#185;,1,Grade 4,MN:MN,MAT,4,MRPCM,AK,Alaska,TOTAL,All students,1,All students,999.0,0,328
1,1990,R2,1990&#185;,1,Grade 4,SD:SD,MAT,4,MRPCM,AK,Alaska,TOTAL,All students,1,All students,999.0,0,328
2,1990,R2,1990&#185;,1,Grade 4,MN:MN,MAT,4,MRPCM,AL,Alabama,TOTAL,All students,1,All students,999.0,0,328
3,1990,R2,1990&#185;,1,Grade 4,SD:SD,MAT,4,MRPCM,AL,Alabama,TOTAL,All students,1,All students,999.0,0,328
4,1990,R2,1990&#185;,1,Grade 4,MN:MN,MAT,4,MRPCM,AR,Arkansas,TOTAL,All students,1,All students,999.0,0,328
5,1990,R2,1990&#185;,1,Grade 4,SD:SD,MAT,4,MRPCM,AR,Arkansas,TOTAL,All students,1,All students,999.0,0,328
6,1990,R2,1990&#185;,1,Grade 4,MN:MN,MAT,4,MRPCM,AZ,Arizona,TOTAL,All students,1,All students,999.0,0,328
7,1990,R2,1990&#185;,1,Grade 4,SD:SD,MAT,4,MRPCM,AZ,Arizona,TOTAL,All students,1,All students,999.0,0,328
8,1990,R2,1990&#185;,1,Grade 4,MN:MN,MAT,4,MRPCM,CA,California,TOTAL,All students,1,All students,999.0,0,328
9,1990,R2,1990&#185;,1,Grade 4,SD:SD,MAT,4,MRPCM,CA,California,TOTAL,All students,1,All students,999.0,0,328
10,1990,R2,1990&#185;,1,Grade 4,MN:MN,MAT,4,MRPCM,CO,Colorado,TOTAL,All students,1,All students,999.0,0,328
11,1990,R2,1990&#185;,1,Grade 4,SD:SD,MAT,4,MRPCM,CO,Colorado,TOTAL,All students,1,All students,999.0,0,328
12,1990,R2,1990&#185;,1,Grade 4,MN:MN,MAT,4,MRPCM,CT,Connecticut,TOTAL,All students,1,All students,999.0,0,328
13,1990,R2,1990&#185;,1,Grade 4,SD:SD,MAT,4,MRPCM,CT,Connecticut,TOTAL,All students,1,All students,999.0,0,328
14,1990,R2,1990&#185;,1,Grade 4,MN:MN,MAT,4,MRPCM,DC,District of Columbia,TOTAL,All students,1,All students,999.0,0,328
15,1990,R2,1990&#185;,1,Grade 4,SD:SD,MAT,4,MRPCM,DC,District of Columbia,TOTAL,All students,1,All students,999.0,0,328
16,1990,R2,1990&#185;,1,Grade 4,MN:MN,MAT,4,MRPCM,DE,Delaware,TOTAL,All students,1,All students,999.0,0,328
17,1990,R2,1990&#185;,1,Grade 4,SD:SD,MAT,4,MRPCM,DE,Delaware,TOTAL,All students,1,All students,999.0,0,328
18,1990,R2,1990&#185;,1,Grade 4,MN:MN,MAT,4,MRPCM,FL,Florida,TOTAL,All students,1,All students,999.0,0,328
19,1990,R2,1990&#185;,1,Grade 4,SD:SD,MAT,4,MRPCM,FL,Florida,TOTAL,All students,1,All students,999.0,0,328
20,1990,R2,1990&#185;,1,Grade 4,MN:MN,MAT,4,MRPCM,GA,Georgia,TOTAL,All students,1,All students,999.0,0,328
21,1990,R2,1990&#185;,1,Grade 4,SD:SD,MAT,4,MRPCM,GA,Georgia,TOTAL,All students,1,All students,999.0,0,328
22,1990,R2,1990&#185;,1,Grade 4,MN:MN,MAT,4,MRPCM,HI,Hawaii,TOTAL,All students,1,All students,999.0,0,328
23,1990,R2,1990&#185;,1,Grade 4,SD:SD,MAT,4,MRPCM,HI,Hawaii,TOTAL,All students,1,All students,999.0,0,328
24,1990,R2,1990&#185;,1,Grade 4,MN:MN,MAT,4,MRPCM,IA,Iowa,TOTAL,All students,1,All students,999.0,0,328
25,1990,R2,1990&#185;,1,Grade 4,SD:SD,MAT,4,MRPCM,IA,Iowa,TOTAL,All students,1,All students,999.0,0,328
26,1990,R2,1990&#185;,1,Grade 4,MN:MN,MAT,4,MRPCM,ID,Idaho,TOTAL,All students,1,All students,999.0,0,328
27,1990,R2,1990&#185;,1,Grade 4,SD:SD,MAT,4,MRPCM,ID,Idaho,TOTAL,All students,1,All students,999.0,0,328
28,1990,R2,1990&#185;,1,Grade 4,MN:MN,MAT,4,MRPCM,IL,Illinois,TOTAL,All students,1,All students,999.0,0,328
29,1990,R2,1990&#185;,1,Grade 4,SD:SD,MAT,4,MRPCM,IL,Illinois,TOTAL,All students,1,All students,999.0,0,328
30,1990,R2,1990&#185;,1,Grade 4,MN:MN,MAT,4,MRPCM,IN,Indiana,TOTAL,All students,1,All students,999.0,0,328
31,1990,R2,1990&#185;,1,Grade 4,SD:SD,MAT,4,MRPCM,IN,Indiana,TOTAL,All students,1,All students,999.0,0,328
32,1990,R2,1990&#185;,1,Grade 4,MN:MN,MAT,4,MRPCM,KS,Kansas,TOTAL,All students,1,All students,999.0,0,328
33,1990,R2,1990&#185;,1,Grade 4,SD:SD,MAT,4,MRPCM,KS,Kansas,TOTAL,All students,1,All students,999.0,0,328
34,1990,R2,1990&#185;,1,Grade 4,MN:MN,MAT,4,MRPCM,KY,Kentucky,TOTAL,All students,1,All students,999.0,0,328
35,1990,R2,1990&#185;,1,Grade 4,SD:SD,MAT,4,MRPCM,KY,Kentucky,TOTAL,All students,1,All students,999.0,0,328
36,1990,R2,1990&#185;,1,Grade 4,MN:MN,MAT,4,MRPCM,LA,Louisiana,TOTAL,All students,1,All students,999.0,0,328
37,1990,R2,1990&#185;,1,Grade 4,SD:SD,MAT,4,MRPCM,LA,Louisiana,TOTAL,All students,1,All students,999.0,0,328
38,1990,R2,1990&#185;,1,Grade 4,MN:MN,MAT,4,MRPCM,MA,Massachusetts,TOTAL,All students,1,All students,999.0,0,328
39,1990,R2,1990&#185;,1,Grade 4,SD:SD,MAT,4,MRPCM,MA,Massachusetts,TOTAL,All students,1,All students,999.0,0,328
40,1990,R2,1990&#185;,1,Grade 4,MN:MN,MAT,4,MRPCM,MD,Maryland,TOTAL,All students,1,All students,999.0,0,328
41,1990,R2,1990&#185;,1,Grade 4,SD:SD,MAT,4,MRPCM,MD,Maryland,TOTAL,All students,1,All students,999.0,0,328
42,1990,R2,1990&#185;,1,Grade 4,MN:MN,MAT,4,MRPCM,ME,Maine,TOTAL,All students,1,All students,999.0,0,328
43,1990,R2,1990&#185;,1,Grade 4,SD:SD,MAT,4,MRPCM,ME,Maine,TOTAL,All students,1,All students,999.0,0,328
44,1990,R2,1990&#185;,1,Grade 4,MN:MN,MAT,4,MRPCM,MI,Michigan,TOTAL,All students,1,All students,999.0,0,328
45,1990,R2,1990&#185;,1,Grade 4,SD:SD,MAT,4,MRPCM,MI,Michigan,TOTAL,All students,1,All students,999.0,0,328
46,1990,R2,1990&#185;,1,Grade 4,MN:MN,MAT,4,MRPCM,MN,Minnesota,TOTAL,All students,1,All students,999.0,0,328
47,1990,R2,1990&#185;,1,Grade 4,SD:SD,MAT,4,MRPCM,MN,Minnesota,TOTAL,All students,1,All students,999.0,0,328
48,1990,R2,1990&#185;,1,Grade 4,MN:MN,MAT,4,MRPCM,MO,Missouri,TOTAL,All students,1,All students,999.0,0,328
49,1990,R2,1990&#185;,1,Grade 4,SD:SD,MAT,4,MRPCM,MO,Missouri,TOTAL,All students,1,All students,999.0,0,328
50,1990,R2,1990&#185;,1,Grade 4,MN:MN,MAT,4,MRPCM,MS,Mississippi,TOTAL,All students,1,All students,999.0,0,328
51,1990,R2,1990&#185;,1,Grade 4,SD:SD,MAT,4,MRPCM,MS,Mississippi,TOTAL,All students,1,All students,999.0,0,328
52,1990,R2,1990&#185;,1,Grade 4,MN:MN,MAT,4,MRPCM,MT,Montana,TOTAL,All students,1,All students,999.0,0,328
53,1990,R2,1990&#185;,1,Grade 4,SD:SD,MAT,4,MRPCM,MT,Montana,TOTAL,All students,1,All students,999.0,0,328
54,1990,R2,1990&#185;,1,Grade 4,MN:MN,MAT,4,MRPCM,NC,North Carolina,TOTAL,All students,1,All students,999.0,0,328
55,1990,R2,1990&#185;,1,Grade 4,SD:SD,MAT,4,MRPCM,NC,North Carolina,TOTAL,All students,1,All students,999.0,0,328
56,1990,R2,1990&#185;,1,Grade 4,MN:MN,MAT,4,MRPCM,ND,North Dakota,TOTAL,All students,1,All students,999.0,0,328
57,1990,R2,1990&#185;,1,Grade 4,SD:SD,MAT,4,MRPCM,ND,North Dakota,TOTAL,All students,1,All students,999.0,0,328
58,1990,R2,1990&#185;,1,Grade 4,MN:MN,MAT,4,MRPCM,NE,Nebraska,TOTAL,All students,1,All students,999.0,0,328
59,1990,R2,1990&#185;,1,Grade 4,SD:SD,MAT,4,MRPCM,NE,Nebraska,TOTAL,All students,1,All students,999.0,0,328
60,1990,R2,1990&#185;,1,Grade 4,MN:MN,MAT,4,MRPCM,NH,New Hampshire,TOTAL,All students,1,All students,999.0,0,328
61,1990,R2,1990&#185;,1,Grade 4,SD:SD,MAT,4,MRPCM,NH,New Hampshire,TOTAL,All students,1,All students,999.0,0,328
62,1990,R2,1990&#185;,1,Grade 4,MN:MN,MAT,4,MRPCM,NJ,New Jersey,TOTAL,All students,1,All students,999.0,0,328
63,1990,R2,1990&#185;,1,Grade 4,SD:SD,MAT,4,MRPCM,NJ,New Jersey,TOTAL,All students,1,All students,999.0,0,328
64,1990,R2,1990&#185;,1,Grade 4,MN:MN,MAT,4,MRPCM,NM,New Mexico,TOTAL,All students,1,All students,999.0,0,328
65,1990,R2,1990&#185;,1,Grade 4,SD:SD,MAT,4,MRPCM,NM,New Mexico,TOTAL,All students,1,All students,999.0,0,328
66,1990,R2,1990&#185;,1,Grade 4,MN:MN,MAT,4,MRPCM,NP,National public,TOTAL,All students,1,All students,211.607134997571,1,8
67,1990,R2,1990&#185;,1,Grade 4,SD:SD,MAT,4,MRPCM,NP,National public,TOTAL,All students,1,All students,31.7749231510893,1,8
68,1990,R2,1990&#185;,1,Grade 4,MN:MN,MAT,4,MRPCM,NR,National private,TOTAL,All students,1,All students,224.416049465874,1,8
69,1990,R2,1990&#185;,1,Grade 4,SD:SD,MAT,4,MRPCM,NR,National private,TOTAL,All students,1,All students,29.5050877529962,1,8
70,1990,R2,1990&#185;,1,Grade 4,MN:MN,MAT,4,MRPCM,NT,National,TOTAL,All students,1,All students,213.065106513695,1,8
71,1990,R2,1990&#185;,1,Grade 4,SD:SD,MAT,4,MRPCM,NT,National,TOTAL,All students,1,All students,31.7865104541522,1,8
72,1990,R2,1990&#185;,1,Grade 4,MN:MN,MAT,4,MRPCM,NV,Nevada,TOTAL,All students,1,All students,999.0,0,328
73,1990,R2,1990&#185;,1,Grade 4,SD:SD,MAT,4,MRPCM,NV,Nevada,TOTAL,All students,1,All students,999.0,0,328
74,1990,R2,1990&#185;,1,Grade 4,MN:MN,MAT,4,MRPCM,NY,New York,TOTAL,All students,1,All students,999.0,0,328
75,1990,R2,1990&#185;,1,Grade 4,SD:SD,MAT,4,MRPCM,NY,New York,TOTAL,All students,1,All students,999.0,0,328
76,1990,R2,1990&#185;,1,Grade 4,MN:MN,MAT,4,MRPCM,OH,Ohio,TOTAL,All students,1,All students,999.0,0,328
77,1990,R2,1990&#185;,1,Grade 4,SD:SD,MAT,4,MRPCM,OH,Ohio,TOTAL,All students,1,All students,999.0,0,328
78,1990,R2,1990&#185;,1,Grade 4,MN:MN,MAT,4,MRPCM,OK,Oklahoma,TOTAL,All students,1,All students,999.0,0,328
79,1990,R2,1990&#185;,1,Grade 4,SD:SD,MAT,4,MRPCM,OK,Oklahoma,TOTAL,All students,1,All students,999.0,0,328
80,1990,R2,1990&#185;,1,Grade 4,MN:MN,MAT,4,MRPCM,OR,Oregon,TOTAL,All students,1,All students,999.0,0,328
81,1990,R2,1990&#185;,1,Grade 4,SD:SD,MAT,4,MRPCM,OR,Oregon,TOTAL,All students,1,All students,999.0,0,328
82,1990,R2,1990&#185;,1,Grade 4,MN:MN,MAT,4,MRPCM,PA,Pennsylvania,TOTAL,All students,1,All students,999.0,0,328
83,1990,R2,1990&#185;,1,Grade 4,SD:SD,MAT,4,MRPCM,PA,Pennsylvania,TOTAL,All students,1,All students,999.0,0,328
84,1990,R2,1990&#185;,1,Grade 4,MN:MN,MAT,4,MRPCM,RI,Rhode Island,TOTAL,All students,1,All students,999.0,0,328
85,1990,R2,1990&#185;,1,Grade 4,SD:SD,MAT,4,MRPCM,RI,Rhode Island,TOTAL,All students,1,All students,999.0,0,328
86,1990,R2,1990&#185;,1,Grade 4,MN:MN,MAT,4,MRPCM,SC,South Carolina,TOTAL,All students,1,All students,999.0,0,328
87,1990,R2,1990&#185;,1,Grade 4,SD:SD,MAT,4,MRPCM,SC,South Carolina,TOTAL,All students,1,All students,999.0,0,328
88,1990,R2,1990&#185;,1,Grade 4,MN:MN,MAT,4,MRPCM,SD,South Dakota,TOTAL,All students,1,All students,999.0,0,328
89,1990,R2,1990&#185;,1,Grade 4,SD:SD,MAT,4,MRPCM,SD,South Dakota,TOTAL,All students,1,All students,999.0,0,328
90,1990,R2,1990&#185;,1,Grade 4,MN:MN,MAT,4,MRPCM,TN,Tennessee,TOTAL,All students,1,All students,999.0,0,328
91,1990,R2,1990&#185;,1,Grade 4,SD:SD,MAT,4,MRPCM,TN,Tennessee,TOTAL,All students,1,All students,999.0,0,328
92,1990,R2,1990&#185;,1,Grade 4,MN:MN,MAT,4,MRPCM,TX,Texas,TOTAL,All students,1,All students,999.0,0,328
93,1990,R2,1990&#185;,1,Grade 4,SD:SD,MAT,4,MRPCM,TX,Texas,TOTAL,All students,1,All students,999.0,0,328
94,1990,R2,1990&#185;,1,Grade 4,MN:MN,MAT,4,MRPCM,UT,Utah,TOTAL,All students,1,All students,999.0,0,328
95,1990,R2,1990&#185;,1,Grade 4,SD:SD,MAT,4,MRPCM,UT,Utah,TOTAL,All students,1,All students,999.0,0,328
96,1990,R2,1990&#185;,1,Grade 4,MN:MN,MAT,4,MRPCM,VA,Virginia,TOTAL,All students,1,All students,999.0,0,328
97,1990,R2,1990&#185;,1,Grade 4,SD:SD,MAT,4,MRPCM,VA,Virginia,TOTAL,All students,1,All students,999.0,0,328
98,1990,R2,1990&#185;,1,Grade 4,MN:MN,MAT,4,MRPCM,VT,Vermont,TOTAL,All students,1,All students,999.0,0,328
99,1990,R2,1990&#185;,1,Grade 4,SD:SD,MAT,4,MRPCM,VT,Vermont,TOTAL,All students,1,All students,999.0,0,328
100,1990,R2,1990&#185;,1,Grade 4,MN:MN,MAT,4,MRPCM,WA,Washington,TOTAL,All students,1,All students,999.0,0,328
101,1990,R2,1990&#185;,1,Grade 4,SD:SD,MAT,4,MRPCM,WA,Washington,TOTAL,All students,1,All students,999.0,0,328
102,1990,R2,1990&#185;,1,Grade 4,MN:MN,MAT,4,MRPCM,WI,Wisconsin,TOTAL,All students,1,All students,999.0,0,328
103,1990,R2,1990&#185;,1,Grade 4,SD:SD,MAT,4,MRPCM,WI,Wisconsin,TOTAL,All students,1,All students,999.0,0,328
104,1990,R2,1990&#185;,1,Grade 4,MN:MN,MAT,4,MRPCM,WV,West Virginia,TOTAL,All students,1,All students,999.0,0,328
105,1990,R2,1990&#185;,1,Grade 4,SD:SD,MAT,4,MRPCM,WV,West Virginia,TOTAL,All students,1,All students,999.0,0,328
106,1990,R2,1990&#185;,1,Grade 4,MN:MN,MAT,4,MRPCM,WY,Wyoming,TOTAL,All students,1,All students,999.0,0,328
107,1990,R2,1990&#185;,1,Grade 4,SD:SD,MAT,4,MRPCM,WY,Wyoming,TOTAL,All students,1,All students,999.0,0,328
108,1992,R2,1992&#185;,1,Grade 4,MN:MN,MAT,4,MRPCM,AK,Alaska,TOTAL,All students,1,All students,999.0,0,328
109,1992,R2,1992&#185;,1,Grade 4,SD:SD,MAT,4,MRPCM,AK,Alaska,TOTAL,All students,1,All students,999.0,0,328
110,1992,R2,1992&#185;,1,Grade 4,MN:MN,MAT,4,MRPCM,AL,Alabama,TOTAL,All students,1,All students,208.327875923738,1,8
111,1992,R2,1992&#185;,1,Grade 4,SD:SD,MAT,4,MRPCM,AL,Alabama,TOTAL,All students,1,All students,31.2908860972319,1,8
112,1992,R2,1992&#185;,1,Grade 4,MN:MN,MAT,4,MRPCM,AR,Arkansas,TOTAL,All students,1,All students,210.20602809793,1,8
113,1992,R2,1992&#185;,1,Grade 4,SD:SD,MAT,4,MRPCM,AR,Arkansas,TOTAL,All students,1,All students,30.1237675203511,1,8
114,1992,R2,1992&#185;,1,Grade 4,MN:MN,MAT,4,MRPCM,AZ,Arizona,TOTAL,All students,1,All students,215.2539320246,1,8
115,1992,R2,1992&#185;,1,Grade 4,SD:SD,MAT,4,MRPCM,AZ,Arizona,TOTAL,All students,1,All students,30.3376383260157,1,8
116,1992,R2,1992&#185;,1,Grade 4,MN:MN,MAT,4,MRPCM,CA,California,TOTAL,All students,1,All students,208.398960917183,1,8
117,1992,R2,1992&#185;,1,Grade 4,SD:SD,MAT,4,MRPCM,CA,California,TOTAL,All students,1,All students,35.9756322323479,1,8
118,1992,R2,1992&#185;,1,Grade 4,MN:MN,MAT,4,MRPCM,CO,Colorado,TOTAL,All students,1,All students,221.023429078871,1,8
119,1992,R2,1992&#185;,1,Grade 4,SD:SD,MAT,4,MRPCM,CO,Colorado,TOTAL,All students,1,All students,30.2657398211134,1,8
120,1992,R2,1992&#185;,1,Grade 4,MN:MN,MAT,4,MRPCM,CT,Connecticut,TOTAL,All students,1,All students,226.798480037624,1,8
121,1992,R2,1992&#185;,1,Grade 4,SD:SD,MAT,4,MRPCM,CT,Connecticut,TOTAL,All students,1,All students,30.9680206065236,1,8
122,1992,R2,1992&#185;,1,Grade 4,MN:MN,MAT,4,MRPCM,DC,District of Columbia,TOTAL,All students,1,All students,192.600553142028,1,8
123,1992,R2,1992&#185;,1,Grade 4,SD:SD,MAT,4,MRPCM,DC,District of Columbia,TOTAL,All students,1,All students,32.5684124200751,1,8
124,1992,R2,1992&#185;,1,Grade 4,MN:MN,MAT,4,MRPCM,DE,Delaware,TOTAL,All students,1,All students,217.899972448292,1,8
125,1992,R2,1992&#185;,1,Grade 4,SD:SD,MAT,4,MRPCM,DE,Delaware,TOTAL,All students,1,All students,31.3813993981954,1,8
126,1992,R2,1992&#185;,1,Grade 4,MN:MN,MAT,4,MRPCM,FL,Florida,TOTAL,All students,1,All students,213.689751163468,1,8
127,1992,R2,1992&#185;,1,Grade 4,SD:SD,MAT,4,MRPCM,FL,Florida,TOTAL,All students,1,All students,31.817835337815,1,8
128,1992,R2,1992&#185;,1,Grade 4,MN:MN,MAT,4,MRPCM,GA,Georgia,TOTAL,All students,1,All students,215.594906163657,1,8
129,1992,R2,1992&#185;,1,Grade 4,SD:SD,MAT,4,MRPCM,GA,Georgia,TOTAL,All students,1,All students,31.8862732059938,1,8
130,1992,R2,1992&#185;,1,Grade 4,MN:MN,MAT,4,MRPCM,HI,Hawaii,TOTAL,All students,1,All students,214.056666073088,1,8
131,1992,R2,1992&#185;,1,Grade 4,SD:SD,MAT,4,MRPCM,HI,Hawaii,TOTAL,All students,1,All students,33.1971629705939,1,8
132,1992,R2,1992&#185;,1,Grade 4,MN:MN,MAT,4,MRPCM,IA,Iowa,TOTAL,All students,1,All students,229.88407790241,1,8
133,1992,R2,1992&#185;,1,Grade 4,SD:SD,MAT,4,MRPCM,IA,Iowa,TOTAL,All students,1,All students,28.613866048575,1,8
134,1992,R2,1992&#185;,1,Grade 4,MN:MN,MAT,4,MRPCM,ID,Idaho,TOTAL,All students,1,All students,221.56253448883,1,8
135,1992,R2,1992&#185;,1,Grade 4,SD:SD,MAT,4,MRPCM,ID,Idaho,TOTAL,All students,1,All students,27.2468133402497,1,8
136,1992,R2,1992&#185;,1,Grade 4,MN:MN,MAT,4,MRPCM,IL,Illinois,TOTAL,All students,1,All students,999.0,0,328
137,1992,R2,1992&#185;,1,Grade 4,SD:SD,MAT,4,MRPCM,IL,Illinois,TOTAL,All students,1,All students,999.0,0,328
138,1992,R2,1992&#185;,1,Grade 4,MN:MN,MAT,4,MRPCM,IN,Indiana,TOTAL,All students,1,All students,221.037742474195,1,8
139,1992,R2,1992&#185;,1,Grade 4,SD:SD,MAT,4,MRPCM,IN,Indiana,TOTAL,All students,1,All students,27.4332994751633,1,8
140,1992,R2,1992&#185;,1,Grade 4,MN:MN,MAT,4,MRPCM,KS,Kansas,TOTAL,All students,1,All students,999.0,0,328
141,1992,R2,1992&#185;,1,Grade 4,SD:SD,MAT,4,MRPCM,KS,Kansas,TOTAL,All students,1,All students,999.0,0,328
142,1992,R2,1992&#185;,1,Grade 4,MN:MN,MAT,4,MRPCM,KY,Kentucky,TOTAL,All students,1,All students,215.048157721324,1,8
143,1992,R2,1992&#185;,1,Grade 4,SD:SD,MAT,4,MRPCM,KY,Kentucky,TOTAL,All students,1,All students,28.9072384470114,1,8
144,1992,R2,1992&#185;,1,Grade 4,MN:MN,MAT,4,MRPCM,LA,Louisiana,TOTAL,All students,1,All students,204.140211329176,1,8
145,1992,R2,1992&#185;,1,Grade 4,SD:SD,MAT,4,MRPCM,LA,Louisiana,TOTAL,All students,1,All students,31.8362730409825,1,8
146,1992,R2,1992&#185;,1,Grade 4,MN:MN,MAT,4,MRPCM,MA,Massachusetts,TOTAL,All students,1,All students,226.597917776042,1,8
147,1992,R2,1992&#185;,1,Grade 4,SD:SD,MAT,4,MRPCM,MA,Massachusetts,TOTAL,All students,1,All students,30.1682961390058,1,8
148,1992,R2,1992&#185;,1,Grade 4,MN:MN,MAT,4,MRPCM,MD,Maryland,TOTAL,All students,1,All students,217.317707935899,1,8
149,1992,R2,1992&#185;,1,Grade 4,SD:SD,MAT,4,MRPCM,MD,Maryland,TOTAL,All students,1,All students,34.3357797374728,1,8
150,1992,R2,1992&#185;,1,Grade 4,MN:MN,MAT,4,MRPCM,ME,Maine,TOTAL,All students,1,All students,231.638839938625,1,8
151,1992,R2,1992&#185;,1,Grade 4,SD:SD,MAT,4,MRPCM,ME,Maine,TOTAL,All students,1,All students,27.3695950063561,1,8
152,1992,R2,1992&#185;,1,Grade 4,MN:MN,MAT,4,MRPCM,MI,Michigan,TOTAL,All students,1,All students,219.878352304218,1,8
153,1992,R2,1992&#185;,1,Grade 4,SD:SD,MAT,4,MRPCM,MI,Michigan,TOTAL,All students,1,All students,31.9008198644298,1,8
154,1992,R2,1992&#185;,1,Grade 4,MN:MN,MAT,4,MRPCM,MN,Minnesota,TOTAL,All students,1,All students,228.493596281064,1,8
155,1992,R2,1992&#185;,1,Grade 4,SD:SD,MAT,4,MRPCM,MN,Minnesota,TOTAL,All students,1,All students,29.9509664282188,1,8
156,1992,R2,1992&#185;,1,Grade 4,MN:MN,MAT,4,MRPCM,MO,Missouri,TOTAL,All students,1,All students,222.215599760081,1,8
157,1992,R2,1992&#185;,1,Grade 4,SD:SD,MAT,4,MRPCM,MO,Missouri,TOTAL,All students,1,All students,29.2767956441903,1,8
158,1992,R2,1992&#185;,1,Grade 4,MN:MN,MAT,4,MRPCM,MS,Mississippi,TOTAL,All students,1,All students,201.828261189784,1,8
159,1992,R2,1992&#185;,1,Grade 4,SD:SD,MAT,4,MRPCM,MS,Mississippi,TOTAL,All students,1,All students,31.0944634963739,1,8
160,1992,R2,1992&#185;,1,Grade 4,MN:MN,MAT,4,MRPCM,MT,Montana,TOTAL,All students,1,All students,999.0,0,328
161,1992,R2,1992&#185;,1,Grade 4,SD:SD,MAT,4,MRPCM,MT,Montana,TOTAL,All students,1,All students,999.0,0,328
162,1992,R2,1992&#185;,1,Grade 4,MN:MN,MAT,4,MRPCM,NC,North Carolina,TOTAL,All students,1,All students,212.884489891009,1,8
163,1992,R2,1992&#185;,1,Grade 4,SD:SD,MAT,4,MRPCM,NC,North Carolina,TOTAL,All students,1,All students,32.1708250864925,1,8
164,1992,R2,1992&#185;,1,Grade 4,MN:MN,MAT,4,MRPCM,ND,North Dakota,TOTAL,All students,1,All students,228.662815340539,1,8
165,1992,R2,1992&#185;,1,Grade 4,SD:SD,MAT,4,MRPCM,ND,North Dakota,TOTAL,All students,1,All students,25.8894840174806,1,8
166,1992,R2,1992&#185;,1,Grade 4,MN:MN,MAT,4,MRPCM,NE,Nebraska,TOTAL,All students,1,All students,225.332647533132,1,8
167,1992,R2,1992&#185;,1,Grade 4,SD:SD,MAT,4,MRPCM,NE,Nebraska,TOTAL,All students,1,All students,29.7269837601473,1,8
168,1992,R2,1992&#185;,1,Grade 4,MN:MN,MAT,4,MRPCM,NH,New Hampshire,TOTAL,All students,1,All students,229.664563843433,1,8
169,1992,R2,1992&#185;,1,Grade 4,SD:SD,MAT,4,MRPCM,NH,New Hampshire,TOTAL,All students,1,All students,27.5842987532697,1,8
170,1992,R2,1992&#185;,1,Grade 4,MN:MN,MAT,4,MRPCM,NJ,New Jersey,TOTAL,All students,1,All students,227.148047044089,1,8
171,1992,R2,1992&#185;,1,Grade 4,SD:SD,MAT,4,MRPCM,NJ,New Jersey,TOTAL,All students,1,All students,30.3331323393831,1,8
172,1992,R2,1992&#185;,1,Grade 4,MN:MN,MAT,4,MRPCM,NM,New Mexico,TOTAL,All students,1,All students,213.299089872535,1,8
173,1992,R2,1992&#185;,1,Grade 4,SD:SD,MAT,4,MRPCM,NM,New Mexico,TOTAL,All students,1,All students,29.2835186280383,1,8
174,1992,R2,1992&#185;,1,Grade 4,MN:MN,MAT,4,MRPCM,NP,National public,TOTAL,All students,1,All students,218.584407651333,1,8
175,1992,R2,1992&#185;,1,Grade 4,SD:SD,MAT,4,MRPCM,NP,National public,TOTAL,All students,1,All students,32.0908580455856,1,8
176,1992,R2,1992&#185;,1,Grade 4,MN:MN,MAT,4,MRPCM,NR,National private,TOTAL,All students,1,All students,228.200111539815,1,8
177,1992,R2,1992&#185;,1,Grade 4,SD:SD,MAT,4,MRPCM,NR,National private,TOTAL,All students,1,All students,27.3157269696993,1,8
178,1992,R2,1992&#185;,1,Grade 4,MN:MN,MAT,4,MRPCM,NT,National,TOTAL,All students,1,All students,219.711297946388,1,8
179,1992,R2,1992&#185;,1,Grade 4,SD:SD,MAT,4,MRPCM,NT,National,TOTAL,All students,1,All students,31.7024535564169,1,8
180,1992,R2,1992&#185;,1,Grade 4,MN:MN,MAT,4,MRPCM,NV,Nevada,TOTAL,All students,1,All students,999.0,0,328
181,1992,R2,1992&#185;,1,Grade 4,SD:SD,MAT,4,MRPCM,NV,Nevada,TOTAL,All students,1,All students,999.0,0,328
182,1992,R2,1992&#185;,1,Grade 4,MN:MN,MAT,4,MRPCM,NY,New York,TOTAL,All students,1,All students,218.445535292573,1,8
183,1992,R2,1992&#185;,1,Grade 4,SD:SD,MAT,4,MRPCM,NY,New York,TOTAL,All students,1,All students,32.0102228623653,1,8
184,1992,R2,1992&#185;,1,Grade 4,MN:MN,MAT,4,MRPCM,OH,Ohio,TOTAL,All students,1,All students,218.711934884257,1,8
185,1992,R2,1992&#185;,1,Grade 4,SD:SD,MAT,4,MRPCM,OH,Ohio,TOTAL,All students,1,All students,30.4555250215343,1,8
186,1992,R2,1992&#185;,1,Grade 4,MN:MN,MAT,4,MRPCM,OK,Oklahoma,TOTAL,All students,1,All students,220.31980591536,1,8
187,1992,R2,1992&#185;,1,Grade 4,SD:SD,MAT,4,MRPCM,OK,Oklahoma,TOTAL,All students,1,All students,26.4566430408277,1,8
188,1992,R2,1992&#185;,1,Grade 4,MN:MN,MAT,4,MRPCM,OR,Oregon,TOTAL,All students,1,All students,999.0,0,328
189,1992,R2,1992&#185;,1,Grade 4,SD:SD,MAT,4,MRPCM,OR,Oregon,TOTAL,All students,1,All students,999.0,0,328
190,1992,R2,1992&#185;,1,Grade 4,MN:MN,MAT,4,MRPCM,PA,Pennsylvania,TOTAL,All students,1,All students,224.305731577843,1,8
191,1992,R2,1992&#185;,1,Grade 4,SD:SD,MAT,4,MRPCM,PA,Pennsylvania,TOTAL,All students,1,All students,30.3741057599166,1,8
192,1992,R2,1992&#185;,1,Grade 4,MN:MN,MAT,4,MRPCM,RI,Rhode Island,TOTAL,All students,1,All students,215.449248153985,1,8
193,1992,R2,1992&#185;,1,Grade 4,SD:SD,MAT,4,MRPCM,RI,Rhode Island,TOTAL,All students,1,All students,31.0477510502766,1,8
194,1992,R2,1992&#185;,1,Grade 4,MN:MN,MAT,4,MRPCM,SC,South Carolina,TOTAL,All students,1,All students,212.49671380608,1,8
195,1992,R2,1992&#185;,1,Grade 4,SD:SD,MAT,4,MRPCM,SC,South Carolina,TOTAL,All students,1,All students,30.9644031635522,1,8
196,1992,R2,1992&#185;,1,Grade 4,MN:MN,MAT,4,MRPCM,SD,South Dakota,TOTAL,All students,1,All students,999.0,0,328
197,1992,R2,1992&#185;,1,Grade 4,SD:SD,MAT,4,MRPCM,SD,South Dakota,TOTAL,All students,1,All students,999.0,0,328
198,1992,R2,1992&#185;,1,Grade 4,MN:MN,MAT,4,MRPCM,TN,Tennessee,TOTAL,All students,1,All students,210.948227412449,1,8
199,1992,R2,1992&#185;,1,Grade 4,SD:SD,MAT,4,MRPCM,TN,Tennessee,TOTAL,All students,1,All students,29.9286002750586,1,8
200,1992,R2,1992&#185;,1,Grade 4,MN:MN,MAT,4,MRPCM,TX,Texas,TOTAL,All students,1,All students,217.918744453105,1,8
201,1992,R2,1992&#185;,1,Grade 4,SD:SD,MAT,4,MRPCM,TX,Texas,TOTAL,All students,1,All students,30.3387319885888,1,8
202,1992,R2,1992&#185;,1,Grade 4,MN:MN,MAT,4,MRPCM,UT,Utah,TOTAL,All students,1,All students,224.042247672311,1,8
203,1992,R2,1992&#185;,1,Grade 4,SD:SD,MAT,4,MRPCM,UT,Utah,TOTAL,All students,1,All students,28.3193906991524,1,8
204,1992,R2,1992&#185;,1,Grade 4,MN:MN,MAT,4,MRPCM,VA,Virginia,TOTAL,All students,1,All students,220.762964215734,1,8
205,1992,R2,1992&#185;,1,Grade 4,SD:SD,MAT,4,MRPCM,VA,Virginia,TOTAL,All students,1,All students,31.692430880421,1,8
206,1992,R2,1992&#185;,1,Grade 4,MN:MN,MAT,4,MRPCM,VT,Vermont,TOTAL,All students,1,All students,999.0,0,328
207,1992,R2,1992&#185;,1,Grade 4,SD:SD,MAT,4,MRPCM,VT,Vermont,TOTAL,All students,1,All students,999.0,0,328
208,1992,R2,1992&#185;,1,Grade 4,MN:MN,MAT,4,MRPCM,WA,Washington,TOTAL,All students,1,All students,999.0,0,328
209,1992,R2,1992&#185;,1,Grade 4,SD:SD,MAT,4,MRPCM,WA,Washington,TOTAL,All students,1,All students,999.0,0,328
210,1992,R2,1992&#185;,1,Grade 4,MN:MN,MAT,4,MRPCM,WI,Wisconsin,TOTAL,All students,1,All students,228.692001118186,1,8
211,1992,R2,1992&#185;,1,Grade 4,SD:SD,MAT,4,MRPCM,WI,Wisconsin,TOTAL,All students,1,All students,28.542371409041,1,8
212,1992,R2,1992&#185;,1,Grade 4,MN:MN,MAT,4,MRPCM,WV,West Virginia,TOTAL,All students,1,All students,215.268928423619,1,8
213,1992,R2,1992&#185;,1,Grade 4,SD:SD,MAT,4,MRPCM,WV,West Virginia,TOTAL,All students,1,All students,29.2980602249231,1,8
214,1992,R2,1992&#185;,1,Grade 4,MN:MN,MAT,4,MRPCM,WY,Wyoming,TOTAL,All students,1,All students,225.377591635114,1,8
215,1992,R2,1992&#185;,1,Grade 4,SD:SD,MAT,4,MRPCM,WY,Wyoming,TOTAL,All students,1,All students,26.2450555591851,1,8
216,1996,R2,1996&#185;,1,Grade 4,MN:MN,MAT,4,MRPCM,AK,Alaska,TOTAL,All students,1,All students,223.833454560976,1,8
217,1996,R2,1996&#185;,1,Grade 4,SD:SD,MAT,4,MRPCM,AK,Alaska,TOTAL,All students,1,All students,30.2597155165592,1,8
218,1996,R2,1996&#185;,1,Grade 4,MN:MN,MAT,4,MRPCM,AL,Alabama,TOTAL,All students,1,All students,211.646973546124,1,8
219,1996,R2,1996&#185;,1,Grade 4,SD:SD,MAT,4,MRPCM,AL,Alabama,TOTAL,All students,1,All students,30.2682255820688,1,8
220,1996,R2,1996&#185;,1,Grade 4,MN:MN,MAT,4,MRPCM,AR,Arkansas,TOTAL,All students,1,All students,215.846435996042,1,8
221,1996,R2,1996&#185;,1,Grade 4,SD:SD,MAT,4,MRPCM,AR,Arkansas,TOTAL,All students,1,All students,29.7094690719014,1,8
222,1996,R2,1996&#185;,1,Grade 4,MN:MN,MAT,4,MRPCM,AZ,Arizona,TOTAL,All students,1,All students,217.575940481046,1,8
223,1996,R2,1996&#185;,1,Grade 4,SD:SD,MAT,4,MRPCM,AZ,Arizona,TOTAL,All students,1,All students,31.3297652001088,1,8
224,1996,R2,1996&#185;,1,Grade 4,MN:MN,MAT,4,MRPCM,CA,California,TOTAL,All students,1,All students,209.129082678747,1,8
225,1996,R2,1996&#185;,1,Grade 4,SD:SD,MAT,4,MRPCM,CA,California,TOTAL,All students,1,All students,32.5386884470104,1,8
226,1996,R2,1996&#185;,1,Grade 4,MN:MN,MAT,4,MRPCM,CO,Colorado,TOTAL,All students,1,All students,225.805857540771,1,8
227,1996,R2,1996&#185;,1,Grade 4,SD:SD,MAT,4,MRPCM,CO,Colorado,TOTAL,All students,1,All students,29.5033136793855,1,8
228,1996,R2,1996&#185;,1,Grade 4,MN:MN,MAT,4,MRPCM,CT,Connecticut,TOTAL,All students,1,All students,232.02657385064,1,8
229,1996,R2,1996&#185;,1,Grade 4,SD:SD,MAT,4,MRPCM,CT,Connecticut,TOTAL,All students,1,All students,29.9480630548195,1,8
230,1996,R2,1996&#185;,1,Grade 4,MN:MN,MAT,4,MRPCM,DC,District of Columbia,TOTAL,All students,1,All students,187.134669958413,1,8
231,1996,R2,1996&#185;,1,Grade 4,SD:SD,MAT,4,MRPCM,DC,District of Columbia,TOTAL,All students,1,All students,35.2521527468662,1,8
232,1996,R2,1996&#185;,1,Grade 4,MN:MN,MAT,4,MRPCM,DE,Delaware,TOTAL,All students,1,All students,215.025101739945,1,8
233,1996,R2,1996&#185;,1,Grade 4,SD:SD,MAT,4,MRPCM,DE,Delaware,TOTAL,All students,1,All students,33.9147256933415,1,8
234,1996,R2,1996&#185;,1,Grade 4,MN:MN,MAT,4,MRPCM,FL,Florida,TOTAL,All students,1,All students,215.763582637868,1,8
235,1996,R2,1996&#185;,1,Grade 4,SD:SD,MAT,4,MRPCM,FL,Florida,TOTAL,All students,1,All students,31.8989611114071,1,8
236,1996,R2,1996&#185;,1,Grade 4,MN:MN,MAT,4,MRPCM,GA,Georgia,TOTAL,All students,1,All students,215.455861748735,1,8
237,1996,R2,1996&#185;,1,Grade 4,SD:SD,MAT,4,MRPCM,GA,Georgia,TOTAL,All students,1,All students,30.2366237685426,1,8
238,1996,R2,1996&#185;,1,Grade 4,MN:MN,MAT,4,MRPCM,HI,Hawaii,TOTAL,All students,1,All students,214.96556158973,1,8
239,1996,R2,1996&#185;,1,Grade 4,SD:SD,MAT,4,MRPCM,HI,Hawaii,TOTAL,All students,1,All students,33.9997650433672,1,8
240,1996,R2,1996&#185;,1,Grade 4,MN:MN,MAT,4,MRPCM,IA,Iowa,TOTAL,All students,1,All students,229.126198396135,1,8
241,1996,R2,1996&#185;,1,Grade 4,SD:SD,MAT,4,MRPCM,IA,Iowa,TOTAL,All students,1,All students,25.9819752285655,1,8
242,1996,R2,1996&#185;,1,Grade 4,MN:MN,MAT,4,MRPCM,ID,Idaho,TOTAL,All students,1,All students,999.0,0,328
243,1996,R2,1996&#185;,1,Grade 4,SD:SD,MAT,4,MRPCM,ID,Idaho,TOTAL,All students,1,All students,999.0,0,328
244,1996,R2,1996&#185;,1,Grade 4,MN:MN,MAT,4,MRPCM,IL,Illinois,TOTAL,All students,1,All students,999.0,0,328
245,1996,R2,1996&#185;,1,Grade 4,SD:SD,MAT,4,MRPCM,IL,Illinois,TOTAL,All students,1,All students,999.0,0,328
246,1996,R2,1996&#185;,1,Grade 4,MN:MN,MAT,4,MRPCM,IN,Indiana,TOTAL,All students,1,All students,229.39444358509,1,8
247,1996,R2,1996&#185;,1,Grade 4,SD:SD,MAT,4,MRPCM,IN,Indiana,TOTAL,All students,1,All students,26.9856843911191,1,8
248,1996,R2,1996&#185;,1,Grade 4,MN:MN,MAT,4,MRPCM,KS,Kansas,TOTAL,All students,1,All students,999.0,0,328
249,1996,R2,1996&#185;,1,Grade 4,SD:SD,MAT,4,MRPCM,KS,Kansas,TOTAL,All students,1,All students,999.0,0,328
250,1996,R2,1996&#185;,1,Grade 4,MN:MN,MAT,4,MRPCM,KY,Kentucky,TOTAL,All students,1,All students,219.988194977368,1,8
251,1996,R2,1996&#185;,1,Grade 4,SD:SD,MAT,4,MRPCM,KY,Kentucky,TOTAL,All students,1,All students,29.4279520597292,1,8
252,1996,R2,1996&#185;,1,Grade 4,MN:MN,MAT,4,MRPCM,LA,Louisiana,TOTAL,All students,1,All students,209.020670031591,1,8
253,1996,R2,1996&#185;,1,Grade 4,SD:SD,MAT,4,MRPCM,LA,Louisiana,TOTAL,All students,1,All students,28.4745883816239,1,8
254,1996,R2,1996&#185;,1,Grade 4,MN:MN,MAT,4,MRPCM,MA,Massachusetts,TOTAL,All students,1,All students,228.96640259421,1,8
255,1996,R2,1996&#185;,1,Grade 4,SD:SD,MAT,4,MRPCM,MA,Massachusetts,TOTAL,All students,1,All students,27.4550079710079,1,8
256,1996,R2,1996&#185;,1,Grade 4,MN:MN,MAT,4,MRPCM,MD,Maryland,TOTAL,All students,1,All students,220.694960669238,1,8
257,1996,R2,1996&#185;,1,Grade 4,SD:SD,MAT,4,MRPCM,MD,Maryland,TOTAL,All students,1,All students,34.4417905891145,1,8
258,1996,R2,1996&#185;,1,Grade 4,MN:MN,MAT,4,MRPCM,ME,Maine,TOTAL,All students,1,All students,232.20704454562,1,8
259,1996,R2,1996&#185;,1,Grade 4,SD:SD,MAT,4,MRPCM,ME,Maine,TOTAL,All students,1,All students,27.3869003788325,1,8
260,1996,R2,1996&#185;,1,Grade 4,MN:MN,MAT,4,MRPCM,MI,Michigan,TOTAL,All students,1,All students,226.258056387908,1,8
261,1996,R2,1996&#185;,1,Grade 4,SD:SD,MAT,4,MRPCM,MI,Michigan,TOTAL,All students,1,All students,30.1167531929436,1,8
262,1996,R2,1996&#185;,1,Grade 4,MN:MN,MAT,4,MRPCM,MN,Minnesota,TOTAL,All students,1,All students,232.193088399935,1,8
263,1996,R2,1996&#185;,1,Grade 4,SD:SD,MAT,4,MRPCM,MN,Minnesota,TOTAL,All students,1,All students,29.4564223646591,1,8
264,1996,R2,1996&#185;,1,Grade 4,MN:MN,MAT,4,MRPCM,MO,Missouri,TOTAL,All students,1,All students,224.734461780233,1,8
265,1996,R2,1996&#185;,1,Grade 4,SD:SD,MAT,4,MRPCM,MO,Missouri,TOTAL,All students,1,All students,27.9820200548239,1,8
266,1996,R2,1996&#185;,1,Grade 4,MN:MN,MAT,4,MRPCM,MS,Mississippi,TOTAL,All students,1,All students,208.434118577159,1,8
267,1996,R2,1996&#185;,1,Grade 4,SD:SD,MAT,4,MRPCM,MS,Mississippi,TOTAL,All students,1,All students,28.510397712085,1,8
268,1996,R2,1996&#185;,1,Grade 4,MN:MN,MAT,4,MRPCM,MT,Montana,TOTAL,All students,1,All students,227.51623614729,1,8
269,1996,R2,1996&#185;,1,Grade 4,SD:SD,MAT,4,MRPCM,MT,Montana,TOTAL,All students,1,All students,27.2829711714658,1,8
270,1996,R2,1996&#185;,1,Grade 4,MN:MN,MAT,4,MRPCM,NC,North Carolina,TOTAL,All students,1,All students,224.325124938225,1,8
271,1996,R2,1996&#185;,1,Grade 4,SD:SD,MAT,4,MRPCM,NC,North Carolina,TOTAL,All students,1,All students,30.5228210425438,1,8
272,1996,R2,1996&#185;,1,Grade 4,MN:MN,MAT,4,MRPCM,ND,North Dakota,TOTAL,All students,1,All students,230.904183161864,1,8
273,1996,R2,1996&#185;,1,Grade 4,SD:SD,MAT,4,MRPCM,ND,North Dakota,TOTAL,All students,1,All students,26.0444937314225,1,8
274,1996,R2,1996&#185;,1,Grade 4,MN:MN,MAT,4,MRPCM,NE,Nebraska,TOTAL,All students,1,All students,227.543992729424,1,8
275,1996,R2,1996&#185;,1,Grade 4,SD:SD,MAT,4,MRPCM,NE,Nebraska,TOTAL,All students,1,All students,29.9731006495339,1,8
276,1996,R2,1996&#185;,1,Grade 4,MN:MN,MAT,4,MRPCM,NH,New Hampshire,TOTAL,All students,1,All students,999.0,0,328
277,1996,R2,1996&#185;,1,Grade 4,SD:SD,MAT,4,MRPCM,NH,New Hampshire,TOTAL,All students,1,All students,999.0,0,328
278,1996,R2,1996&#185;,1,Grade 4,MN:MN,MAT,4,MRPCM,NJ,New Jersey,TOTAL,All students,1,All students,227.24016718489,1,8
279,1996,R2,1996&#185;,1,Grade 4,SD:SD,MAT,4,MRPCM,NJ,New Jersey,TOTAL,All students,1,All students,30.6311394211798,1,8
280,1996,R2,1996&#185;,1,Grade 4,MN:MN,MAT,4,MRPCM,NM,New Mexico,TOTAL,All students,1,All students,213.844024972342,1,8
281,1996,R2,1996&#185;,1,Grade 4,SD:SD,MAT,4,MRPCM,NM,New Mexico,TOTAL,All students,1,All students,30.6713136919594,1,8
282,1996,R2,1996&#185;,1,Grade 4,MN:MN,MAT,4,MRPCM,NP,National public,TOTAL,All students,1,All students,222.34343568553,1,8
283,1996,R2,1996&#185;,1,Grade 4,SD:SD,MAT,4,MRPCM,NP,National public,TOTAL,All students,1,All students,31.3823187019006,1,8
284,1996,R2,1996&#185;,1,Grade 4,MN:MN,MAT,4,MRPCM,NR,National private,TOTAL,All students,1,All students,236.753611091585,1,8
285,1996,R2,1996&#185;,1,Grade 4,SD:SD,MAT,4,MRPCM,NR,National private,TOTAL,All students,1,All students,26.8842006868926,1,8
286,1996,R2,1996&#185;,1,Grade 4,MN:MN,MAT,4,MRPCM,NT,National,TOTAL,All students,1,All students,223.914417135957,1,8
287,1996,R2,1996&#185;,1,Grade 4,SD:SD,MAT,4,MRPCM,NT,National,TOTAL,All students,1,All students,31.2484993814162,1,8
288,1996,R2,1996&#185;,1,Grade 4,MN:MN,MAT,4,MRPCM,NV,Nevada,TOTAL,All students,1,All students,217.62261218492,1,8
289,1996,R2,1996&#185;,1,Grade 4,SD:SD,MAT,4,MRPCM,NV,Nevada,TOTAL,All students,1,All students,29.3983646128204,1,8
290,1996,R2,1996&#185;,1,Grade 4,MN:MN,MAT,4,MRPCM,NY,New York,TOTAL,All students,1,All students,222.634058698567,1,8
291,1996,R2,1996&#185;,1,Grade 4,SD:SD,MAT,4,MRPCM,NY,New York,TOTAL,All students,1,All students,31.0038342235179,1,8
292,1996,R2,1996&#185;,1,Grade 4,MN:MN,MAT,4,MRPCM,OH,Ohio,TOTAL,All students,1,All students,999.0,0,328
293,1996,R2,1996&#185;,1,Grade 4,SD:SD,MAT,4,MRPCM,OH,Ohio,TOTAL,All students,1,All students,999.0,0,328
294,1996,R2,1996&#185;,1,Grade 4,MN:MN,MAT,4,MRPCM,OK,Oklahoma,TOTAL,All students,1,All students,999.0,0,328
295,1996,R2,1996&#185;,1,Grade 4,SD:SD,MAT,4,MRPCM,OK,Oklahoma,TOTAL,All students,1,All students,999.0,0,328
296,1996,R2,1996&#185;,1,Grade 4,MN:MN,MAT,4,MRPCM,OR,Oregon,TOTAL,All students,1,All students,223.476164730433,1,8
297,1996,R2,1996&#185;,1,Grade 4,SD:SD,MAT,4,MRPCM,OR,Oregon,TOTAL,All students,1,All students,30.7309293642931,1,8
298,1996,R2,1996&#185;,1,Grade 4,MN:MN,MAT,4,MRPCM,PA,Pennsylvania,TOTAL,All students,1,All students,226.212014670008,1,8
299,1996,R2,1996&#185;,1,Grade 4,SD:SD,MAT,4,MRPCM,PA,Pennsylvania,TOTAL,All students,1,All students,27.4577531095613,1,8
300,1996,R2,1996&#185;,1,Grade 4,MN:MN,MAT,4,MRPCM,RI,Rhode Island,TOTAL,All students,1,All students,220.418093917479,1,8
301,1996,R2,1996&#185;,1,Grade 4,SD:SD,MAT,4,MRPCM,RI,Rhode Island,TOTAL,All students,1,All students,30.4930935606765,1,8
302,1996,R2,1996&#185;,1,Grade 4,MN:MN,MAT,4,MRPCM,SC,South Carolina,TOTAL,All students,1,All students,213.194414923382,1,8
303,1996,R2,1996&#185;,1,Grade 4,SD:SD,MAT,4,MRPCM,SC,South Carolina,TOTAL,All students,1,All students,29.895407455032,1,8
304,1996,R2,1996&#185;,1,Grade 4,MN:MN,MAT,4,MRPCM,SD,South Dakota,TOTAL,All students,1,All students,999.0,0,328
305,1996,R2,1996&#185;,1,Grade 4,SD:SD,MAT,4,MRPCM,SD,South Dakota,TOTAL,All students,1,All students,999.0,0,328
306,1996,R2,1996&#185;,1,Grade 4,MN:MN,MAT,4,MRPCM,TN,Tennessee,TOTAL,All students,1,All students,219.17624797699,1,8
307,1996,R2,1996&#185;,1,Grade 4,SD:SD,MAT,4,MRPCM,TN,Tennessee,TOTAL,All students,1,All students,30.4116561140733,1,8
308,1996,R2,1996&#185;,1,Grade 4,MN:MN,MAT,4,MRPCM,TX,Texas,TOTAL,All students,1,All students,228.712919803307,1,8
309,1996,R2,1996&#185;,1,Grade 4,SD:SD,MAT,4,MRPCM,TX,Texas,TOTAL,All students,1,All students,29.2159274810332,1,8
310,1996,R2,1996&#185;,1,Grade 4,MN:MN,MAT,4,MRPCM,UT,Utah,TOTAL,All students,1,All students,226.515841243447,1,8
311,1996,R2,1996&#185;,1,Grade 4,SD:SD,MAT,4,MRPCM,UT,Utah,TOTAL,All students,1,All students,29.2849016877752,1,8
312,1996,R2,1996&#185;,1,Grade 4,MN:MN,MAT,4,MRPCM,VA,Virginia,TOTAL,All students,1,All students,222.64321299686,1,8
313,1996,R2,1996&#185;,1,Grade 4,SD:SD,MAT,4,MRPCM,VA,Virginia,TOTAL,All students,1,All students,29.9127812836205,1,8
314,1996,R2,1996&#185;,1,Grade 4,MN:MN,MAT,4,MRPCM,VT,Vermont,TOTAL,All students,1,All students,224.881060125342,1,8
315,1996,R2,1996&#185;,1,Grade 4,SD:SD,MAT,4,MRPCM,VT,Vermont,TOTAL,All students,1,All students,32.2451982563192,1,8
316,1996,R2,1996&#185;,1,Grade 4,MN:MN,MAT,4,MRPCM,WA,Washington,TOTAL,All students,1,All students,225.053298123518,1,8
317,1996,R2,1996&#185;,1,Grade 4,SD:SD,MAT,4,MRPCM,WA,Washington,TOTAL,All students,1,All students,28.956538902171,1,8
318,1996,R2,1996&#185;,1,Grade 4,MN:MN,MAT,4,MRPCM,WI,Wisconsin,TOTAL,All students,1,All students,231.411851479624,1,8
319,1996,R2,1996&#185;,1,Grade 4,SD:SD,MAT,4,MRPCM,WI,Wisconsin,TOTAL,All students,1,All students,28.0769134971672,1,8
320,1996,R2,1996&#185;,1,Grade 4,MN:MN,MAT,4,MRPCM,WV,West Virginia,TOTAL,All students,1,All students,223.350132747101,1,8
321,1996,R2,1996&#185;,1,Grade 4,SD:SD,MAT,4,MRPCM,WV,West Virginia,TOTAL,All students,1,All students,28.8705805053562,1,8
322,1996,R2,1996&#185;,1,Grade 4,MN:MN,MAT,4,MRPCM,WY,Wyoming,TOTAL,All students,1,All students,223.196002932912,1,8
323,1996,R2,1996&#185;,1,Grade 4,SD:SD,MAT,4,MRPCM,WY,Wyoming,TOTAL,All students,1,All students,28.518476791404,1,8
324,2000,R3,2000,1,Grade 4,MN:MN,MAT,4,MRPCM,AK,Alaska,TOTAL,All students,1,All students,999.0,0,320
325,2000,R3,2000,1,Grade 4,SD:SD,MAT,4,MRPCM,AK,Alaska,TOTAL,All students,1,All students,999.0,0,320
326,2000,R3,2000,1,Grade 4,MN:MN,MAT,4,MRPCM,AL,Alabama,TOTAL,All students,1,All students,217.223219198129,1,0
327,2000,R3,2000,1,Grade 4,SD:SD,MAT,4,MRPCM,AL,Alabama,TOTAL,All students,1,All students,28.7001957456257,1,0
328,2000,R3,2000,1,Grade 4,MN:MN,MAT,4,MRPCM,AR,Arkansas,TOTAL,All students,1,All students,216.175620883626,1,0
329,2000,R3,2000,1,Grade 4,SD:SD,MAT,4,MRPCM,AR,Arkansas,TOTAL,All students,1,All students,30.3513281120515,1,0
330,2000,R3,2000,1,Grade 4,MN:MN,MAT,4,MRPCM,AZ,Arizona,TOTAL,All students,1,All students,218.867620226932,1,0
331,2000,R3,2000,1,Grade 4,SD:SD,MAT,4,MRPCM,AZ,Arizona,TOTAL,All students,1,All students,30.218250407508,1,0
332,2000,R3,2000,1,Grade 4,MN:MN,MAT,4,MRPCM,CA,California,TOTAL,All students,1,All students,212.694133629609,1,0
333,2000,R3,2000,1,Grade 4,SD:SD,MAT,4,MRPCM,CA,California,TOTAL,All students,1,All students,31.6985035932007,1,0
334,2000,R3,2000,1,Grade 4,MN:MN,MAT,4,MRPCM,CO,Colorado,TOTAL,All students,1,All students,999.0,0,320
335,2000,R3,2000,1,Grade 4,SD:SD,MAT,4,MRPCM,CO,Colorado,TOTAL,All students,1,All students,999.0,0,320
336,2000,R3,2000,1,Grade 4,MN:MN,MAT,4,MRPCM,CT,Connecticut,TOTAL,All students,1,All students,233.768222817191,1,0
337,2000,R3,2000,1,Grade 4,SD:SD,MAT,4,MRPCM,CT,Connecticut,TOTAL,All students,1,All students,28.0754807541959,1,0
338,2000,R3,2000,1,Grade 4,MN:MN,MAT,4,MRPCM,DC,District of Columbia,TOTAL,All students,1,All students,191.582147822274,1,0
339,2000,R3,2000,1,Grade 4,SD:SD,MAT,4,MRPCM,DC,District of Columbia,TOTAL,All students,1,All students,35.1208111796794,1,0
340,2000,R3,2000,1,Grade 4,MN:MN,MAT,4,MRPCM,DE,Delaware,TOTAL,All students,1,All students,999.0,0,320
341,2000,R3,2000,1,Grade 4,SD:SD,MAT,4,MRPCM,DE,Delaware,TOTAL,All students,1,All students,999.0,0,320
342,2000,R3,2000,1,Grade 4,MN:MN,MAT,4,MRPCM,FL,Florida,TOTAL,All students,1,All students,999.0,0,320
343,2000,R3,2000,1,Grade 4,SD:SD,MAT,4,MRPCM,FL,Florida,TOTAL,All students,1,All students,999.0,0,320
344,2000,R3,2000,1,Grade 4,MN:MN,MAT,4,MRPCM,GA,Georgia,TOTAL,All students,1,All students,218.976885465126,1,0
345,2000,R3,2000,1,Grade 4,SD:SD,MAT,4,MRPCM,GA,Georgia,TOTAL,All students,1,All students,30.9564894647519,1,0
346,2000,R3,2000,1,Grade 4,MN:MN,MAT,4,MRPCM,HI,Hawaii,TOTAL,All students,1,All students,216.319076944199,1,0
347,2000,R3,2000,1,Grade 4,SD:SD,MAT,4,MRPCM,HI,Hawaii,TOTAL,All students,1,All students,30.7851151599269,1,0
348,2000,R3,2000,1,Grade 4,MN:MN,MAT,4,MRPCM,IA,Iowa,TOTAL,All students,1,All students,231.072948318763,1,0
349,2000,R3,2000,1,Grade 4,SD:SD,MAT,4,MRPCM,IA,Iowa,TOTAL,All students,1,All students,26.8861640976313,1,0
350,2000,R3,2000,1,Grade 4,MN:MN,MAT,4,MRPCM,ID,Idaho,TOTAL,All students,1,All students,224.471784444999,1,0
351,2000,R3,2000,1,Grade 4,SD:SD,MAT,4,MRPCM,ID,Idaho,TOTAL,All students,1,All students,30.0248935679129,1,0
352,2000,R3,2000,1,Grade 4,MN:MN,MAT,4,MRPCM,IL,Illinois,TOTAL,All students,1,All students,222.975988016226,1,0
353,2000,R3,2000,1,Grade 4,SD:SD,MAT,4,MRPCM,IL,Illinois,TOTAL,All students,1,All students,30.1207926066457,1,0
354,2000,R3,2000,1,Grade 4,MN:MN,MAT,4,MRPCM,IN,Indiana,TOTAL,All students,1,All students,233.025616848745,1,0
355,2000,R3,2000,1,Grade 4,SD:SD,MAT,4,MRPCM,IN,Indiana,TOTAL,All students,1,All students,27.5651995066796,1,0
356,2000,R3,2000,1,Grade 4,MN:MN,MAT,4,MRPCM,KS,Kansas,TOTAL,All students,1,All students,232.092153224035,1,0
357,2000,R3,2000,1,Grade 4,SD:SD,MAT,4,MRPCM,KS,Kansas,TOTAL,All students,1,All students,28.3439332696529,1,0
358,2000,R3,2000,1,Grade 4,MN:MN,MAT,4,MRPCM,KY,Kentucky,TOTAL,All students,1,All students,219.380275782029,1,0
359,2000,R3,2000,1,Grade 4,SD:SD,MAT,4,MRPCM,KY,Kentucky,TOTAL,All students,1,All students,31.1420614191403,1,0
360,2000,R3,2000,1,Grade 4,MN:MN,MAT,4,MRPCM,LA,Louisiana,TOTAL,All students,1,All students,218.186824053788,1,0
361,2000,R3,2000,1,Grade 4,SD:SD,MAT,4,MRPCM,LA,Louisiana,TOTAL,All students,1,All students,27.7656796145711,1,0
362,2000,R3,2000,1,Grade 4,MN:MN,MAT,4,MRPCM,MA,Massachusetts,TOTAL,All students,1,All students,233.39411622091,1,0
363,2000,R3,2000,1,Grade 4,SD:SD,MAT,4,MRPCM,MA,Massachusetts,TOTAL,All students,1,All students,28.9315890817867,1,0
364,2000,R3,2000,1,Grade 4,MN:MN,MAT,4,MRPCM,MD,Maryland,TOTAL,All students,1,All students,221.536541251463,1,0
365,2000,R3,2000,1,Grade 4,SD:SD,MAT,4,MRPCM,MD,Maryland,TOTAL,All students,1,All students,32.7519609138782,1,0
366,2000,R3,2000,1,Grade 4,MN:MN,MAT,4,MRPCM,ME,Maine,TOTAL,All students,1,All students,229.545137321635,1,0
367,2000,R3,2000,1,Grade 4,SD:SD,MAT,4,MRPCM,ME,Maine,TOTAL,All students,1,All students,26.6221102885589,1,0
368,2000,R3,2000,1,Grade 4,MN:MN,MAT,4,MRPCM,MI,Michigan,TOTAL,All students,1,All students,229.309575209894,1,0
369,2000,R3,2000,1,Grade 4,SD:SD,MAT,4,MRPCM,MI,Michigan,TOTAL,All students,1,All students,31.3495373476096,1,0
370,2000,R3,2000,1,Grade 4,MN:MN,MAT,4,MRPCM,MN,Minnesota,TOTAL,All students,1,All students,233.720090349253,1,0
371,2000,R3,2000,1,Grade 4,SD:SD,MAT,4,MRPCM,MN,Minnesota,TOTAL,All students,1,All students,30.3745111817481,1,0
372,2000,R3,2000,1,Grade 4,MN:MN,MAT,4,MRPCM,MO,Missouri,TOTAL,All students,1,All students,227.8010226593,1,0
373,2000,R3,2000,1,Grade 4,SD:SD,MAT,4,MRPCM,MO,Missouri,TOTAL,All students,1,All students,28.2448237722139,1,0
374,2000,R3,2000,1,Grade 4,MN:MN,MAT,4,MRPCM,MS,Mississippi,TOTAL,All students,1,All students,210.557603610622,1,0
375,2000,R3,2000,1,Grade 4,SD:SD,MAT,4,MRPCM,MS,Mississippi,TOTAL,All students,1,All students,28.2857667113369,1,0
376,2000,R3,2000,1,Grade 4,MN:MN,MAT,4,MRPCM,MT,Montana,TOTAL,All students,1,All students,228.471849781641,1,0
377,2000,R3,2000,1,Grade 4,SD:SD,MAT,4,MRPCM,MT,Montana,TOTAL,All students,1,All students,28.667406935119,1,0
378,2000,R3,2000,1,Grade 4,MN:MN,MAT,4,MRPCM,NC,North Carolina,TOTAL,All students,1,All students,229.901823214381,1,0
379,2000,R3,2000,1,Grade 4,SD:SD,MAT,4,MRPCM,NC,North Carolina,TOTAL,All students,1,All students,29.1498948773143,1,0
380,2000,R3,2000,1,Grade 4,MN:MN,MAT,4,MRPCM,ND,North Dakota,TOTAL,All students,1,All students,229.816101936346,1,0
381,2000,R3,2000,1,Grade 4,SD:SD,MAT,4,MRPCM,ND,North Dakota,TOTAL,All students,1,All students,27.8993086256479,1,0
382,2000,R3,2000,1,Grade 4,MN:MN,MAT,4,MRPCM,NE,Nebraska,TOTAL,All students,1,All students,225.05739251095,1,0
383,2000,R3,2000,1,Grade 4,SD:SD,MAT,4,MRPCM,NE,Nebraska,TOTAL,All students,1,All students,32.0165180017848,1,0
384,2000,R3,2000,1,Grade 4,MN:MN,MAT,4,MRPCM,NH,New Hampshire,TOTAL,All students,1,All students,999.0,0,320
385,2000,R3,2000,1,Grade 4,SD:SD,MAT,4,MRPCM,NH,New Hampshire,TOTAL,All students,1,All students,999.0,0,320
386,2000,R3,2000,1,Grade 4,MN:MN,MAT,4,MRPCM,NJ,New Jersey,TOTAL,All students,1,All students,999.0,0,320
387,2000,R3,2000,1,Grade 4,SD:SD,MAT,4,MRPCM,NJ,New Jersey,TOTAL,All students,1,All students,999.0,0,320
388,2000,R3,2000,1,Grade 4,MN:MN,MAT,4,MRPCM,NM,New Mexico,TOTAL,All students,1,All students,213.476353604739,1,0
389,2000,R3,2000,1,Grade 4,SD:SD,MAT,4,MRPCM,NM,New Mexico,TOTAL,All students,1,All students,30.3640014002504,1,0
390,2000,R3,2000,1,Grade 4,MN:MN,MAT,4,MRPCM,NP,National public,TOTAL,All students,1,All students,224.206032410196,1,0
391,2000,R3,2000,1,Grade 4,SD:SD,MAT,4,MRPCM,NP,National public,TOTAL,All students,1,All students,31.4202751787541,1,0
392,2000,R3,2000,1,Grade 4,MN:MN,MAT,4,MRPCM,NR,National private,TOTAL,All students,1,All students,237.767180122149,1,0
393,2000,R3,2000,1,Grade 4,SD:SD,MAT,4,MRPCM,NR,National private,TOTAL,All students,1,All students,26.869985160107,1,0
394,2000,R3,2000,1,Grade 4,MN:MN,MAT,4,MRPCM,NT,National,TOTAL,All students,1,All students,225.582028357341,1,0
395,2000,R3,2000,1,Grade 4,SD:SD,MAT,4,MRPCM,NT,National,TOTAL,All students,1,All students,31.258532626388,1,0
396,2000,R3,2000,1,Grade 4,MN:MN,MAT,4,MRPCM,NV,Nevada,TOTAL,All students,1,All students,219.550787229213,1,0
397,2000,R3,2000,1,Grade 4,SD:SD,MAT,4,MRPCM,NV,Nevada,TOTAL,All students,1,All students,29.204684602551,1,0
398,2000,R3,2000,1,Grade 4,MN:MN,MAT,4,MRPCM,NY,New York,TOTAL,All students,1,All students,225.139221951981,1,0
399,2000,R3,2000,1,Grade 4,SD:SD,MAT,4,MRPCM,NY,New York,TOTAL,All students,1,All students,28.6804751151904,1,0
400,2000,R3,2000,1,Grade 4,MN:MN,MAT,4,MRPCM,OH,Ohio,TOTAL,All students,1,All students,230.007534395955,1,0
401,2000,R3,2000,1,Grade 4,SD:SD,MAT,4,MRPCM,OH,Ohio,TOTAL,All students,1,All students,27.2162924309992,1,0
402,2000,R3,2000,1,Grade 4,MN:MN,MAT,4,MRPCM,OK,Oklahoma,TOTAL,All students,1,All students,223.729538134033,1,0
403,2000,R3,2000,1,Grade 4,SD:SD,MAT,4,MRPCM,OK,Oklahoma,TOTAL,All students,1,All students,26.300607306967,1,0
404,2000,R3,2000,1,Grade 4,MN:MN,MAT,4,MRPCM,OR,Oregon,TOTAL,All students,1,All students,223.913822377542,1,0
405,2000,R3,2000,1,Grade 4,SD:SD,MAT,4,MRPCM,OR,Oregon,TOTAL,All students,1,All students,32.8543158381701,1,0
406,2000,R3,2000,1,Grade 4,MN:MN,MAT,4,MRPCM,PA,Pennsylvania,TOTAL,All students,1,All students,999.0,0,320
407,2000,R3,2000,1,Grade 4,SD:SD,MAT,4,MRPCM,PA,Pennsylvania,TOTAL,All students,1,All students,999.0,0,320
408,2000,R3,2000,1,Grade 4,MN:MN,MAT,4,MRPCM,RI,Rhode Island,TOTAL,All students,1,All students,224.069811572337,1,0
409,2000,R3,2000,1,Grade 4,SD:SD,MAT,4,MRPCM,RI,Rhode Island,TOTAL,All students,1,All students,31.2598071339659,1,0
410,2000,R3,2000,1,Grade 4,MN:MN,MAT,4,MRPCM,SC,South Carolina,TOTAL,All students,1,All students,219.869422682029,1,0
411,2000,R3,2000,1,Grade 4,SD:SD,MAT,4,MRPCM,SC,South Carolina,TOTAL,All students,1,All students,31.5740453998184,1,0
412,2000,R3,2000,1,Grade 4,MN:MN,MAT,4,MRPCM,SD,South Dakota,TOTAL,All students,1,All students,999.0,0,320
413,2000,R3,2000,1,Grade 4,SD:SD,MAT,4,MRPCM,SD,South Dakota,TOTAL,All students,1,All students,999.0,0,320
414,2000,R3,2000,1,Grade 4,MN:MN,MAT,4,MRPCM,TN,Tennessee,TOTAL,All students,1,All students,219.847110811585,1,0
415,2000,R3,2000,1,Grade 4,SD:SD,MAT,4,MRPCM,TN,Tennessee,TOTAL,All students,1,All students,31.0827635656079,1,0
416,2000,R3,2000,1,Grade 4,MN:MN,MAT,4,MRPCM,TX,Texas,TOTAL,All students,1,All students,231.278328591842,1,0
417,2000,R3,2000,1,Grade 4,SD:SD,MAT,4,MRPCM,TX,Texas,TOTAL,All students,1,All students,26.034417544884,1,0
418,2000,R3,2000,1,Grade 4,MN:MN,MAT,4,MRPCM,UT,Utah,TOTAL,All students,1,All students,226.808786655354,1,0
419,2000,R3,2000,1,Grade 4,SD:SD,MAT,4,MRPCM,UT,Utah,TOTAL,All students,1,All students,29.0240419820305,1,0
420,2000,R3,2000,1,Grade 4,MN:MN,MAT,4,MRPCM,VA,Virginia,TOTAL,All students,1,All students,229.541480166586,1,0
421,2000,R3,2000,1,Grade 4,SD:SD,MAT,4,MRPCM,VA,Virginia,TOTAL,All students,1,All students,27.1912982834778,1,0
422,2000,R3,2000,1,Grade 4,MN:MN,MAT,4,MRPCM,VT,Vermont,TOTAL,All students,1,All students,231.56363016868,1,0
423,2000,R3,2000,1,Grade 4,SD:SD,MAT,4,MRPCM,VT,Vermont,TOTAL,All students,1,All students,29.7409846943076,1,0
424,2000,R3,2000,1,Grade 4,MN:MN,MAT,4,MRPCM,WA,Washington,TOTAL,All students,1,All students,999.0,0,320
425,2000,R3,2000,1,Grade 4,SD:SD,MAT,4,MRPCM,WA,Washington,TOTAL,All students,1,All students,999.0,0,320
426,2000,R3,2000,1,Grade 4,MN:MN,MAT,4,MRPCM,WI,Wisconsin,TOTAL,All students,1,All students,999.0,0,288
427,2000,R3,2000,1,Grade 4,SD:SD,MAT,4,MRPCM,WI,Wisconsin,TOTAL,All students,1,All students,999.0,0,288
428,2000,R3,2000,1,Grade 4,MN:MN,MAT,4,MRPCM,WV,West Virginia,TOTAL,All students,1,All students,223.203602801096,1,0
429,2000,R3,2000,1,Grade 4,SD:SD,MAT,4,MRPCM,WV,West Virginia,TOTAL,All students,1,All students,27.131306842416,1,0
430,2000,R3,2000,1,Grade 4,MN:MN,MAT,4,MRPCM,WY,Wyoming,TOTAL,All students,1,All students,228.6266360419,1,0
431,2000,R3,2000,1,Grade 4,SD:SD,MAT,4,MRPCM,WY,Wyoming,TOTAL,All students,1,All students,29.3266043483364,1,0
432,2005,R3,2005,1,Grade 4,MN:MN,MAT,4,MRPCM,AK,Alaska,TOTAL,All students,1,All students,235.510705539745,1,0
433,2005,R3,2005,1,Grade 4,SD:SD,MAT,4,MRPCM,AK,Alaska,TOTAL,All students,1,All students,29.0177315217183,1,0
434,2005,R3,2005,1,Grade 4,MN:MN,MAT,4,MRPCM,AL,Alabama,TOTAL,All students,1,All students,225.071236241265,1,0
435,2005,R3,2005,1,Grade 4,SD:SD,MAT,4,MRPCM,AL,Alabama,TOTAL,All students,1,All students,29.1011148835883,1,0
436,2005,R3,2005,1,Grade 4,MN:MN,MAT,4,MRPCM,AR,Arkansas,TOTAL,All students,1,All students,235.54546696398,1,0
437,2005,R3,2005,1,Grade 4,SD:SD,MAT,4,MRPCM,AR,Arkansas,TOTAL,All students,1,All students,29.0855384828481,1,0
438,2005,R3,2005,1,Grade 4,MN:MN,MAT,4,MRPCM,AZ,Arizona,TOTAL,All students,1,All students,229.800673071331,1,0
439,2005,R3,2005,1,Grade 4,SD:SD,MAT,4,MRPCM,AZ,Arizona,TOTAL,All students,1,All students,30.2412593142023,1,0
440,2005,R3,2005,1,Grade 4,MN:MN,MAT,4,MRPCM,CA,California,TOTAL,All students,1,All students,230.366957499,1,0
441,2005,R3,2005,1,Grade 4,SD:SD,MAT,4,MRPCM,CA,California,TOTAL,All students,1,All students,30.5709822766786,1,0
442,2005,R3,2005,1,Grade 4,MN:MN,MAT,4,MRPCM,CO,Colorado,TOTAL,All students,1,All students,239.21587446298,1,0
443,2005,R3,2005,1,Grade 4,SD:SD,MAT,4,MRPCM,CO,Colorado,TOTAL,All students,1,All students,29.320634244689,1,0
444,2005,R3,2005,1,Grade 4,MN:MN,MAT,4,MRPCM,CT,Connecticut,TOTAL,All students,1,All students,242.120732361742,1,0
445,2005,R3,2005,1,Grade 4,SD:SD,MAT,4,MRPCM,CT,Connecticut,TOTAL,All students,1,All students,27.7957705569931,1,0
446,2005,R3,2005,1,Grade 4,MN:MN,MAT,4,MRPCM,DC,District of Columbia,TOTAL,All students,1,All students,211.122298531209,1,0
447,2005,R3,2005,1,Grade 4,SD:SD,MAT,4,MRPCM,DC,District of Columbia,TOTAL,All students,1,All students,29.1466866079285,1,0
448,2005,R3,2005,1,Grade 4,MN:MN,MAT,4,MRPCM,DE,Delaware,TOTAL,All students,1,All students,239.716912377166,1,0
449,2005,R3,2005,1,Grade 4,SD:SD,MAT,4,MRPCM,DE,Delaware,TOTAL,All students,1,All students,25.4331612068916,1,0
450,2005,R3,2005,1,Grade 4,MN:MN,MAT,4,MRPCM,FL,Florida,TOTAL,All students,1,All students,238.930649601433,1,0
451,2005,R3,2005,1,Grade 4,SD:SD,MAT,4,MRPCM,FL,Florida,TOTAL,All students,1,All students,27.4385950069732,1,0
452,2005,R3,2005,1,Grade 4,MN:MN,MAT,4,MRPCM,GA,Georgia,TOTAL,All students,1,All students,233.635737790752,1,0
453,2005,R3,2005,1,Grade 4,SD:SD,MAT,4,MRPCM,GA,Georgia,TOTAL,All students,1,All students,27.8988564047407,1,0
454,2005,R3,2005,1,Grade 4,MN:MN,MAT,4,MRPCM,HI,Hawaii,TOTAL,All students,1,All students,230.096875403391,1,0
455,2005,R3,2005,1,Grade 4,SD:SD,MAT,4,MRPCM,HI,Hawaii,TOTAL,All students,1,All students,29.1238235832162,1,0
456,2005,R3,2005,1,Grade 4,MN:MN,MAT,4,MRPCM,IA,Iowa,TOTAL,All students,1,All students,239.880801811134,1,0
457,2005,R3,2005,1,Grade 4,SD:SD,MAT,4,MRPCM,IA,Iowa,TOTAL,All students,1,All students,25.6677666217862,1,0
458,2005,R3,2005,1,Grade 4,MN:MN,MAT,4,MRPCM,ID,Idaho,TOTAL,All students,1,All students,241.650115742865,1,0
459,2005,R3,2005,1,Grade 4,SD:SD,MAT,4,MRPCM,ID,Idaho,TOTAL,All students,1,All students,25.6383993630526,1,0
460,2005,R3,2005,1,Grade 4,MN:MN,MAT,4,MRPCM,IL,Illinois,TOTAL,All students,1,All students,233.067493972686,1,0
461,2005,R3,2005,1,Grade 4,SD:SD,MAT,4,MRPCM,IL,Illinois,TOTAL,All students,1,All students,30.6550055366533,1,0
462,2005,R3,2005,1,Grade 4,MN:MN,MAT,4,MRPCM,IN,Indiana,TOTAL,All students,1,All students,240.069098810468,1,0
463,2005,R3,2005,1,Grade 4,SD:SD,MAT,4,MRPCM,IN,Indiana,TOTAL,All students,1,All students,26.5694743581689,1,0
464,2005,R3,2005,1,Grade 4,MN:MN,MAT,4,MRPCM,KS,Kansas,TOTAL,All students,1,All students,245.782046485738,1,0
465,2005,R3,2005,1,Grade 4,SD:SD,MAT,4,MRPCM,KS,Kansas,TOTAL,All students,1,All students,26.7815479784789,1,0
466,2005,R3,2005,1,Grade 4,MN:MN,MAT,4,MRPCM,KY,Kentucky,TOTAL,All students,1,All students,231.492305367483,1,0
467,2005,R3,2005,1,Grade 4,SD:SD,MAT,4,MRPCM,KY,Kentucky,TOTAL,All students,1,All students,26.8127585391606,1,0
468,2005,R3,2005,1,Grade 4,MN:MN,MAT,4,MRPCM,LA,Louisiana,TOTAL,All students,1,All students,230.231196413486,1,0
469,2005,R3,2005,1,Grade 4,SD:SD,MAT,4,MRPCM,LA,Louisiana,TOTAL,All students,1,All students,26.2468909129546,1,0
470,2005,R3,2005,1,Grade 4,MN:MN,MAT,4,MRPCM,MA,Massachusetts,TOTAL,All students,1,All students,247.33704896217,1,0
471,2005,R3,2005,1,Grade 4,SD:SD,MAT,4,MRPCM,MA,Massachusetts,TOTAL,All students,1,All students,25.3330757887358,1,0
472,2005,R3,2005,1,Grade 4,MN:MN,MAT,4,MRPCM,MD,Maryland,TOTAL,All students,1,All students,238.421706736664,1,0
473,2005,R3,2005,1,Grade 4,SD:SD,MAT,4,MRPCM,MD,Maryland,TOTAL,All students,1,All students,30.6398272615596,1,0
474,2005,R3,2005,1,Grade 4,MN:MN,MAT,4,MRPCM,ME,Maine,TOTAL,All students,1,All students,240.691459684627,1,0
475,2005,R3,2005,1,Grade 4,SD:SD,MAT,4,MRPCM,ME,Maine,TOTAL,All students,1,All students,26.8160081632738,1,0
476,2005,R3,2005,1,Grade 4,MN:MN,MAT,4,MRPCM,MI,Michigan,TOTAL,All students,1,All students,237.706002988511,1,0
477,2005,R3,2005,1,Grade 4,SD:SD,MAT,4,MRPCM,MI,Michigan,TOTAL,All students,1,All students,29.6331022311888,1,0
478,2005,R3,2005,1,Grade 4,MN:MN,MAT,4,MRPCM,MN,Minnesota,TOTAL,All students,1,All students,245.746191132071,1,0
479,2005,R3,2005,1,Grade 4,SD:SD,MAT,4,MRPCM,MN,Minnesota,TOTAL,All students,1,All students,27.5894896482689,1,0
480,2005,R3,2005,1,Grade 4,MN:MN,MAT,4,MRPCM,MO,Missouri,TOTAL,All students,1,All students,235.035547623939,1,0
481,2005,R3,2005,1,Grade 4,SD:SD,MAT,4,MRPCM,MO,Missouri,TOTAL,All students,1,All students,26.7402971796311,1,0
482,2005,R3,2005,1,Grade 4,MN:MN,MAT,4,MRPCM,MS,Mississippi,TOTAL,All students,1,All students,226.698844722803,1,0
483,2005,R3,2005,1,Grade 4,SD:SD,MAT,4,MRPCM,MS,Mississippi,TOTAL,All students,1,All students,25.5494736076863,1,0
484,2005,R3,2005,1,Grade 4,MN:MN,MAT,4,MRPCM,MT,Montana,TOTAL,All students,1,All students,240.575488552507,1,0
485,2005,R3,2005,1,Grade 4,SD:SD,MAT,4,MRPCM,MT,Montana,TOTAL,All students,1,All students,24.7758269321549,1,0
486,2005,R3,2005,1,Grade 4,MN:MN,MAT,4,MRPCM,NC,North Carolina,TOTAL,All students,1,All students,241.235549328958,1,0
487,2005,R3,2005,1,Grade 4,SD:SD,MAT,4,MRPCM,NC,North Carolina,TOTAL,All students,1,All students,27.4138225671878,1,0
488,2005,R3,2005,1,Grade 4,MN:MN,MAT,4,MRPCM,ND,North Dakota,TOTAL,All students,1,All students,242.736995059317,1,0
489,2005,R3,2005,1,Grade 4,SD:SD,MAT,4,MRPCM,ND,North Dakota,TOTAL,All students,1,All students,23.5438425270476,1,0
490,2005,R3,2005,1,Grade 4,MN:MN,MAT,4,MRPCM,NE,Nebraska,TOTAL,All students,1,All students,237.706178475691,1,0
491,2005,R3,2005,1,Grade 4,SD:SD,MAT,4,MRPCM,NE,Nebraska,TOTAL,All students,1,All students,27.8351482585565,1,0
492,2005,R3,2005,1,Grade 4,MN:MN,MAT,4,MRPCM,NH,New Hampshire,TOTAL,All students,1,All students,245.625926399787,1,0
493,2005,R3,2005,1,Grade 4,SD:SD,MAT,4,MRPCM,NH,New Hampshire,TOTAL,All students,1,All students,24.851951658185,1,0
494,2005,R3,2005,1,Grade 4,MN:MN,MAT,4,MRPCM,NJ,New Jersey,TOTAL,All students,1,All students,243.978931397732,1,0
495,2005,R3,2005,1,Grade 4,SD:SD,MAT,4,MRPCM,NJ,New Jersey,TOTAL,All students,1,All students,28.5536144958392,1,0
496,2005,R3,2005,1,Grade 4,MN:MN,MAT,4,MRPCM,NM,New Mexico,TOTAL,All students,1,All students,224.027218256997,1,0
497,2005,R3,2005,1,Grade 4,SD:SD,MAT,4,MRPCM,NM,New Mexico,TOTAL,All students,1,All students,28.2565897748874,1,0
498,2005,R3,2005,1,Grade 4,MN:MN,MAT,4,MRPCM,NP,National public,TOTAL,All students,1,All students,237.101845034792,1,0
499,2005,R3,2005,1,Grade 4,SD:SD,MAT,4,MRPCM,NP,National public,TOTAL,All students,1,All students,28.5732456165895,1,0
500,2005,R3,2005,1,Grade 4,MN:MN,MAT,4,MRPCM,NR,National private,TOTAL,All students,1,All students,999.0,0,288
501,2005,R3,2005,1,Grade 4,SD:SD,MAT,4,MRPCM,NR,National private,TOTAL,All students,1,All students,999.0,0,288
502,2005,R3,2005,1,Grade 4,MN:MN,MAT,4,MRPCM,NT,National,TOTAL,All students,1,All students,237.870745610556,1,0
503,2005,R3,2005,1,Grade 4,SD:SD,MAT,4,MRPCM,NT,National,TOTAL,All students,1,All students,28.4101485006341,1,0
504,2005,R3,2005,1,Grade 4,MN:MN,MAT,4,MRPCM,NV,Nevada,TOTAL,All students,1,All students,229.87159551388,1,0
505,2005,R3,2005,1,Grade 4,SD:SD,MAT,4,MRPCM,NV,Nevada,TOTAL,All students,1,All students,28.9581187640529,1,0
506,2005,R3,2005,1,Grade 4,MN:MN,MAT,4,MRPCM,NY,New York,TOTAL,All students,1,All students,238.173976704232,1,0
507,2005,R3,2005,1,Grade 4,SD:SD,MAT,4,MRPCM,NY,New York,TOTAL,All students,1,All students,27.318042750721,1,0
508,2005,R3,2005,1,Grade 4,MN:MN,MAT,4,MRPCM,OH,Ohio,TOTAL,All students,1,All students,242.105935222061,1,0
509,2005,R3,2005,1,Grade 4,SD:SD,MAT,4,MRPCM,OH,Ohio,TOTAL,All students,1,All students,28.2186687231531,1,0
510,2005,R3,2005,1,Grade 4,MN:MN,MAT,4,MRPCM,OK,Oklahoma,TOTAL,All students,1,All students,233.95532879955,1,0
511,2005,R3,2005,1,Grade 4,SD:SD,MAT,4,MRPCM,OK,Oklahoma,TOTAL,All students,1,All students,25.6893348450503,1,0
512,2005,R3,2005,1,Grade 4,MN:MN,MAT,4,MRPCM,OR,Oregon,TOTAL,All students,1,All students,238.324930566673,1,0
513,2005,R3,2005,1,Grade 4,SD:SD,MAT,4,MRPCM,OR,Oregon,TOTAL,All students,1,All students,28.7165770410385,1,0
514,2005,R3,2005,1,Grade 4,MN:MN,MAT,4,MRPCM,PA,Pennsylvania,TOTAL,All students,1,All students,240.572963311007,1,0
515,2005,R3,2005,1,Grade 4,SD:SD,MAT,4,MRPCM,PA,Pennsylvania,TOTAL,All students,1,All students,29.1466536752285,1,0
516,2005,R3,2005,1,Grade 4,MN:MN,MAT,4,MRPCM,RI,Rhode Island,TOTAL,All students,1,All students,233.436772307714,1,0
517,2005,R3,2005,1,Grade 4,SD:SD,MAT,4,MRPCM,RI,Rhode Island,TOTAL,All students,1,All students,28.761687299354,1,0
518,2005,R3,2005,1,Grade 4,MN:MN,MAT,4,MRPCM,SC,South Carolina,TOTAL,All students,1,All students,238.302675325314,1,0
519,2005,R3,2005,1,Grade 4,SD:SD,MAT,4,MRPCM,SC,South Carolina,TOTAL,All students,1,All students,26.9974920582389,1,0
520,2005,R3,2005,1,Grade 4,MN:MN,MAT,4,MRPCM,SD,South Dakota,TOTAL,All students,1,All students,241.594186083007,1,0
521,2005,R3,2005,1,Grade 4,SD:SD,MAT,4,MRPCM,SD,South Dakota,TOTAL,All students,1,All students,25.2383525670934,1,0
522,2005,R3,2005,1,Grade 4,MN:MN,MAT,4,MRPCM,TN,Tennessee,TOTAL,All students,1,All students,231.688079714459,1,0
523,2005,R3,2005,1,Grade 4,SD:SD,MAT,4,MRPCM,TN,Tennessee,TOTAL,All students,1,All students,28.0932478521886,1,0
524,2005,R3,2005,1,Grade 4,MN:MN,MAT,4,MRPCM,TX,Texas,TOTAL,All students,1,All students,241.990916323988,1,0
525,2005,R3,2005,1,Grade 4,SD:SD,MAT,4,MRPCM,TX,Texas,TOTAL,All students,1,All students,25.0730809342054,1,0
526,2005,R3,2005,1,Grade 4,MN:MN,MAT,4,MRPCM,UT,Utah,TOTAL,All students,1,All students,238.797423758414,1,0
527,2005,R3,2005,1,Grade 4,SD:SD,MAT,4,MRPCM,UT,Utah,TOTAL,All students,1,All students,26.5417939576551,1,0
528,2005,R3,2005,1,Grade 4,MN:MN,MAT,4,MRPCM,VA,Virginia,TOTAL,All students,1,All students,240.497568178325,1,0
529,2005,R3,2005,1,Grade 4,SD:SD,MAT,4,MRPCM,VA,Virginia,TOTAL,All students,1,All students,27.1574543491596,1,0
530,2005,R3,2005,1,Grade 4,MN:MN,MAT,4,MRPCM,VT,Vermont,TOTAL,All students,1,All students,243.528855394293,1,0
531,2005,R3,2005,1,Grade 4,SD:SD,MAT,4,MRPCM,VT,Vermont,TOTAL,All students,1,All students,26.4486078135713,1,0
532,2005,R3,2005,1,Grade 4,MN:MN,MAT,4,MRPCM,WA,Washington,TOTAL,All students,1,All students,241.684674518239,1,0
533,2005,R3,2005,1,Grade 4,SD:SD,MAT,4,MRPCM,WA,Washington,TOTAL,All students,1,All students,27.4790696033957,1,0
534,2005,R3,2005,1,Grade 4,MN:MN,MAT,4,MRPCM,WI,Wisconsin,TOTAL,All students,1,All students,240.568581924116,1,0
535,2005,R3,2005,1,Grade 4,SD:SD,MAT,4,MRPCM,WI,Wisconsin,TOTAL,All students,1,All students,27.4073915319594,1,0
536,2005,R3,2005,1,Grade 4,MN:MN,MAT,4,MRPCM,WV,West Virginia,TOTAL,All students,1,All students,230.843267916573,1,0
537,2005,R3,2005,1,Grade 4,SD:SD,MAT,4,MRPCM,WV,West Virginia,TOTAL,All students,1,All students,25.7667724219437,1,0
538,2005,R3,2005,1,Grade 4,MN:MN,MAT,4,MRPCM,WY,Wyoming,TOTAL,All students,1,All students,242.955913765367,1,0
539,2005,R3,2005,1,Grade 4,SD:SD,MAT,4,MRPCM,WY,Wyoming,TOTAL,All students,1,All students,25.3096525779051,1,0
540,2009,R3,2009,1,Grade 4,MN:MN,MAT,4,MRPCM,AK,Alaska,TOTAL,All students,1,All students,237.212284336122,1,0
541,2009,R3,2009,1,Grade 4,SD:SD,MAT,4,MRPCM,AK,Alaska,TOTAL,All students,1,All students,31.1549137687588,1,0
542,2009,R3,2009,1,Grade 4,MN:MN,MAT,4,MRPCM,AL,Alabama,TOTAL,All students,1,All students,227.962650411086,1,0
543,2009,R3,2009,1,Grade 4,SD:SD,MAT,4,MRPCM,AL,Alabama,TOTAL,All students,1,All students,29.8309011408628,1,0
544,2009,R3,2009,1,Grade 4,MN:MN,MAT,4,MRPCM,AR,Arkansas,TOTAL,All students,1,All students,237.540591911574,1,0
545,2009,R3,2009,1,Grade 4,SD:SD,MAT,4,MRPCM,AR,Arkansas,TOTAL,All students,1,All students,28.8049004246797,1,0
546,2009,R3,2009,1,Grade 4,MN:MN,MAT,4,MRPCM,AZ,Arizona,TOTAL,All students,1,All students,229.991105224216,1,0
547,2009,R3,2009,1,Grade 4,SD:SD,MAT,4,MRPCM,AZ,Arizona,TOTAL,All students,1,All students,30.7239174611862,1,0
548,2009,R3,2009,1,Grade 4,MN:MN,MAT,4,MRPCM,CA,California,TOTAL,All students,1,All students,231.674927207631,1,0
549,2009,R3,2009,1,Grade 4,SD:SD,MAT,4,MRPCM,CA,California,TOTAL,All students,1,All students,32.138379639829,1,0
550,2009,R3,2009,1,Grade 4,MN:MN,MAT,4,MRPCM,CO,Colorado,TOTAL,All students,1,All students,243.132439997085,1,0
551,2009,R3,2009,1,Grade 4,SD:SD,MAT,4,MRPCM,CO,Colorado,TOTAL,All students,1,All students,29.4407527730484,1,0
552,2009,R3,2009,1,Grade 4,MN:MN,MAT,4,MRPCM,CT,Connecticut,TOTAL,All students,1,All students,244.717742733409,1,0
553,2009,R3,2009,1,Grade 4,SD:SD,MAT,4,MRPCM,CT,Connecticut,TOTAL,All students,1,All students,28.3916817822915,1,0
554,2009,R3,2009,1,Grade 4,MN:MN,MAT,4,MRPCM,DC,District of Columbia,TOTAL,All students,1,All students,219.260141025805,1,0
555,2009,R3,2009,1,Grade 4,SD:SD,MAT,4,MRPCM,DC,District of Columbia,TOTAL,All students,1,All students,32.2747094316724,1,0
556,2009,R3,2009,1,Grade 4,MN:MN,MAT,4,MRPCM,DE,Delaware,TOTAL,All students,1,All students,239.490569439364,1,0
557,2009,R3,2009,1,Grade 4,SD:SD,MAT,4,MRPCM,DE,Delaware,TOTAL,All students,1,All students,26.1339521506992,1,0
558,2009,R3,2009,1,Grade 4,MN:MN,MAT,4,MRPCM,FL,Florida,TOTAL,All students,1,All students,241.944909379496,1,0
559,2009,R3,2009,1,Grade 4,SD:SD,MAT,4,MRPCM,FL,Florida,TOTAL,All students,1,All students,25.9170838736471,1,0
560,2009,R3,2009,1,Grade 4,MN:MN,MAT,4,MRPCM,GA,Georgia,TOTAL,All students,1,All students,236.029572886478,1,0
561,2009,R3,2009,1,Grade 4,SD:SD,MAT,4,MRPCM,GA,Georgia,TOTAL,All students,1,All students,28.4556892371517,1,0
562,2009,R3,2009,1,Grade 4,MN:MN,MAT,4,MRPCM,HI,Hawaii,TOTAL,All students,1,All students,235.679780829025,1,0
563,2009,R3,2009,1,Grade 4,SD:SD,MAT,4,MRPCM,HI,Hawaii,TOTAL,All students,1,All students,32.2771793175916,1,0
564,2009,R3,2009,1,Grade 4,MN:MN,MAT,4,MRPCM,IA,Iowa,TOTAL,All students,1,All students,242.595644002577,1,0
565,2009,R3,2009,1,Grade 4,SD:SD,MAT,4,MRPCM,IA,Iowa,TOTAL,All students,1,All students,25.4166361268469,1,0
566,2009,R3,2009,1,Grade 4,MN:MN,MAT,4,MRPCM,ID,Idaho,TOTAL,All students,1,All students,241.042802304013,1,0
567,2009,R3,2009,1,Grade 4,SD:SD,MAT,4,MRPCM,ID,Idaho,TOTAL,All students,1,All students,26.1694897446013,1,0
568,2009,R3,2009,1,Grade 4,MN:MN,MAT,4,MRPCM,IL,Illinois,TOTAL,All students,1,All students,238.28566884936,1,0
569,2009,R3,2009,1,Grade 4,SD:SD,MAT,4,MRPCM,IL,Illinois,TOTAL,All students,1,All students,30.3747651435034,1,0
570,2009,R3,2009,1,Grade 4,MN:MN,MAT,4,MRPCM,IN,Indiana,TOTAL,All students,1,All students,242.616809561118,1,0
571,2009,R3,2009,1,Grade 4,SD:SD,MAT,4,MRPCM,IN,Indiana,TOTAL,All students,1,All students,25.7997490877694,1,0
572,2009,R3,2009,1,Grade 4,MN:MN,MAT,4,MRPCM,KS,Kansas,TOTAL,All students,1,All students,245.308653571101,1,0
573,2009,R3,2009,1,Grade 4,SD:SD,MAT,4,MRPCM,KS,Kansas,TOTAL,All students,1,All students,25.6026084160458,1,0
574,2009,R3,2009,1,Grade 4,MN:MN,MAT,4,MRPCM,KY,Kentucky,TOTAL,All students,1,All students,238.835902308004,1,0
575,2009,R3,2009,1,Grade 4,SD:SD,MAT,4,MRPCM,KY,Kentucky,TOTAL,All students,1,All students,27.7640177210564,1,0
576,2009,R3,2009,1,Grade 4,MN:MN,MAT,4,MRPCM,LA,Louisiana,TOTAL,All students,1,All students,229.432455453722,1,0
577,2009,R3,2009,1,Grade 4,SD:SD,MAT,4,MRPCM,LA,Louisiana,TOTAL,All students,1,All students,26.0915206224034,1,0
578,2009,R3,2009,1,Grade 4,MN:MN,MAT,4,MRPCM,MA,Massachusetts,TOTAL,All students,1,All students,252.254789700548,1,0
579,2009,R3,2009,1,Grade 4,SD:SD,MAT,4,MRPCM,MA,Massachusetts,TOTAL,All students,1,All students,26.0638897942063,1,0
580,2009,R3,2009,1,Grade 4,MN:MN,MAT,4,MRPCM,MD,Maryland,TOTAL,All students,1,All students,243.795041028457,1,0
581,2009,R3,2009,1,Grade 4,SD:SD,MAT,4,MRPCM,MD,Maryland,TOTAL,All students,1,All students,28.2795278487062,1,0
582,2009,R3,2009,1,Grade 4,MN:MN,MAT,4,MRPCM,ME,Maine,TOTAL,All students,1,All students,244.455732753958,1,0
583,2009,R3,2009,1,Grade 4,SD:SD,MAT,4,MRPCM,ME,Maine,TOTAL,All students,1,All students,26.7336415449661,1,0
584,2009,R3,2009,1,Grade 4,MN:MN,MAT,4,MRPCM,MI,Michigan,TOTAL,All students,1,All students,236.279719737382,1,0
585,2009,R3,2009,1,Grade 4,SD:SD,MAT,4,MRPCM,MI,Michigan,TOTAL,All students,1,All students,29.9836766171991,1,0
586,2009,R3,2009,1,Grade 4,MN:MN,MAT,4,MRPCM,MN,Minnesota,TOTAL,All students,1,All students,249.455534206082,1,0
587,2009,R3,2009,1,Grade 4,SD:SD,MAT,4,MRPCM,MN,Minnesota,TOTAL,All students,1,All students,28.2053395293224,1,0
588,2009,R3,2009,1,Grade 4,MN:MN,MAT,4,MRPCM,MO,Missouri,TOTAL,All students,1,All students,240.684380944942,1,0
589,2009,R3,2009,1,Grade 4,SD:SD,MAT,4,MRPCM,MO,Missouri,TOTAL,All students,1,All students,28.5869493389915,1,0
590,2009,R3,2009,1,Grade 4,MN:MN,MAT,4,MRPCM,MS,Mississippi,TOTAL,All students,1,All students,227.262260849183,1,0
591,2009,R3,2009,1,Grade 4,SD:SD,MAT,4,MRPCM,MS,Mississippi,TOTAL,All students,1,All students,27.3488883449465,1,0
592,2009,R3,2009,1,Grade 4,MN:MN,MAT,4,MRPCM,MT,Montana,TOTAL,All students,1,All students,244.400751913997,1,0
593,2009,R3,2009,1,Grade 4,SD:SD,MAT,4,MRPCM,MT,Montana,TOTAL,All students,1,All students,25.293558855246,1,0
594,2009,R3,2009,1,Grade 4,MN:MN,MAT,4,MRPCM,NC,North Carolina,TOTAL,All students,1,All students,243.778460132033,1,0
595,2009,R3,2009,1,Grade 4,SD:SD,MAT,4,MRPCM,NC,North Carolina,TOTAL,All students,1,All students,27.8411168887053,1,0
596,2009,R3,2009,1,Grade 4,MN:MN,MAT,4,MRPCM,ND,North Dakota,TOTAL,All students,1,All students,245.18952627083,1,0
597,2009,R3,2009,1,Grade 4,SD:SD,MAT,4,MRPCM,ND,North Dakota,TOTAL,All students,1,All students,23.2005850642165,1,0
598,2009,R3,2009,1,Grade 4,MN:MN,MAT,4,MRPCM,NE,Nebraska,TOTAL,All students,1,All students,238.748463363704,1,0
599,2009,R3,2009,1,Grade 4,SD:SD,MAT,4,MRPCM,NE,Nebraska,TOTAL,All students,1,All students,27.2900480497761,1,0
600,2009,R3,2009,1,Grade 4,MN:MN,MAT,4,MRPCM,NH,New Hampshire,TOTAL,All students,1,All students,251.071752631735,1,0
601,2009,R3,2009,1,Grade 4,SD:SD,MAT,4,MRPCM,NH,New Hampshire,TOTAL,All students,1,All students,25.4868923884003,1,0
602,2009,R3,2009,1,Grade 4,MN:MN,MAT,4,MRPCM,NJ,New Jersey,TOTAL,All students,1,All students,246.52986977978,1,0
603,2009,R3,2009,1,Grade 4,SD:SD,MAT,4,MRPCM,NJ,New Jersey,TOTAL,All students,1,All students,27.4557269751617,1,0
604,2009,R3,2009,1,Grade 4,MN:MN,MAT,4,MRPCM,NM,New Mexico,TOTAL,All students,1,All students,230.029589245712,1,0
605,2009,R3,2009,1,Grade 4,SD:SD,MAT,4,MRPCM,NM,New Mexico,TOTAL,All students,1,All students,28.8309761721528,1,0
606,2009,R3,2009,1,Grade 4,MN:MN,MAT,4,MRPCM,NP,National public,TOTAL,All students,1,All students,239.093314491012,1,0
607,2009,R3,2009,1,Grade 4,SD:SD,MAT,4,MRPCM,NP,National public,TOTAL,All students,1,All students,28.9152238898074,1,0
608,2009,R3,2009,1,Grade 4,MN:MN,MAT,4,MRPCM,NR,National private,TOTAL,All students,1,All students,245.933178136167,1,0
609,2009,R3,2009,1,Grade 4,SD:SD,MAT,4,MRPCM,NR,National private,TOTAL,All students,1,All students,25.7863409552817,1,0
610,2009,R3,2009,1,Grade 4,MN:MN,MAT,4,MRPCM,NT,National,TOTAL,All students,1,All students,239.67186877293,1,0
611,2009,R3,2009,1,Grade 4,SD:SD,MAT,4,MRPCM,NT,National,TOTAL,All students,1,All students,28.724707765843,1,0
612,2009,R3,2009,1,Grade 4,MN:MN,MAT,4,MRPCM,NV,Nevada,TOTAL,All students,1,All students,235.152273891367,1,0
613,2009,R3,2009,1,Grade 4,SD:SD,MAT,4,MRPCM,NV,Nevada,TOTAL,All students,1,All students,27.4208090089544,1,0
614,2009,R3,2009,1,Grade 4,MN:MN,MAT,4,MRPCM,NY,New York,TOTAL,All students,1,All students,240.641098758037,1,0
615,2009,R3,2009,1,Grade 4,SD:SD,MAT,4,MRPCM,NY,New York,TOTAL,All students,1,All students,27.4197513853793,1,0
616,2009,R3,2009,1,Grade 4,MN:MN,MAT,4,MRPCM,OH,Ohio,TOTAL,All students,1,All students,243.687552859397,1,0
617,2009,R3,2009,1,Grade 4,SD:SD,MAT,4,MRPCM,OH,Ohio,TOTAL,All students,1,All students,28.0515381401382,1,0
618,2009,R3,2009,1,Grade 4,MN:MN,MAT,4,MRPCM,OK,Oklahoma,TOTAL,All students,1,All students,236.780985587581,1,0
619,2009,R3,2009,1,Grade 4,SD:SD,MAT,4,MRPCM,OK,Oklahoma,TOTAL,All students,1,All students,25.1661215152812,1,0
620,2009,R3,2009,1,Grade 4,MN:MN,MAT,4,MRPCM,OR,Oregon,TOTAL,All students,1,All students,238.032327247651,1,0
621,2009,R3,2009,1,Grade 4,SD:SD,MAT,4,MRPCM,OR,Oregon,TOTAL,All students,1,All students,28.6151308752604,1,0
622,2009,R3,2009,1,Grade 4,MN:MN,MAT,4,MRPCM,PA,Pennsylvania,TOTAL,All students,1,All students,243.58787315025,1,0
623,2009,R3,2009,1,Grade 4,SD:SD,MAT,4,MRPCM,PA,Pennsylvania,TOTAL,All students,1,All students,28.5844456116717,1,0
624,2009,R3,2009,1,Grade 4,MN:MN,MAT,4,MRPCM,RI,Rhode Island,TOTAL,All students,1,All students,238.766859093511,1,0
625,2009,R3,2009,1,Grade 4,SD:SD,MAT,4,MRPCM,RI,Rhode Island,TOTAL,All students,1,All students,29.3945567664482,1,0
626,2009,R3,2009,1,Grade 4,MN:MN,MAT,4,MRPCM,SC,South Carolina,TOTAL,All students,1,All students,235.668302476928,1,0
627,2009,R3,2009,1,Grade 4,SD:SD,MAT,4,MRPCM,SC,South Carolina,TOTAL,All students,1,All students,29.369734495836,1,0
628,2009,R3,2009,1,Grade 4,MN:MN,MAT,4,MRPCM,SD,South Dakota,TOTAL,All students,1,All students,242.097789760041,1,0
629,2009,R3,2009,1,Grade 4,SD:SD,MAT,4,MRPCM,SD,South Dakota,TOTAL,All students,1,All students,26.2508736753133,1,0
630,2009,R3,2009,1,Grade 4,MN:MN,MAT,4,MRPCM,TN,Tennessee,TOTAL,All students,1,All students,231.825486199848,1,0
631,2009,R3,2009,1,Grade 4,SD:SD,MAT,4,MRPCM,TN,Tennessee,TOTAL,All students,1,All students,27.8931523439713,1,0
632,2009,R3,2009,1,Grade 4,MN:MN,MAT,4,MRPCM,TX,Texas,TOTAL,All students,1,All students,240.464623710389,1,0
633,2009,R3,2009,1,Grade 4,SD:SD,MAT,4,MRPCM,TX,Texas,TOTAL,All students,1,All students,25.5788994606231,1,0
634,2009,R3,2009,1,Grade 4,MN:MN,MAT,4,MRPCM,UT,Utah,TOTAL,All students,1,All students,240.318712615955,1,0
635,2009,R3,2009,1,Grade 4,SD:SD,MAT,4,MRPCM,UT,Utah,TOTAL,All students,1,All students,29.5501269118377,1,0
636,2009,R3,2009,1,Grade 4,MN:MN,MAT,4,MRPCM,VA,Virginia,TOTAL,All students,1,All students,243.0712968888,1,0
637,2009,R3,2009,1,Grade 4,SD:SD,MAT,4,MRPCM,VA,Virginia,TOTAL,All students,1,All students,27.5582535027172,1,0
638,2009,R3,2009,1,Grade 4,MN:MN,MAT,4,MRPCM,VT,Vermont,TOTAL,All students,1,All students,247.767226051132,1,0
639,2009,R3,2009,1,Grade 4,SD:SD,MAT,4,MRPCM,VT,Vermont,TOTAL,All students,1,All students,27.0081082669925,1,0
640,2009,R3,2009,1,Grade 4,MN:MN,MAT,4,MRPCM,WA,Washington,TOTAL,All students,1,All students,242.257091212754,1,0
641,2009,R3,2009,1,Grade 4,SD:SD,MAT,4,MRPCM,WA,Washington,TOTAL,All students,1,All students,28.6666844216034,1,0
642,2009,R3,2009,1,Grade 4,MN:MN,MAT,4,MRPCM,WI,Wisconsin,TOTAL,All students,1,All students,243.585253522635,1,0
643,2009,R3,2009,1,Grade 4,SD:SD,MAT,4,MRPCM,WI,Wisconsin,TOTAL,All students,1,All students,28.4744353491506,1,0
644,2009,R3,2009,1,Grade 4,MN:MN,MAT,4,MRPCM,WV,West Virginia,TOTAL,All students,1,All students,232.983144485532,1,0
645,2009,R3,2009,1,Grade 4,SD:SD,MAT,4,MRPCM,WV,West Virginia,TOTAL,All students,1,All students,26.1894041770773,1,0
646,2009,R3,2009,1,Grade 4,MN:MN,MAT,4,MRPCM,WY,Wyoming,TOTAL,All students,1,All students,242.009195680162,1,0
647,2009,R3,2009,1,Grade 4,SD:SD,MAT,4,MRPCM,WY,Wyoming,TOTAL,All students,1,All students,24.2066493528785,1,0
648,2013,R3,2013,1,Grade 4,MN:MN,MAT,4,MRPCM,AK,Alaska,TOTAL,All students,1,All students,236.122004416339,1,0
649,2013,R3,2013,1,Grade 4,SD:SD,MAT,4,MRPCM,AK,Alaska,TOTAL,All students,1,All students,32.241643946685,1,0
650,2013,R3,2013,1,Grade 4,MN:MN,MAT,4,MRPCM,AL,Alabama,TOTAL,All students,1,All students,232.861332466148,1,0
651,2013,R3,2013,1,Grade 4,SD:SD,MAT,4,MRPCM,AL,Alabama,TOTAL,All students,1,All students,28.2559686755827,1,0
652,2013,R3,2013,1,Grade 4,MN:MN,MAT,4,MRPCM,AR,Arkansas,TOTAL,All students,1,All students,239.89052210005,1,0
653,2013,R3,2013,1,Grade 4,SD:SD,MAT,4,MRPCM,AR,Arkansas,TOTAL,All students,1,All students,27.9744680410881,1,0
654,2013,R3,2013,1,Grade 4,MN:MN,MAT,4,MRPCM,AZ,Arizona,TOTAL,All students,1,All students,240.304911470576,1,0
655,2013,R3,2013,1,Grade 4,SD:SD,MAT,4,MRPCM,AZ,Arizona,TOTAL,All students,1,All students,29.9614812878338,1,0
656,2013,R3,2013,1,Grade 4,MN:MN,MAT,4,MRPCM,CA,California,TOTAL,All students,1,All students,233.654464624413,1,0
657,2013,R3,2013,1,Grade 4,SD:SD,MAT,4,MRPCM,CA,California,TOTAL,All students,1,All students,31.2405941539843,1,0
658,2013,R3,2013,1,Grade 4,MN:MN,MAT,4,MRPCM,CO,Colorado,TOTAL,All students,1,All students,246.975708032011,1,0
659,2013,R3,2013,1,Grade 4,SD:SD,MAT,4,MRPCM,CO,Colorado,TOTAL,All students,1,All students,29.1430560012703,1,0
660,2013,R3,2013,1,Grade 4,MN:MN,MAT,4,MRPCM,CT,Connecticut,TOTAL,All students,1,All students,243.440297394202,1,0
661,2013,R3,2013,1,Grade 4,SD:SD,MAT,4,MRPCM,CT,Connecticut,TOTAL,All students,1,All students,29.8011366182585,1,0
662,2013,R3,2013,1,Grade 4,MN:MN,MAT,4,MRPCM,DC,District of Columbia,TOTAL,All students,1,All students,228.567253872576,1,0
663,2013,R3,2013,1,Grade 4,SD:SD,MAT,4,MRPCM,DC,District of Columbia,TOTAL,All students,1,All students,34.9038400996613,1,0
664,2013,R3,2013,1,Grade 4,MN:MN,MAT,4,MRPCM,DE,Delaware,TOTAL,All students,1,All students,243.107758182676,1,0
665,2013,R3,2013,1,Grade 4,SD:SD,MAT,4,MRPCM,DE,Delaware,TOTAL,All students,1,All students,27.3503719637461,1,0
666,2013,R3,2013,1,Grade 4,MN:MN,MAT,4,MRPCM,FL,Florida,TOTAL,All students,1,All students,241.675809566843,1,0
667,2013,R3,2013,1,Grade 4,SD:SD,MAT,4,MRPCM,FL,Florida,TOTAL,All students,1,All students,27.4075089395987,1,0
668,2013,R3,2013,1,Grade 4,MN:MN,MAT,4,MRPCM,GA,Georgia,TOTAL,All students,1,All students,240.04723664593,1,0
669,2013,R3,2013,1,Grade 4,SD:SD,MAT,4,MRPCM,GA,Georgia,TOTAL,All students,1,All students,29.5838377514236,1,0
670,2013,R3,2013,1,Grade 4,MN:MN,MAT,4,MRPCM,HI,Hawaii,TOTAL,All students,1,All students,243.308618941163,1,0
671,2013,R3,2013,1,Grade 4,SD:SD,MAT,4,MRPCM,HI,Hawaii,TOTAL,All students,1,All students,30.9314035431949,1,0
672,2013,R3,2013,1,Grade 4,MN:MN,MAT,4,MRPCM,IA,Iowa,TOTAL,All students,1,All students,245.793505546843,1,0
673,2013,R3,2013,1,Grade 4,SD:SD,MAT,4,MRPCM,IA,Iowa,TOTAL,All students,1,All students,28.5314260563546,1,0
674,2013,R3,2013,1,Grade 4,MN:MN,MAT,4,MRPCM,ID,Idaho,TOTAL,All students,1,All students,240.722019842936,1,0
675,2013,R3,2013,1,Grade 4,SD:SD,MAT,4,MRPCM,ID,Idaho,TOTAL,All students,1,All students,28.0348251950488,1,0
676,2013,R3,2013,1,Grade 4,MN:MN,MAT,4,MRPCM,IL,Illinois,TOTAL,All students,1,All students,239.000204017003,1,0
677,2013,R3,2013,1,Grade 4,SD:SD,MAT,4,MRPCM,IL,Illinois,TOTAL,All students,1,All students,31.7414263478422,1,0
678,2013,R3,2013,1,Grade 4,MN:MN,MAT,4,MRPCM,IN,Indiana,TOTAL,All students,1,All students,248.596777358002,1,0
679,2013,R3,2013,1,Grade 4,SD:SD,MAT,4,MRPCM,IN,Indiana,TOTAL,All students,1,All students,27.3460351230407,1,0
680,2013,R3,2013,1,Grade 4,MN:MN,MAT,4,MRPCM,KS,Kansas,TOTAL,All students,1,All students,246.185701870944,1,0
681,2013,R3,2013,1,Grade 4,SD:SD,MAT,4,MRPCM,KS,Kansas,TOTAL,All students,1,All students,26.2076107086367,1,0
682,2013,R3,2013,1,Grade 4,MN:MN,MAT,4,MRPCM,KY,Kentucky,TOTAL,All students,1,All students,241.469926794712,1,0
683,2013,R3,2013,1,Grade 4,SD:SD,MAT,4,MRPCM,KY,Kentucky,TOTAL,All students,1,All students,28.1435416156238,1,0
684,2013,R3,2013,1,Grade 4,MN:MN,MAT,4,MRPCM,LA,Louisiana,TOTAL,All students,1,All students,231.36630864379,1,0
685,2013,R3,2013,1,Grade 4,SD:SD,MAT,4,MRPCM,LA,Louisiana,TOTAL,All students,1,All students,27.3409391562998,1,0
686,2013,R3,2013,1,Grade 4,MN:MN,MAT,4,MRPCM,MA,Massachusetts,TOTAL,All students,1,All students,253.033785201779,1,0
687,2013,R3,2013,1,Grade 4,SD:SD,MAT,4,MRPCM,MA,Massachusetts,TOTAL,All students,1,All students,29.3114985296676,1,0
688,2013,R3,2013,1,Grade 4,MN:MN,MAT,4,MRPCM,MD,Maryland,TOTAL,All students,1,All students,245.169379546775,1,0
689,2013,R3,2013,1,Grade 4,SD:SD,MAT,4,MRPCM,MD,Maryland,TOTAL,All students,1,All students,33.3615400664206,1,0
690,2013,R3,2013,1,Grade 4,MN:MN,MAT,4,MRPCM,ME,Maine,TOTAL,All students,1,All students,245.847001798672,1,0
691,2013,R3,2013,1,Grade 4,SD:SD,MAT,4,MRPCM,ME,Maine,TOTAL,All students,1,All students,27.5400636996855,1,0
692,2013,R3,2013,1,Grade 4,MN:MN,MAT,4,MRPCM,MI,Michigan,TOTAL,All students,1,All students,236.819778402754,1,0
693,2013,R3,2013,1,Grade 4,SD:SD,MAT,4,MRPCM,MI,Michigan,TOTAL,All students,1,All students,31.6271981538398,1,0
694,2013,R3,2013,1,Grade 4,MN:MN,MAT,4,MRPCM,MN,Minnesota,TOTAL,All students,1,All students,253.420961133202,1,0
695,2013,R3,2013,1,Grade 4,SD:SD,MAT,4,MRPCM,MN,Minnesota,TOTAL,All students,1,All students,29.5003021947054,1,0
696,2013,R3,2013,1,Grade 4,MN:MN,MAT,4,MRPCM,MO,Missouri,TOTAL,All students,1,All students,239.548361930055,1,0
697,2013,R3,2013,1,Grade 4,SD:SD,MAT,4,MRPCM,MO,Missouri,TOTAL,All students,1,All students,28.3395700288008,1,0
698,2013,R3,2013,1,Grade 4,MN:MN,MAT,4,MRPCM,MS,Mississippi,TOTAL,All students,1,All students,231.105721411129,1,0
699,2013,R3,2013,1,Grade 4,SD:SD,MAT,4,MRPCM,MS,Mississippi,TOTAL,All students,1,All students,27.033875659747,1,0
700,2013,R3,2013,1,Grade 4,MN:MN,MAT,4,MRPCM,MT,Montana,TOTAL,All students,1,All students,243.69888459472,1,0
701,2013,R3,2013,1,Grade 4,SD:SD,MAT,4,MRPCM,MT,Montana,TOTAL,All students,1,All students,27.4655201094638,1,0
702,2013,R3,2013,1,Grade 4,MN:MN,MAT,4,MRPCM,NC,North Carolina,TOTAL,All students,1,All students,244.801732892983,1,0
703,2013,R3,2013,1,Grade 4,SD:SD,MAT,4,MRPCM,NC,North Carolina,TOTAL,All students,1,All students,27.5381480841567,1,0
704,2013,R3,2013,1,Grade 4,MN:MN,MAT,4,MRPCM,ND,North Dakota,TOTAL,All students,1,All students,246.424794889496,1,0
705,2013,R3,2013,1,Grade 4,SD:SD,MAT,4,MRPCM,ND,North Dakota,TOTAL,All students,1,All students,25.6649951530357,1,0
706,2013,R3,2013,1,Grade 4,MN:MN,MAT,4,MRPCM,NE,Nebraska,TOTAL,All students,1,All students,243.157929125431,1,0
707,2013,R3,2013,1,Grade 4,SD:SD,MAT,4,MRPCM,NE,Nebraska,TOTAL,All students,1,All students,29.4334285861861,1,0
708,2013,R3,2013,1,Grade 4,MN:MN,MAT,4,MRPCM,NH,New Hampshire,TOTAL,All students,1,All students,252.993525166642,1,0
709,2013,R3,2013,1,Grade 4,SD:SD,MAT,4,MRPCM,NH,New Hampshire,TOTAL,All students,1,All students,25.900677917857,1,0
710,2013,R3,2013,1,Grade 4,MN:MN,MAT,4,MRPCM,NJ,New Jersey,TOTAL,All students,1,All students,246.870909198593,1,0
711,2013,R3,2013,1,Grade 4,SD:SD,MAT,4,MRPCM,NJ,New Jersey,TOTAL,All students,1,All students,29.4293890635856,1,0
712,2013,R3,2013,1,Grade 4,MN:MN,MAT,4,MRPCM,NM,New Mexico,TOTAL,All students,1,All students,232.781432931356,1,0
713,2013,R3,2013,1,Grade 4,SD:SD,MAT,4,MRPCM,NM,New Mexico,TOTAL,All students,1,All students,29.7566790679177,1,0
714,2013,R3,2013,1,Grade 4,MN:MN,MAT,4,MRPCM,NP,National public,TOTAL,All students,1,All students,241.180191279369,1,0
715,2013,R3,2013,1,Grade 4,SD:SD,MAT,4,MRPCM,NP,National public,TOTAL,All students,1,All students,29.7001109735469,1,0
716,2013,R3,2013,1,Grade 4,MN:MN,MAT,4,MRPCM,NR,National private,TOTAL,All students,1,All students,246.014713067569,1,0
717,2013,R3,2013,1,Grade 4,SD:SD,MAT,4,MRPCM,NR,National private,TOTAL,All students,1,All students,27.8311447350917,1,0
718,2013,R3,2013,1,Grade 4,MN:MN,MAT,4,MRPCM,NT,National,TOTAL,All students,1,All students,241.550783175736,1,0
719,2013,R3,2013,1,Grade 4,SD:SD,MAT,4,MRPCM,NT,National,TOTAL,All students,1,All students,29.5855549815375,1,0
720,2013,R3,2013,1,Grade 4,MN:MN,MAT,4,MRPCM,NV,Nevada,TOTAL,All students,1,All students,236.262899387868,1,0
721,2013,R3,2013,1,Grade 4,SD:SD,MAT,4,MRPCM,NV,Nevada,TOTAL,All students,1,All students,28.236465251587,1,0
722,2013,R3,2013,1,Grade 4,MN:MN,MAT,4,MRPCM,NY,New York,TOTAL,All students,1,All students,240.349816866839,1,0
723,2013,R3,2013,1,Grade 4,SD:SD,MAT,4,MRPCM,NY,New York,TOTAL,All students,1,All students,28.9219988281091,1,0
724,2013,R3,2013,1,Grade 4,MN:MN,MAT,4,MRPCM,OH,Ohio,TOTAL,All students,1,All students,245.549796905114,1,0
725,2013,R3,2013,1,Grade 4,SD:SD,MAT,4,MRPCM,OH,Ohio,TOTAL,All students,1,All students,29.416528841947,1,0
726,2013,R3,2013,1,Grade 4,MN:MN,MAT,4,MRPCM,OK,Oklahoma,TOTAL,All students,1,All students,238.92187747804,1,0
727,2013,R3,2013,1,Grade 4,SD:SD,MAT,4,MRPCM,OK,Oklahoma,TOTAL,All students,1,All students,26.7396601373023,1,0
728,2013,R3,2013,1,Grade 4,MN:MN,MAT,4,MRPCM,OR,Oregon,TOTAL,All students,1,All students,240.099252018006,1,0
729,2013,R3,2013,1,Grade 4,SD:SD,MAT,4,MRPCM,OR,Oregon,TOTAL,All students,1,All students,30.671845119813,1,0
730,2013,R3,2013,1,Grade 4,MN:MN,MAT,4,MRPCM,PA,Pennsylvania,TOTAL,All students,1,All students,244.012619964297,1,0
731,2013,R3,2013,1,Grade 4,SD:SD,MAT,4,MRPCM,PA,Pennsylvania,TOTAL,All students,1,All students,28.5732951973871,1,0
732,2013,R3,2013,1,Grade 4,MN:MN,MAT,4,MRPCM,RI,Rhode Island,TOTAL,All students,1,All students,241.416735236635,1,0
733,2013,R3,2013,1,Grade 4,SD:SD,MAT,4,MRPCM,RI,Rhode Island,TOTAL,All students,1,All students,30.0066046123065,1,0
734,2013,R3,2013,1,Grade 4,MN:MN,MAT,4,MRPCM,SC,South Carolina,TOTAL,All students,1,All students,236.625899742704,1,0
735,2013,R3,2013,1,Grade 4,SD:SD,MAT,4,MRPCM,SC,South Carolina,TOTAL,All students,1,All students,29.5215269741798,1,0
736,2013,R3,2013,1,Grade 4,MN:MN,MAT,4,MRPCM,SD,South Dakota,TOTAL,All students,1,All students,240.981099722242,1,0
737,2013,R3,2013,1,Grade 4,SD:SD,MAT,4,MRPCM,SD,South Dakota,TOTAL,All students,1,All students,27.1348416794921,1,0
738,2013,R3,2013,1,Grade 4,MN:MN,MAT,4,MRPCM,TN,Tennessee,TOTAL,All students,1,All students,239.774787022732,1,0
739,2013,R3,2013,1,Grade 4,SD:SD,MAT,4,MRPCM,TN,Tennessee,TOTAL,All students,1,All students,29.9054128242632,1,0
740,2013,R3,2013,1,Grade 4,MN:MN,MAT,4,MRPCM,TX,Texas,TOTAL,All students,1,All students,241.926288740505,1,0
741,2013,R3,2013,1,Grade 4,SD:SD,MAT,4,MRPCM,TX,Texas,TOTAL,All students,1,All students,28.0940739575327,1,0
742,2013,R3,2013,1,Grade 4,MN:MN,MAT,4,MRPCM,UT,Utah,TOTAL,All students,1,All students,242.820688734808,1,0
743,2013,R3,2013,1,Grade 4,SD:SD,MAT,4,MRPCM,UT,Utah,TOTAL,All students,1,All students,29.9555817565165,1,0
744,2013,R3,2013,1,Grade 4,MN:MN,MAT,4,MRPCM,VA,Virginia,TOTAL,All students,1,All students,246.177456938875,1,0
745,2013,R3,2013,1,Grade 4,SD:SD,MAT,4,MRPCM,VA,Virginia,TOTAL,All students,1,All students,27.671215426155,1,0
746,2013,R3,2013,1,Grade 4,MN:MN,MAT,4,MRPCM,VT,Vermont,TOTAL,All students,1,All students,247.803294738209,1,0
747,2013,R3,2013,1,Grade 4,SD:SD,MAT,4,MRPCM,VT,Vermont,TOTAL,All students,1,All students,29.0012689707462,1,0
748,2013,R3,2013,1,Grade 4,MN:MN,MAT,4,MRPCM,WA,Washington,TOTAL,All students,1,All students,246.288338069866,1,0
749,2013,R3,2013,1,Grade 4,SD:SD,MAT,4,MRPCM,WA,Washington,TOTAL,All students,1,All students,29.5372344695613,1,0
750,2013,R3,2013,1,Grade 4,MN:MN,MAT,4,MRPCM,WI,Wisconsin,TOTAL,All students,1,All students,244.706291648161,1,0
751,2013,R3,2013,1,Grade 4,SD:SD,MAT,4,MRPCM,WI,Wisconsin,TOTAL,All students,1,All students,29.904600425953,1,0
752,2013,R3,2013,1,Grade 4,MN:MN,MAT,4,MRPCM,WV,West Virginia,TOTAL,All students,1,All students,237.440632664342,1,0
753,2013,R3,2013,1,Grade 4,SD:SD,MAT,4,MRPCM,WV,West Virginia,TOTAL,All students,1,All students,27.6025105525723,1,0
754,2013,R3,2013,1,Grade 4,MN:MN,MAT,4,MRPCM,WY,Wyoming,TOTAL,All students,1,All students,246.522400920115,1,0
755,2013,R3,2013,1,Grade 4,SD:SD,MAT,4,MRPCM,WY,Wyoming,TOTAL,All students,1,All students,24.5879027846801,1,0
756,2015,R3,2015,1,Grade 4,MN:MN,MAT,4,MRPCM,AK,Alaska,TOTAL,All students,1,All students,236.328416950897,1,0
757,2015,R3,2015,1,Grade 4,SD:SD,MAT,4,MRPCM,AK,Alaska,TOTAL,All students,1,All students,31.0323983109868,1,0
758,2015,R3,2015,1,Grade 4,MN:MN,MAT,4,MRPCM,AL,Alabama,TOTAL,All students,1,All students,230.977422662321,1,0
759,2015,R3,2015,1,Grade 4,SD:SD,MAT,4,MRPCM,AL,Alabama,TOTAL,All students,1,All students,27.435285452494,1,0
760,2015,R3,2015,1,Grade 4,MN:MN,MAT,4,MRPCM,AR,Arkansas,TOTAL,All students,1,All students,235.215469726642,1,0
761,2015,R3,2015,1,Grade 4,SD:SD,MAT,4,MRPCM,AR,Arkansas,TOTAL,All students,1,All students,27.5204149882338,1,0
762,2015,R3,2015,1,Grade 4,MN:MN,MAT,4,MRPCM,AZ,Arizona,TOTAL,All students,1,All students,237.61175542795,1,0
763,2015,R3,2015,1,Grade 4,SD:SD,MAT,4,MRPCM,AZ,Arizona,TOTAL,All students,1,All students,30.2094901991831,1,0
764,2015,R3,2015,1,Grade 4,MN:MN,MAT,4,MRPCM,CA,California,TOTAL,All students,1,All students,231.549345006155,1,0
765,2015,R3,2015,1,Grade 4,SD:SD,MAT,4,MRPCM,CA,California,TOTAL,All students,1,All students,31.1122941608928,1,0
766,2015,R3,2015,1,Grade 4,MN:MN,MAT,4,MRPCM,CO,Colorado,TOTAL,All students,1,All students,241.563575620412,1,0
767,2015,R3,2015,1,Grade 4,SD:SD,MAT,4,MRPCM,CO,Colorado,TOTAL,All students,1,All students,30.7944551608916,1,0
768,2015,R3,2015,1,Grade 4,MN:MN,MAT,4,MRPCM,CT,Connecticut,TOTAL,All students,1,All students,240.159468855002,1,0
769,2015,R3,2015,1,Grade 4,SD:SD,MAT,4,MRPCM,CT,Connecticut,TOTAL,All students,1,All students,30.2026792364115,1,0
770,2015,R3,2015,1,Grade 4,MN:MN,MAT,4,MRPCM,DC,District of Columbia,TOTAL,All students,1,All students,231.307525116183,1,0
771,2015,R3,2015,1,Grade 4,SD:SD,MAT,4,MRPCM,DC,District of Columbia,TOTAL,All students,1,All students,34.3049661449359,1,0
772,2015,R3,2015,1,Grade 4,MN:MN,MAT,4,MRPCM,DE,Delaware,TOTAL,All students,1,All students,238.67801881991,1,0
773,2015,R3,2015,1,Grade 4,SD:SD,MAT,4,MRPCM,DE,Delaware,TOTAL,All students,1,All students,27.9437383995088,1,0
774,2015,R3,2015,1,Grade 4,MN:MN,MAT,4,MRPCM,FL,Florida,TOTAL,All students,1,All students,242.664320928614,1,0
775,2015,R3,2015,1,Grade 4,SD:SD,MAT,4,MRPCM,FL,Florida,TOTAL,All students,1,All students,27.5626250341149,1,0
776,2015,R3,2015,1,Grade 4,MN:MN,MAT,4,MRPCM,GA,Georgia,TOTAL,All students,1,All students,236.452519256357,1,0
777,2015,R3,2015,1,Grade 4,SD:SD,MAT,4,MRPCM,GA,Georgia,TOTAL,All students,1,All students,28.9034162101439,1,0
778,2015,R3,2015,1,Grade 4,MN:MN,MAT,4,MRPCM,HI,Hawaii,TOTAL,All students,1,All students,237.895806837329,1,0
779,2015,R3,2015,1,Grade 4,SD:SD,MAT,4,MRPCM,HI,Hawaii,TOTAL,All students,1,All students,31.3272212147583,1,0
780,2015,R3,2015,1,Grade 4,MN:MN,MAT,4,MRPCM,IA,Iowa,TOTAL,All students,1,All students,243.339911874178,1,0
781,2015,R3,2015,1,Grade 4,SD:SD,MAT,4,MRPCM,IA,Iowa,TOTAL,All students,1,All students,29.6510127934135,1,0
782,2015,R3,2015,1,Grade 4,MN:MN,MAT,4,MRPCM,ID,Idaho,TOTAL,All students,1,All students,238.799624712685,1,0
783,2015,R3,2015,1,Grade 4,SD:SD,MAT,4,MRPCM,ID,Idaho,TOTAL,All students,1,All students,29.0005499161357,1,0
784,2015,R3,2015,1,Grade 4,MN:MN,MAT,4,MRPCM,IL,Illinois,TOTAL,All students,1,All students,237.307813789509,1,0
785,2015,R3,2015,1,Grade 4,SD:SD,MAT,4,MRPCM,IL,Illinois,TOTAL,All students,1,All students,32.2444417457682,1,0
786,2015,R3,2015,1,Grade 4,MN:MN,MAT,4,MRPCM,IN,Indiana,TOTAL,All students,1,All students,247.652183620087,1,0
787,2015,R3,2015,1,Grade 4,SD:SD,MAT,4,MRPCM,IN,Indiana,TOTAL,All students,1,All students,27.0371241224539,1,0
788,2015,R3,2015,1,Grade 4,MN:MN,MAT,4,MRPCM,KS,Kansas,TOTAL,All students,1,All students,241.067208517258,1,0
789,2015,R3,2015,1,Grade 4,SD:SD,MAT,4,MRPCM,KS,Kansas,TOTAL,All students,1,All students,29.2653410534,1,0
790,2015,R3,2015,1,Grade 4,MN:MN,MAT,4,MRPCM,KY,Kentucky,TOTAL,All students,1,All students,241.727761931052,1,0
791,2015,R3,2015,1,Grade 4,SD:SD,MAT,4,MRPCM,KY,Kentucky,TOTAL,All students,1,All students,27.8092173732482,1,0
792,2015,R3,2015,1,Grade 4,MN:MN,MAT,4,MRPCM,LA,Louisiana,TOTAL,All students,1,All students,234.28190182677,1,0
793,2015,R3,2015,1,Grade 4,SD:SD,MAT,4,MRPCM,LA,Louisiana,TOTAL,All students,1,All students,26.9040930674823,1,0
794,2015,R3,2015,1,Grade 4,MN:MN,MAT,4,MRPCM,MA,Massachusetts,TOTAL,All students,1,All students,250.565777826282,1,0
795,2015,R3,2015,1,Grade 4,SD:SD,MAT,4,MRPCM,MA,Massachusetts,TOTAL,All students,1,All students,28.6787039713925,1,0
796,2015,R3,2015,1,Grade 4,MN:MN,MAT,4,MRPCM,MD,Maryland,TOTAL,All students,1,All students,239.49975090765,1,0
797,2015,R3,2015,1,Grade 4,SD:SD,MAT,4,MRPCM,MD,Maryland,TOTAL,All students,1,All students,31.523097790493,1,0
798,2015,R3,2015,1,Grade 4,MN:MN,MAT,4,MRPCM,ME,Maine,TOTAL,All students,1,All students,242.244654099765,1,0
799,2015,R3,2015,1,Grade 4,SD:SD,MAT,4,MRPCM,ME,Maine,TOTAL,All students,1,All students,28.2125758630003,1,0
800,2015,R3,2015,1,Grade 4,MN:MN,MAT,4,MRPCM,MI,Michigan,TOTAL,All students,1,All students,235.728893690295,1,0
801,2015,R3,2015,1,Grade 4,SD:SD,MAT,4,MRPCM,MI,Michigan,TOTAL,All students,1,All students,29.7594078553347,1,0
802,2015,R3,2015,1,Grade 4,MN:MN,MAT,4,MRPCM,MN,Minnesota,TOTAL,All students,1,All students,249.575846952089,1,0
803,2015,R3,2015,1,Grade 4,SD:SD,MAT,4,MRPCM,MN,Minnesota,TOTAL,All students,1,All students,31.5397884134219,1,0
804,2015,R3,2015,1,Grade 4,MN:MN,MAT,4,MRPCM,MO,Missouri,TOTAL,All students,1,All students,238.964922500718,1,0
805,2015,R3,2015,1,Grade 4,SD:SD,MAT,4,MRPCM,MO,Missouri,TOTAL,All students,1,All students,28.7963449641114,1,0
806,2015,R3,2015,1,Grade 4,MN:MN,MAT,4,MRPCM,MS,Mississippi,TOTAL,All students,1,All students,234.243053139768,1,0
807,2015,R3,2015,1,Grade 4,SD:SD,MAT,4,MRPCM,MS,Mississippi,TOTAL,All students,1,All students,26.808295636452,1,0
808,2015,R3,2015,1,Grade 4,MN:MN,MAT,4,MRPCM,MT,Montana,TOTAL,All students,1,All students,241.287048262014,1,0
809,2015,R3,2015,1,Grade 4,SD:SD,MAT,4,MRPCM,MT,Montana,TOTAL,All students,1,All students,27.9452765357007,1,0
810,2015,R3,2015,1,Grade 4,MN:MN,MAT,4,MRPCM,NC,North Carolina,TOTAL,All students,1,All students,243.742266788879,1,0
811,2015,R3,2015,1,Grade 4,SD:SD,MAT,4,MRPCM,NC,North Carolina,TOTAL,All students,1,All students,28.3358130760573,1,0
812,2015,R3,2015,1,Grade 4,MN:MN,MAT,4,MRPCM,ND,North Dakota,TOTAL,All students,1,All students,244.71383057758,1,0
813,2015,R3,2015,1,Grade 4,SD:SD,MAT,4,MRPCM,ND,North Dakota,TOTAL,All students,1,All students,27.1325453143352,1,0
814,2015,R3,2015,1,Grade 4,MN:MN,MAT,4,MRPCM,NE,Nebraska,TOTAL,All students,1,All students,243.863666875446,1,0
815,2015,R3,2015,1,Grade 4,SD:SD,MAT,4,MRPCM,NE,Nebraska,TOTAL,All students,1,All students,27.6999237712665,1,0
816,2015,R3,2015,1,Grade 4,MN:MN,MAT,4,MRPCM,NH,New Hampshire,TOTAL,All students,1,All students,249.150621351838,1,0
817,2015,R3,2015,1,Grade 4,SD:SD,MAT,4,MRPCM,NH,New Hampshire,TOTAL,All students,1,All students,26.3810377780185,1,0
818,2015,R3,2015,1,Grade 4,MN:MN,MAT,4,MRPCM,NJ,New Jersey,TOTAL,All students,1,All students,245.383220077076,1,0
819,2015,R3,2015,1,Grade 4,SD:SD,MAT,4,MRPCM,NJ,New Jersey,TOTAL,All students,1,All students,28.962742164134,1,0
820,2015,R3,2015,1,Grade 4,MN:MN,MAT,4,MRPCM,NM,New Mexico,TOTAL,All students,1,All students,231.167235964367,1,0
821,2015,R3,2015,1,Grade 4,SD:SD,MAT,4,MRPCM,NM,New Mexico,TOTAL,All students,1,All students,28.5763210339325,1,0
822,2015,R3,2015,1,Grade 4,MN:MN,MAT,4,MRPCM,NP,National public,TOTAL,All students,1,All students,239.854464419686,1,0
823,2015,R3,2015,1,Grade 4,SD:SD,MAT,4,MRPCM,NP,National public,TOTAL,All students,1,All students,29.8821206600155,1,0
824,2015,R3,2015,1,Grade 4,MN:MN,MAT,4,MRPCM,NR,National private,TOTAL,All students,1,All students,999.0,0,288
825,2015,R3,2015,1,Grade 4,SD:SD,MAT,4,MRPCM,NR,National private,TOTAL,All students,1,All students,999.0,0,288
826,2015,R3,2015,1,Grade 4,MN:MN,MAT,4,MRPCM,NT,National,TOTAL,All students,1,All students,240.389287044695,1,0
827,2015,R3,2015,1,Grade 4,SD:SD,MAT,4,MRPCM,NT,National,TOTAL,All students,1,All students,29.7929746733279,1,0
828,2015,R3,2015,1,Grade 4,MN:MN,MAT,4,MRPCM,NV,Nevada,TOTAL,All students,1,All students,233.827016206925,1,0
829,2015,R3,2015,1,Grade 4,SD:SD,MAT,4,MRPCM,NV,Nevada,TOTAL,All students,1,All students,29.6370596493444,1,0
830,2015,R3,2015,1,Grade 4,MN:MN,MAT,4,MRPCM,NY,New York,TOTAL,All students,1,All students,236.796927043204,1,0
831,2015,R3,2015,1,Grade 4,SD:SD,MAT,4,MRPCM,NY,New York,TOTAL,All students,1,All students,28.9155086798856,1,0
832,2015,R3,2015,1,Grade 4,MN:MN,MAT,4,MRPCM,OH,Ohio,TOTAL,All students,1,All students,243.598591203345,1,0
833,2015,R3,2015,1,Grade 4,SD:SD,MAT,4,MRPCM,OH,Ohio,TOTAL,All students,1,All students,28.7002068349043,1,0
834,2015,R3,2015,1,Grade 4,MN:MN,MAT,4,MRPCM,OK,Oklahoma,TOTAL,All students,1,All students,239.760481447062,1,0
835,2015,R3,2015,1,Grade 4,SD:SD,MAT,4,MRPCM,OK,Oklahoma,TOTAL,All students,1,All students,26.4933694502236,1,0
836,2015,R3,2015,1,Grade 4,MN:MN,MAT,4,MRPCM,OR,Oregon,TOTAL,All students,1,All students,237.74670893826,1,0
837,2015,R3,2015,1,Grade 4,SD:SD,MAT,4,MRPCM,OR,Oregon,TOTAL,All students,1,All students,30.0278542562712,1,0
838,2015,R3,2015,1,Grade 4,MN:MN,MAT,4,MRPCM,PA,Pennsylvania,TOTAL,All students,1,All students,243.312239940824,1,0
839,2015,R3,2015,1,Grade 4,SD:SD,MAT,4,MRPCM,PA,Pennsylvania,TOTAL,All students,1,All students,30.7073043536561,1,0
840,2015,R3,2015,1,Grade 4,MN:MN,MAT,4,MRPCM,RI,Rhode Island,TOTAL,All students,1,All students,238.001729682764,1,0
841,2015,R3,2015,1,Grade 4,SD:SD,MAT,4,MRPCM,RI,Rhode Island,TOTAL,All students,1,All students,29.7087579060751,1,0
842,2015,R3,2015,1,Grade 4,MN:MN,MAT,4,MRPCM,SC,South Carolina,TOTAL,All students,1,All students,237.089571458614,1,0
843,2015,R3,2015,1,Grade 4,SD:SD,MAT,4,MRPCM,SC,South Carolina,TOTAL,All students,1,All students,29.9397198436556,1,0
844,2015,R3,2015,1,Grade 4,MN:MN,MAT,4,MRPCM,SD,South Dakota,TOTAL,All students,1,All students,239.723094945658,1,0
845,2015,R3,2015,1,Grade 4,SD:SD,MAT,4,MRPCM,SD,South Dakota,TOTAL,All students,1,All students,27.9602773136238,1,0
846,2015,R3,2015,1,Grade 4,MN:MN,MAT,4,MRPCM,TN,Tennessee,TOTAL,All students,1,All students,240.667395743119,1,0
847,2015,R3,2015,1,Grade 4,SD:SD,MAT,4,MRPCM,TN,Tennessee,TOTAL,All students,1,All students,28.6033949882004,1,0
848,2015,R3,2015,1,Grade 4,MN:MN,MAT,4,MRPCM,TX,Texas,TOTAL,All students,1,All students,244.00247204328,1,0
849,2015,R3,2015,1,Grade 4,SD:SD,MAT,4,MRPCM,TX,Texas,TOTAL,All students,1,All students,28.4465528380098,1,0
850,2015,R3,2015,1,Grade 4,MN:MN,MAT,4,MRPCM,UT,Utah,TOTAL,All students,1,All students,242.562787058815,1,0
851,2015,R3,2015,1,Grade 4,SD:SD,MAT,4,MRPCM,UT,Utah,TOTAL,All students,1,All students,29.3518231574481,1,0
852,2015,R3,2015,1,Grade 4,MN:MN,MAT,4,MRPCM,VA,Virginia,TOTAL,All students,1,All students,246.612621705962,1,0
853,2015,R3,2015,1,Grade 4,SD:SD,MAT,4,MRPCM,VA,Virginia,TOTAL,All students,1,All students,28.326821347838,1,0
854,2015,R3,2015,1,Grade 4,MN:MN,MAT,4,MRPCM,VT,Vermont,TOTAL,All students,1,All students,243.250399158154,1,0
855,2015,R3,2015,1,Grade 4,SD:SD,MAT,4,MRPCM,VT,Vermont,TOTAL,All students,1,All students,28.813854520468,1,0
856,2015,R3,2015,1,Grade 4,MN:MN,MAT,4,MRPCM,WA,Washington,TOTAL,All students,1,All students,244.981422185301,1,0
857,2015,R3,2015,1,Grade 4,SD:SD,MAT,4,MRPCM,WA,Washington,TOTAL,All students,1,All students,32.3980789066292,1,0
858,2015,R3,2015,1,Grade 4,MN:MN,MAT,4,MRPCM,WI,Wisconsin,TOTAL,All students,1,All students,243.310211318799,1,0
859,2015,R3,2015,1,Grade 4,SD:SD,MAT,4,MRPCM,WI,Wisconsin,TOTAL,All students,1,All students,30.4963592159625,1,0
860,2015,R3,2015,1,Grade 4,MN:MN,MAT,4,MRPCM,WV,West Virginia,TOTAL,All students,1,All students,235.204661462065,1,0
861,2015,R3,2015,1,Grade 4,SD:SD,MAT,4,MRPCM,WV,West Virginia,TOTAL,All students,1,All students,29.2091779537358,1,0
862,2015,R3,2015,1,Grade 4,MN:MN,MAT,4,MRPCM,WY,Wyoming,TOTAL,All students,1,All students,246.759764467268,1,0
863,2015,R3,2015,1,Grade 4,SD:SD,MAT,4,MRPCM,WY,Wyoming,TOTAL,All students,1,All students,27.2882289258033,1,0
864,2019,R3,2019,1,Grade 4,MN:MN,MAT,4,MRPCM,AK,Alaska,TOTAL,All students,1,All students,232.307478546218,1,0
865,2019,R3,2019,1,Grade 4,SD:SD,MAT,4,MRPCM,AK,Alaska,TOTAL,All students,1,All students,34.000677504813,1,0
866,2019,R3,2019,1,Grade 4,MN:MN,MAT,4,MRPCM,AL,Alabama,TOTAL,All students,1,All students,229.651002236322,1,0
867,2019,R3,2019,1,Grade 4,SD:SD,MAT,4,MRPCM,AL,Alabama,TOTAL,All students,1,All students,31.6987301061692,1,0
868,2019,R3,2019,1,Grade 4,MN:MN,MAT,4,MRPCM,AR,Arkansas,TOTAL,All students,1,All students,233.252134193681,1,0
869,2019,R3,2019,1,Grade 4,SD:SD,MAT,4,MRPCM,AR,Arkansas,TOTAL,All students,1,All students,32.4879371081593,1,0
870,2019,R3,2019,1,Grade 4,MN:MN,MAT,4,MRPCM,AZ,Arizona,TOTAL,All students,1,All students,237.610210406623,1,0
871,2019,R3,2019,1,Grade 4,SD:SD,MAT,4,MRPCM,AZ,Arizona,TOTAL,All students,1,All students,31.9430467877081,1,0
872,2019,R3,2019,1,Grade 4,MN:MN,MAT,4,MRPCM,CA,California,TOTAL,All students,1,All students,234.721975584843,1,0
873,2019,R3,2019,1,Grade 4,SD:SD,MAT,4,MRPCM,CA,California,TOTAL,All students,1,All students,32.7405480283817,1,0
874,2019,R3,2019,1,Grade 4,MN:MN,MAT,4,MRPCM,CO,Colorado,TOTAL,All students,1,All students,241.865586480222,1,0
875,2019,R3,2019,1,Grade 4,SD:SD,MAT,4,MRPCM,CO,Colorado,TOTAL,All students,1,All students,33.5264070872072,1,0
876,2019,R3,2019,1,Grade 4,MN:MN,MAT,4,MRPCM,CT,Connecticut,TOTAL,All students,1,All students,243.259501751646,1,0
877,2019,R3,2019,1,Grade 4,SD:SD,MAT,4,MRPCM,CT,Connecticut,TOTAL,All students,1,All students,31.2535748865794,1,0
878,2019,R3,2019,1,Grade 4,MN:MN,MAT,4,MRPCM,DC,District of Columbia,TOTAL,All students,1,All students,234.635176052935,1,0
879,2019,R3,2019,1,Grade 4,SD:SD,MAT,4,MRPCM,DC,District of Columbia,TOTAL,All students,1,All students,34.4282521937684,1,0
880,2019,R3,2019,1,Grade 4,MN:MN,MAT,4,MRPCM,DE,Delaware,TOTAL,All students,1,All students,239.319659530785,1,0
881,2019,R3,2019,1,Grade 4,SD:SD,MAT,4,MRPCM,DE,Delaware,TOTAL,All students,1,All students,32.7722398619761,1,0
882,2019,R3,2019,1,Grade 4,MN:MN,MAT,4,MRPCM,FL,Florida,TOTAL,All students,1,All students,245.957606496751,1,0
883,2019,R3,2019,1,Grade 4,SD:SD,MAT,4,MRPCM,FL,Florida,TOTAL,All students,1,All students,27.9825407743397,1,0
884,2019,R3,2019,1,Grade 4,MN:MN,MAT,4,MRPCM,GA,Georgia,TOTAL,All students,1,All students,237.64845420903,1,0
885,2019,R3,2019,1,Grade 4,SD:SD,MAT,4,MRPCM,GA,Georgia,TOTAL,All students,1,All students,32.1117908708858,1,0
886,2019,R3,2019,1,Grade 4,MN:MN,MAT,4,MRPCM,HI,Hawaii,TOTAL,All students,1,All students,238.567337144858,1,0
887,2019,R3,2019,1,Grade 4,SD:SD,MAT,4,MRPCM,HI,Hawaii,TOTAL,All students,1,All students,32.3699230914928,1,0
888,2019,R3,2019,1,Grade 4,MN:MN,MAT,4,MRPCM,IA,Iowa,TOTAL,All students,1,All students,240.688738120696,1,0
889,2019,R3,2019,1,Grade 4,SD:SD,MAT,4,MRPCM,IA,Iowa,TOTAL,All students,1,All students,31.5339797389616,1,0
890,2019,R3,2019,1,Grade 4,MN:MN,MAT,4,MRPCM,ID,Idaho,TOTAL,All students,1,All students,241.898735184844,1,0
891,2019,R3,2019,1,Grade 4,SD:SD,MAT,4,MRPCM,ID,Idaho,TOTAL,All students,1,All students,30.6973370855684,1,0
892,2019,R3,2019,1,Grade 4,MN:MN,MAT,4,MRPCM,IL,Illinois,TOTAL,All students,1,All students,237.397321832596,1,0
893,2019,R3,2019,1,Grade 4,SD:SD,MAT,4,MRPCM,IL,Illinois,TOTAL,All students,1,All students,33.8845561959454,1,0
894,2019,R3,2019,1,Grade 4,MN:MN,MAT,4,MRPCM,IN,Indiana,TOTAL,All students,1,All students,244.883129817521,1,0
895,2019,R3,2019,1,Grade 4,SD:SD,MAT,4,MRPCM,IN,Indiana,TOTAL,All students,1,All students,31.4218357943094,1,0
896,2019,R3,2019,1,Grade 4,MN:MN,MAT,4,MRPCM,KS,Kansas,TOTAL,All students,1,All students,239.439793698183,1,0
897,2019,R3,2019,1,Grade 4,SD:SD,MAT,4,MRPCM,KS,Kansas,TOTAL,All students,1,All students,31.5532263513781,1,0
898,2019,R3,2019,1,Grade 4,MN:MN,MAT,4,MRPCM,KY,Kentucky,TOTAL,All students,1,All students,239.310713003117,1,0
899,2019,R3,2019,1,Grade 4,SD:SD,MAT,4,MRPCM,KY,Kentucky,TOTAL,All students,1,All students,31.5039754201352,1,0
900,2019,R3,2019,1,Grade 4,MN:MN,MAT,4,MRPCM,LA,Louisiana,TOTAL,All students,1,All students,231.29741319736,1,0
901,2019,R3,2019,1,Grade 4,SD:SD,MAT,4,MRPCM,LA,Louisiana,TOTAL,All students,1,All students,30.0022585606057,1,0
902,2019,R3,2019,1,Grade 4,MN:MN,MAT,4,MRPCM,MA,Massachusetts,TOTAL,All students,1,All students,247.319439954575,1,0
903,2019,R3,2019,1,Grade 4,SD:SD,MAT,4,MRPCM,MA,Massachusetts,TOTAL,All students,1,All students,31.9458482001273,1,0
904,2019,R3,2019,1,Grade 4,MN:MN,MAT,4,MRPCM,MD,Maryland,TOTAL,All students,1,All students,238.562488491722,1,0
905,2019,R3,2019,1,Grade 4,SD:SD,MAT,4,MRPCM,MD,Maryland,TOTAL,All students,1,All students,35.1103374306491,1,0
906,2019,R3,2019,1,Grade 4,MN:MN,MAT,4,MRPCM,ME,Maine,TOTAL,All students,1,All students,240.757590343136,1,0
907,2019,R3,2019,1,Grade 4,SD:SD,MAT,4,MRPCM,ME,Maine,TOTAL,All students,1,All students,31.2243651181298,1,0
908,2019,R3,2019,1,Grade 4,MN:MN,MAT,4,MRPCM,MI,Michigan,TOTAL,All students,1,All students,236.15158485638,1,0
909,2019,R3,2019,1,Grade 4,SD:SD,MAT,4,MRPCM,MI,Michigan,TOTAL,All students,1,All students,31.6270824811664,1,0
910,2019,R3,2019,1,Grade 4,MN:MN,MAT,4,MRPCM,MN,Minnesota,TOTAL,All students,1,All students,248.409532777318,1,0
911,2019,R3,2019,1,Grade 4,SD:SD,MAT,4,MRPCM,MN,Minnesota,TOTAL,All students,1,All students,32.6432163790422,1,0
912,2019,R3,2019,1,Grade 4,MN:MN,MAT,4,MRPCM,MO,Missouri,TOTAL,All students,1,All students,238.41019058942,1,0
913,2019,R3,2019,1,Grade 4,SD:SD,MAT,4,MRPCM,MO,Missouri,TOTAL,All students,1,All students,31.8399578286976,1,0
914,2019,R3,2019,1,Grade 4,MN:MN,MAT,4,MRPCM,MS,Mississippi,TOTAL,All students,1,All students,240.706890333851,1,0
915,2019,R3,2019,1,Grade 4,SD:SD,MAT,4,MRPCM,MS,Mississippi,TOTAL,All students,1,All students,26.8262752383192,1,0
916,2019,R3,2019,1,Grade 4,MN:MN,MAT,4,MRPCM,MT,Montana,TOTAL,All students,1,All students,241.113189876112,1,0
917,2019,R3,2019,1,Grade 4,SD:SD,MAT,4,MRPCM,MT,Montana,TOTAL,All students,1,All students,30.104733307513,1,0
918,2019,R3,2019,1,Grade 4,MN:MN,MAT,4,MRPCM,NC,North Carolina,TOTAL,All students,1,All students,241.408136375873,1,0
919,2019,R3,2019,1,Grade 4,SD:SD,MAT,4,MRPCM,NC,North Carolina,TOTAL,All students,1,All students,30.4700827700979,1,0
920,2019,R3,2019,1,Grade 4,MN:MN,MAT,4,MRPCM,ND,North Dakota,TOTAL,All students,1,All students,242.928390806625,1,0
921,2019,R3,2019,1,Grade 4,SD:SD,MAT,4,MRPCM,ND,North Dakota,TOTAL,All students,1,All students,28.8270529055937,1,0
922,2019,R3,2019,1,Grade 4,MN:MN,MAT,4,MRPCM,NE,Nebraska,TOTAL,All students,1,All students,243.770986026308,1,0
923,2019,R3,2019,1,Grade 4,SD:SD,MAT,4,MRPCM,NE,Nebraska,TOTAL,All students,1,All students,30.7854992989495,1,0
924,2019,R3,2019,1,Grade 4,MN:MN,MAT,4,MRPCM,NH,New Hampshire,TOTAL,All students,1,All students,244.559196330017,1,0
925,2019,R3,2019,1,Grade 4,SD:SD,MAT,4,MRPCM,NH,New Hampshire,TOTAL,All students,1,All students,29.7196536039001,1,0
926,2019,R3,2019,1,Grade 4,MN:MN,MAT,4,MRPCM,NJ,New Jersey,TOTAL,All students,1,All students,245.931598653239,1,0
927,2019,R3,2019,1,Grade 4,SD:SD,MAT,4,MRPCM,NJ,New Jersey,TOTAL,All students,1,All students,31.0737741258616,1,0
928,2019,R3,2019,1,Grade 4,MN:MN,MAT,4,MRPCM,NM,New Mexico,TOTAL,All students,1,All students,231.110316729628,1,0
929,2019,R3,2019,1,Grade 4,SD:SD,MAT,4,MRPCM,NM,New Mexico,TOTAL,All students,1,All students,31.0879382923639,1,0
930,2019,R3,2019,1,Grade 4,MN:MN,MAT,4,MRPCM,NP,National public,TOTAL,All students,1,All students,240.003829218706,1,0
931,2019,R3,2019,1,Grade 4,SD:SD,MAT,4,MRPCM,NP,National public,TOTAL,All students,1,All students,31.9029172986448,1,0
932,2019,R3,2019,1,Grade 4,MN:MN,MAT,4,MRPCM,NR,National private,TOTAL,All students,1,All students,999.0,0,288
933,2019,R3,2019,1,Grade 4,SD:SD,MAT,4,MRPCM,NR,National private,TOTAL,All students,1,All students,999.0,0,288
934,2019,R3,2019,1,Grade 4,MN:MN,MAT,4,MRPCM,NT,National,TOTAL,All students,1,All students,240.526149981042,1,0
935,2019,R3,2019,1,Grade 4,SD:SD,MAT,4,MRPCM,NT,National,TOTAL,All students,1,All students,31.7652629863339,1,0
936,2019,R3,2019,1,Grade 4,MN:MN,MAT,4,MRPCM,NV,Nevada,TOTAL,All students,1,All students,235.626272636424,1,0
937,2019,R3,2019,1,Grade 4,SD:SD,MAT,4,MRPCM,NV,Nevada,TOTAL,All students,1,All students,30.5506215022155,1,0
938,2019,R3,2019,1,Grade 4,MN:MN,MAT,4,MRPCM,NY,New York,TOTAL,All students,1,All students,236.730707220478,1,0
939,2019,R3,2019,1,Grade 4,SD:SD,MAT,4,MRPCM,NY,New York,TOTAL,All students,1,All students,33.2660885231795,1,0
940,2019,R3,2019,1,Grade 4,MN:MN,MAT,4,MRPCM,OH,Ohio,TOTAL,All students,1,All students,241.140473457804,1,0
941,2019,R3,2019,1,Grade 4,SD:SD,MAT,4,MRPCM,OH,Ohio,TOTAL,All students,1,All students,29.8977586258482,1,0
942,2019,R3,2019,1,Grade 4,MN:MN,MAT,4,MRPCM,OK,Oklahoma,TOTAL,All students,1,All students,237.195424934057,1,0
943,2019,R3,2019,1,Grade 4,SD:SD,MAT,4,MRPCM,OK,Oklahoma,TOTAL,All students,1,All students,27.7761472055949,1,0
944,2019,R3,2019,1,Grade 4,MN:MN,MAT,4,MRPCM,OR,Oregon,TOTAL,All students,1,All students,236.3490312284,1,0
945,2019,R3,2019,1,Grade 4,SD:SD,MAT,4,MRPCM,OR,Oregon,TOTAL,All students,1,All students,34.340391939534,1,0
946,2019,R3,2019,1,Grade 4,MN:MN,MAT,4,MRPCM,PA,Pennsylvania,TOTAL,All students,1,All students,243.936852140578,1,0
947,2019,R3,2019,1,Grade 4,SD:SD,MAT,4,MRPCM,PA,Pennsylvania,TOTAL,All students,1,All students,34.1341622258383,1,0
948,2019,R3,2019,1,Grade 4,MN:MN,MAT,4,MRPCM,RI,Rhode Island,TOTAL,All students,1,All students,239.344046162253,1,0
949,2019,R3,2019,1,Grade 4,SD:SD,MAT,4,MRPCM,RI,Rhode Island,TOTAL,All students,1,All students,30.6601510361037,1,0
950,2019,R3,2019,1,Grade 4,MN:MN,MAT,4,MRPCM,SC,South Carolina,TOTAL,All students,1,All students,236.754522609384,1,0
951,2019,R3,2019,1,Grade 4,SD:SD,MAT,4,MRPCM,SC,South Carolina,TOTAL,All students,1,All students,31.6224645626492,1,0
952,2019,R3,2019,1,Grade 4,MN:MN,MAT,4,MRPCM,SD,South Dakota,TOTAL,All students,1,All students,241.296277726994,1,0
953,2019,R3,2019,1,Grade 4,SD:SD,MAT,4,MRPCM,SD,South Dakota,TOTAL,All students,1,All students,30.278876360592,1,0
954,2019,R3,2019,1,Grade 4,MN:MN,MAT,4,MRPCM,TN,Tennessee,TOTAL,All students,1,All students,239.698504109313,1,0
955,2019,R3,2019,1,Grade 4,SD:SD,MAT,4,MRPCM,TN,Tennessee,TOTAL,All students,1,All students,31.8760941453184,1,0
956,2019,R3,2019,1,Grade 4,MN:MN,MAT,4,MRPCM,TX,Texas,TOTAL,All students,1,All students,243.616542643714,1,0
957,2019,R3,2019,1,Grade 4,SD:SD,MAT,4,MRPCM,TX,Texas,TOTAL,All students,1,All students,29.6546993912859,1,0
958,2019,R3,2019,1,Grade 4,MN:MN,MAT,4,MRPCM,UT,Utah,TOTAL,All students,1,All students,243.78904583418,1,0
959,2019,R3,2019,1,Grade 4,SD:SD,MAT,4,MRPCM,UT,Utah,TOTAL,All students,1,All students,32.0711265600707,1,0
960,2019,R3,2019,1,Grade 4,MN:MN,MAT,4,MRPCM,VA,Virginia,TOTAL,All students,1,All students,246.88947954089,1,0
961,2019,R3,2019,1,Grade 4,SD:SD,MAT,4,MRPCM,VA,Virginia,TOTAL,All students,1,All students,30.2409558638634,1,0
962,2019,R3,2019,1,Grade 4,MN:MN,MAT,4,MRPCM,VT,Vermont,TOTAL,All students,1,All students,238.89989740832,1,0
963,2019,R3,2019,1,Grade 4,SD:SD,MAT,4,MRPCM,VT,Vermont,TOTAL,All students,1,All students,30.8882660880836,1,0
964,2019,R3,2019,1,Grade 4,MN:MN,MAT,4,MRPCM,WA,Washington,TOTAL,All students,1,All students,239.510817473469,1,0
965,2019,R3,2019,1,Grade 4,SD:SD,MAT,4,MRPCM,WA,Washington,TOTAL,All students,1,All students,32.7555733184546,1,0
966,2019,R3,2019,1,Grade 4,MN:MN,MAT,4,MRPCM,WI,Wisconsin,TOTAL,All students,1,All students,241.671245223046,1,0
967,2019,R3,2019,1,Grade 4,SD:SD,MAT,4,MRPCM,WI,Wisconsin,TOTAL,All students,1,All students,34.3720862857913,1,0
968,2019,R3,2019,1,Grade 4,MN:MN,MAT,4,MRPCM,WV,West Virginia,TOTAL,All students,1,All students,231.496137336298,1,0
969,2019,R3,2019,1,Grade 4,SD:SD,MAT,4,MRPCM,WV,West Virginia,TOTAL,All students,1,All students,31.0092058291175,1,0
970,2019,R3,2019,1,Grade 4,MN:MN,MAT,4,MRPCM,WY,Wyoming,TOTAL,All students,1,All students,245.843439854955,1,0
971,2019,R3,2019,1,Grade 4,SD:SD,MAT,4,MRPCM,WY,Wyoming,TOTAL,All students,1,All students,28.1326303480854,1,0
972,2024,R3,2024,1,Grade 4,MN:MN,MAT,4,MRPCM,AK,Alaska,TOTAL,All students,1,All students,225.86016343228,1,0
973,2024,R3,2024,1,Grade 4,SD:SD,MAT,4,MRPCM,AK,Alaska,TOTAL,All students,1,All students,39.1466628460408,1,0
974,2024,R3,2024,1,Grade 4,MN:MN,MAT,4,MRPCM,AL,Alabama,TOTAL,All students,1,All students,236.355959126276,1,0
975,2024,R3,2024,1,Grade 4,SD:SD,MAT,4,MRPCM,AL,Alabama,TOTAL,All students,1,All students,32.971908997967,1,0
976,2024,R3,2024,1,Grade 4,MN:MN,MAT,4,MRPCM,AR,Arkansas,TOTAL,All students,1,All students,230.328747037708,1,0
977,2024,R3,2024,1,Grade 4,SD:SD,MAT,4,MRPCM,AR,Arkansas,TOTAL,All students,1,All students,35.2269255182177,1,0
978,2024,R3,2024,1,Grade 4,MN:MN,MAT,4,MRPCM,AZ,Arizona,TOTAL,All students,1,All students,232.411041027918,1,0
979,2024,R3,2024,1,Grade 4,SD:SD,MAT,4,MRPCM,AZ,Arizona,TOTAL,All students,1,All students,35.179009836409,1,0
980,2024,R3,2024,1,Grade 4,MN:MN,MAT,4,MRPCM,CA,California,TOTAL,All students,1,All students,233.045256814784,1,0
981,2024,R3,2024,1,Grade 4,SD:SD,MAT,4,MRPCM,CA,California,TOTAL,All students,1,All students,36.2930253503283,1,0
982,2024,R3,2024,1,Grade 4,MN:MN,MAT,4,MRPCM,CO,Colorado,TOTAL,All students,1,All students,239.130602948527,1,0
983,2024,R3,2024,1,Grade 4,SD:SD,MAT,4,MRPCM,CO,Colorado,TOTAL,All students,1,All students,34.5431689328089,1,0
984,2024,R3,2024,1,Grade 4,MN:MN,MAT,4,MRPCM,CT,Connecticut,TOTAL,All students,1,All students,239.072043031639,1,0
985,2024,R3,2024,1,Grade 4,SD:SD,MAT,4,MRPCM,CT,Connecticut,TOTAL,All students,1,All students,36.3073277624965,1,0
986,2024,R3,2024,1,Grade 4,MN:MN,MAT,4,MRPCM,DC,District of Columbia,TOTAL,All students,1,All students,230.63341251517,1,0
987,2024,R3,2024,1,Grade 4,SD:SD,MAT,4,MRPCM,DC,District of Columbia,TOTAL,All students,1,All students,39.9557660227405,1,0
988,2024,R3,2024,1,Grade 4,MN:MN,MAT,4,MRPCM,DE,Delaware,TOTAL,All students,1,All students,233.189119009454,1,0
989,2024,R3,2024,1,Grade 4,SD:SD,MAT,4,MRPCM,DE,Delaware,TOTAL,All students,1,All students,36.6143845428272,1,0
990,2024,R3,2024,1,Grade 4,MN:MN,MAT,4,MRPCM,FL,Florida,TOTAL,All students,1,All students,243.403898434956,1,0
991,2024,R3,2024,1,Grade 4,SD:SD,MAT,4,MRPCM,FL,Florida,TOTAL,All students,1,All students,31.9906761524213,1,0
992,2024,R3,2024,1,Grade 4,MN:MN,MAT,4,MRPCM,GA,Georgia,TOTAL,All students,1,All students,236.11018744542,1,0
993,2024,R3,2024,1,Grade 4,SD:SD,MAT,4,MRPCM,GA,Georgia,TOTAL,All students,1,All students,34.2497713642932,1,0
994,2024,R3,2024,1,Grade 4,MN:MN,MAT,4,MRPCM,HI,Hawaii,TOTAL,All students,1,All students,239.279784817586,1,0
995,2024,R3,2024,1,Grade 4,SD:SD,MAT,4,MRPCM,HI,Hawaii,TOTAL,All students,1,All students,35.2107741465005,1,0
996,2024,R3,2024,1,Grade 4,MN:MN,MAT,4,MRPCM,IA,Iowa,TOTAL,All students,1,All students,237.044692259729,1,0
997,2024,R3,2024,1,Grade 4,SD:SD,MAT,4,MRPCM,IA,Iowa,TOTAL,All students,1,All students,32.9886106902783,1,0
998,2024,R3,2024,1,Grade 4,MN:MN,MAT,4,MRPCM,ID,Idaho,TOTAL,All students,1,All students,238.393222009771,1,0
999,2024,R3,2024,1,Grade 4,SD:SD,MAT,4,MRPCM,ID,Idaho,TOTAL,All students,1,All students,34.3295836941663,1,0
1000,2024,R3,2024,1,Grade 4,MN:MN,MAT,4,MRPCM,IL,Illinois,TOTAL,All students,1,All students,236.08064733098,1,0
1001,2024,R3,2024,1,Grade 4,SD:SD,MAT,4,MRPCM,IL,Illinois,TOTAL,All students,1,All students,35.3185674468634,1,0
1002,2024,R3,2024,1,Grade 4,MN:MN,MAT,4,MRPCM,IN,Indiana,TOTAL,All students,1,All students,240.306516485348,1,0
1003,2024,R3,2024,1,Grade 4,SD:SD,MAT,4,MRPCM,IN,Indiana,TOTAL,All students,1,All students,34.4926345899478,1,0
1004,2024,R3,2024,1,Grade 4,MN:MN,MAT,4,MRPCM,KS,Kansas,TOTAL,All students,1,All students,237.200871575632,1,0
1005,2024,R3,2024,1,Grade 4,SD:SD,MAT,4,MRPCM,KS,Kansas,TOTAL,All students,1,All students,33.7721452903293,1,0
1006,2024,R3,2024,1,Grade 4,MN:MN,MAT,4,MRPCM,KY,Kentucky,TOTAL,All students,1,All students,237.814142432078,1,0
1007,2024,R3,2024,1,Grade 4,SD:SD,MAT,4,MRPCM,KY,Kentucky,TOTAL,All students,1,All students,31.5262662684458,1,0
1008,2024,R3,2024,1,Grade 4,MN:MN,MAT,4,MRPCM,LA,Louisiana,TOTAL,All students,1,All students,234.547746507391,1,0
1009,2024,R3,2024,1,Grade 4,SD:SD,MAT,4,MRPCM,LA,Louisiana,TOTAL,All students,1,All students,31.7310321534649,1,0
1010,2024,R3,2024,1,Grade 4,MN:MN,MAT,4,MRPCM,MA,Massachusetts,TOTAL,All students,1,All students,246.487761431851,1,0
1011,2024,R3,2024,1,Grade 4,SD:SD,MAT,4,MRPCM,MA,Massachusetts,TOTAL,All students,1,All students,35.3775674838105,1,0
1012,2024,R3,2024,1,Grade 4,MN:MN,MAT,4,MRPCM,MD,Maryland,TOTAL,All students,1,All students,234.086300580707,1,0
1013,2024,R3,2024,1,Grade 4,SD:SD,MAT,4,MRPCM,MD,Maryland,TOTAL,All students,1,All students,39.0892208858373,1,0
1014,2024,R3,2024,1,Grade 4,MN:MN,MAT,4,MRPCM,ME,Maine,TOTAL,All students,1,All students,233.133613316906,1,0
1015,2024,R3,2024,1,Grade 4,SD:SD,MAT,4,MRPCM,ME,Maine,TOTAL,All students,1,All students,32.8762580385322,1,0
1016,2024,R3,2024,1,Grade 4,MN:MN,MAT,4,MRPCM,MI,Michigan,TOTAL,All students,1,All students,235.219572950459,1,0
1017,2024,R3,2024,1,Grade 4,SD:SD,MAT,4,MRPCM,MI,Michigan,TOTAL,All students,1,All students,34.2542042959808,1,0
1018,2024,R3,2024,1,Grade 4,MN:MN,MAT,4,MRPCM,MN,Minnesota,TOTAL,All students,1,All students,240.6602718931,1,0
1019,2024,R3,2024,1,Grade 4,SD:SD,MAT,4,MRPCM,MN,Minnesota,TOTAL,All students,1,All students,36.0552292857823,1,0
1020,2024,R3,2024,1,Grade 4,MN:MN,MAT,4,MRPCM,MO,Missouri,TOTAL,All students,1,All students,235.003290605205,1,0
1021,2024,R3,2024,1,Grade 4,SD:SD,MAT,4,MRPCM,MO,Missouri,TOTAL,All students,1,All students,33.5794065243212,1,0
1022,2024,R3,2024,1,Grade 4,MN:MN,MAT,4,MRPCM,MS,Mississippi,TOTAL,All students,1,All students,239.175986882916,1,0
1023,2024,R3,2024,1,Grade 4,SD:SD,MAT,4,MRPCM,MS,Mississippi,TOTAL,All students,1,All students,28.4044366296042,1,0
1024,2024,R3,2024,1,Grade 4,MN:MN,MAT,4,MRPCM,MT,Montana,TOTAL,All students,1,All students,238.465072783869,1,0
1025,2024,R3,2024,1,Grade 4,SD:SD,MAT,4,MRPCM,MT,Montana,TOTAL,All students,1,All students,33.4867285905722,1,0
1026,2024,R3,2024,1,Grade 4,MN:MN,MAT,4,MRPCM,NC,North Carolina,TOTAL,All students,1,All students,238.860887882283,1,0
1027,2024,R3,2024,1,Grade 4,SD:SD,MAT,4,MRPCM,NC,North Carolina,TOTAL,All students,1,All students,34.3510940696748,1,0
1028,2024,R3,2024,1,Grade 4,MN:MN,MAT,4,MRPCM,ND,North Dakota,TOTAL,All students,1,All students,241.278881602246,1,0
1029,2024,R3,2024,1,Grade 4,SD:SD,MAT,4,MRPCM,ND,North Dakota,TOTAL,All students,1,All students,30.9999743953948,1,0
1030,2024,R3,2024,1,Grade 4,MN:MN,MAT,4,MRPCM,NE,Nebraska,TOTAL,All students,1,All students,238.195943793891,1,0
1031,2024,R3,2024,1,Grade 4,SD:SD,MAT,4,MRPCM,NE,Nebraska,TOTAL,All students,1,All students,32.5620006288012,1,0
1032,2024,R3,2024,1,Grade 4,MN:MN,MAT,4,MRPCM,NH,New Hampshire,TOTAL,All students,1,All students,241.558459320301,1,0
1033,2024,R3,2024,1,Grade 4,SD:SD,MAT,4,MRPCM,NH,New Hampshire,TOTAL,All students,1,All students,31.6842597098192,1,0
1034,2024,R3,2024,1,Grade 4,MN:MN,MAT,4,MRPCM,NJ,New Jersey,TOTAL,All students,1,All students,240.135843141786,1,0
1035,2024,R3,2024,1,Grade 4,SD:SD,MAT,4,MRPCM,NJ,New Jersey,TOTAL,All students,1,All students,36.0423547092958,1,0
1036,2024,R3,2024,1,Grade 4,MN:MN,MAT,4,MRPCM,NM,New Mexico,TOTAL,All students,1,All students,223.846267718318,1,0
1037,2024,R3,2024,1,Grade 4,SD:SD,MAT,4,MRPCM,NM,New Mexico,TOTAL,All students,1,All students,33.4948332516518,1,0
1038,2024,R3,2024,1,Grade 4,MN:MN,MAT,4,MRPCM,NP,National public,TOTAL,All students,1,All students,237.304735709431,1,0
1039,2024,R3,2024,1,Grade 4,SD:SD,MAT,4,MRPCM,NP,National public,TOTAL,All students,1,All students,34.7412834305403,1,0
1040,2024,R3,2024,1,Grade 4,MN:MN,MAT,4,MRPCM,NR,National private,TOTAL,All students,1,All students,999.0,0,288
1041,2024,R3,2024,1,Grade 4,SD:SD,MAT,4,MRPCM,NR,National private,TOTAL,All students,1,All students,999.0,0,288
1042,2024,R3,2024,1,Grade 4,MN:MN,MAT,4,MRPCM,NT,National,TOTAL,All students,1,All students,237.490934055562,1,0
1043,2024,R3,2024,1,Grade 4,SD:SD,MAT,4,MRPCM,NT,National,TOTAL,All students,1,All students,34.4639549277723,1,0
1044,2024,R3,2024,1,Grade 4,MN:MN,MAT,4,MRPCM,NV,Nevada,TOTAL,All students,1,All students,233.240940328459,1,0
1045,2024,R3,2024,1,Grade 4,SD:SD,MAT,4,MRPCM,NV,Nevada,TOTAL,All students,1,All students,36.148959443716,1,0
1046,2024,R3,2024,1,Grade 4,MN:MN,MAT,4,MRPCM,NY,New York,TOTAL,All students,1,All students,234.164922603209,1,0
1047,2024,R3,2024,1,Grade 4,SD:SD,MAT,4,MRPCM,NY,New York,TOTAL,All students,1,All students,36.1052876932667,1,0
1048,2024,R3,2024,1,Grade 4,MN:MN,MAT,4,MRPCM,OH,Ohio,TOTAL,All students,1,All students,239.415517232463,1,0
1049,2024,R3,2024,1,Grade 4,SD:SD,MAT,4,MRPCM,OH,Ohio,TOTAL,All students,1,All students,34.2344619844405,1,0
1050,2024,R3,2024,1,Grade 4,MN:MN,MAT,4,MRPCM,OK,Oklahoma,TOTAL,All students,1,All students,232.559491861293,1,0
1051,2024,R3,2024,1,Grade 4,SD:SD,MAT,4,MRPCM,OK,Oklahoma,TOTAL,All students,1,All students,32.1288753246444,1,0
1052,2024,R3,2024,1,Grade 4,MN:MN,MAT,4,MRPCM,OR,Oregon,TOTAL,All students,1,All students,228.69019534372,1,0
1053,2024,R3,2024,1,Grade 4,SD:SD,MAT,4,MRPCM,OR,Oregon,TOTAL,All students,1,All students,36.6018353896884,1,0
1054,2024,R3,2024,1,Grade 4,MN:MN,MAT,4,MRPCM,PA,Pennsylvania,TOTAL,All students,1,All students,238.183256578996,1,0
1055,2024,R3,2024,1,Grade 4,SD:SD,MAT,4,MRPCM,PA,Pennsylvania,TOTAL,All students,1,All students,35.5152699462626,1,0
1056,2024,R3,2024,1,Grade 4,MN:MN,MAT,4,MRPCM,RI,Rhode Island,TOTAL,All students,1,All students,237.290396564683,1,0
1057,2024,R3,2024,1,Grade 4,SD:SD,MAT,4,MRPCM,RI,Rhode Island,TOTAL,All students,1,All students,34.584156429993,1,0
1058,2024,R3,2024,1,Grade 4,MN:MN,MAT,4,MRPCM,SC,South Carolina,TOTAL,All students,1,All students,237.645887316993,1,0
1059,2024,R3,2024,1,Grade 4,SD:SD,MAT,4,MRPCM,SC,South Carolina,TOTAL,All students,1,All students,34.4051463086696,1,0
1060,2024,R3,2024,1,Grade 4,MN:MN,MAT,4,MRPCM,SD,South Dakota,TOTAL,All students,1,All students,239.879239545987,1,0
1061,2024,R3,2024,1,Grade 4,SD:SD,MAT,4,MRPCM,SD,South Dakota,TOTAL,All students,1,All students,32.3888020836627,1,0
1062,2024,R3,2024,1,Grade 4,MN:MN,MAT,4,MRPCM,TN,Tennessee,TOTAL,All students,1,All students,239.617193029088,1,0
1063,2024,R3,2024,1,Grade 4,SD:SD,MAT,4,MRPCM,TN,Tennessee,TOTAL,All students,1,All students,33.7532208385019,1,0
1064,2024,R3,2024,1,Grade 4,MN:MN,MAT,4,MRPCM,TX,Texas,TOTAL,All students,1,All students,240.511211199661,1,0
1065,2024,R3,2024,1,Grade 4,SD:SD,MAT,4,MRPCM,TX,Texas,TOTAL,All students,1,All students,32.5844266607976,1,0
1066,2024,R3,2024,1,Grade 4,MN:MN,MAT,4,MRPCM,UT,Utah,TOTAL,All students,1,All students,241.543618050597,1,0
1067,2024,R3,2024,1,Grade 4,SD:SD,MAT,4,MRPCM,UT,Utah,TOTAL,All students,1,All students,33.8239348901824,1,0
1068,2024,R3,2024,1,Grade 4,MN:MN,MAT,4,MRPCM,VA,Virginia,TOTAL,All students,1,All students,237.874352771351,1,0
1069,2024,R3,2024,1,Grade 4,SD:SD,MAT,4,MRPCM,VA,Virginia,TOTAL,All students,1,All students,35.2043692809178,1,0
1070,2024,R3,2024,1,Grade 4,MN:MN,MAT,4,MRPCM,VT,Vermont,TOTAL,All students,1,All students,234.847178316997,1,0
1071,2024,R3,2024,1,Grade 4,SD:SD,MAT,4,MRPCM,VT,Vermont,TOTAL,All students,1,All students,33.065950947858,1,0
1072,2024,R3,2024,1,Grade 4,MN:MN,MAT,4,MRPCM,WA,Washington,TOTAL,All students,1,All students,237.591286070576,1,0
1073,2024,R3,2024,1,Grade 4,SD:SD,MAT,4,MRPCM,WA,Washington,TOTAL,All students,1,All students,35.415299029129,1,0
1074,2024,R3,2024,1,Grade 4,MN:MN,MAT,4,MRPCM,WI,Wisconsin,TOTAL,All students,1,All students,239.251217690431,1,0
1075,2024,R3,2024,1,Grade 4,SD:SD,MAT,4,MRPCM,WI,Wisconsin,TOTAL,All students,1,All students,35.476916674987,1,0
1076,2024,R3,2024,1,Grade 4,MN:MN,MAT,4,MRPCM,WV,West Virginia,TOTAL,All students,1,All students,231.514376150963,1,0
1077,2024,R3,2024,1,Grade 4,SD:SD,MAT,4,MRPCM,WV,West Virginia,TOTAL,All students,1,All students,32.9687117952316,1,0
1078,2024,R3,2024,1,Grade 4,MN:MN,MAT,4,MRPCM,WY,Wyoming,TOTAL,All students,1,All students,243.400492750607,1,0
1079,2024,R3,2024,1,Grade 4,SD:SD,MAT,4,MRPCM,WY,Wyoming,TOTAL,All students,1,All students,30.2141868007259,1,0
0,1990,R2,1990&#185;,2,Grade 8,MN:MN,MAT,8,MRPCM,AK,Alaska,TOTAL,All students,1,All students,999.0,0,328
1,1990,R2,1990&#185;,2,Grade 8,SD:SD,MAT,8,MRPCM,AK,Alaska,TOTAL,All students,1,All students,999.0,0,328
2,1990,R2,1990&#185;,2,Grade 8,MN:MN,MAT,8,MRPCM,AL,Alabama,TOTAL,All students,1,All students,252.863659941877,1,8
3,1990,R2,1990&#185;,2,Grade 8,SD:SD,MAT,8,MRPCM,AL,Alabama,TOTAL,All students,1,All students,34.6088040906363,1,8
4,1990,R2,1990&#185;,2,Grade 8,MN:MN,MAT,8,MRPCM,AR,Arkansas,TOTAL,All students,1,All students,256.213990069438,1,8
5,1990,R2,1990&#185;,2,Grade 8,SD:SD,MAT,8,MRPCM,AR,Arkansas,TOTAL,All students,1,All students,32.6429739458462,1,8
6,1990,R2,1990&#185;,2,Grade 8,MN:MN,MAT,8,MRPCM,AZ,Arizona,TOTAL,All students,1,All students,259.590067588212,1,8
7,1990,R2,1990&#185;,2,Grade 8,SD:SD,MAT,8,MRPCM,AZ,Arizona,TOTAL,All students,1,All students,34.473034586638,1,8
8,1990,R2,1990&#185;,2,Grade 8,MN:MN,MAT,8,MRPCM,CA,California,TOTAL,All students,1,All students,256.324820109223,1,8
9,1990,R2,1990&#185;,2,Grade 8,SD:SD,MAT,8,MRPCM,CA,California,TOTAL,All students,1,All students,37.4550890497278,1,8
10,1990,R2,1990&#185;,2,Grade 8,MN:MN,MAT,8,MRPCM,CO,Colorado,TOTAL,All students,1,All students,267.366289884072,1,8
11,1990,R2,1990&#185;,2,Grade 8,SD:SD,MAT,8,MRPCM,CO,Colorado,TOTAL,All students,1,All students,33.0959035989716,1,8
12,1990,R2,1990&#185;,2,Grade 8,MN:MN,MAT,8,MRPCM,CT,Connecticut,TOTAL,All students,1,All students,269.86641896965,1,8
13,1990,R2,1990&#185;,2,Grade 8,SD:SD,MAT,8,MRPCM,CT,Connecticut,TOTAL,All students,1,All students,36.1993137933112,1,8
14,1990,R2,1990&#185;,2,Grade 8,MN:MN,MAT,8,MRPCM,DC,District of Columbia,TOTAL,All students,1,All students,231.366196651827,1,8
15,1990,R2,1990&#185;,2,Grade 8,SD:SD,MAT,8,MRPCM,DC,District of Columbia,TOTAL,All students,1,All students,33.7593251213553,1,8
16,1990,R2,1990&#185;,2,Grade 8,MN:MN,MAT,8,MRPCM,DE,Delaware,TOTAL,All students,1,All students,260.696858717319,1,8
17,1990,R2,1990&#185;,2,Grade 8,SD:SD,MAT,8,MRPCM,DE,Delaware,TOTAL,All students,1,All students,35.7860134736991,1,8
18,1990,R2,1990&#185;,2,Grade 8,MN:MN,MAT,8,MRPCM,FL,Florida,TOTAL,All students,1,All students,255.318428709044,1,8
19,1990,R2,1990&#185;,2,Grade 8,SD:SD,MAT,8,MRPCM,FL,Florida,TOTAL,All students,1,All students,36.4885950639389,1,8
20,1990,R2,1990&#185;,2,Grade 8,MN:MN,MAT,8,MRPCM,GA,Georgia,TOTAL,All students,1,All students,258.849663447908,1,8
21,1990,R2,1990&#185;,2,Grade 8,SD:SD,MAT,8,MRPCM,GA,Georgia,TOTAL,All students,1,All students,36.9863828481434,1,8
22,1990,R2,1990&#185;,2,Grade 8,MN:MN,MAT,8,MRPCM,HI,Hawaii,TOTAL,All students,1,All students,251.021316528152,1,8
23,1990,R2,1990&#185;,2,Grade 8,SD:SD,MAT,8,MRPCM,HI,Hawaii,TOTAL,All students,1,All students,39.4423922813616,1,8
24,1990,R2,1990&#185;,2,Grade 8,MN:MN,MAT,8,MRPCM,IA,Iowa,TOTAL,All students,1,All students,277.96856952118,1,8
25,1990,R2,1990&#185;,2,Grade 8,SD:SD,MAT,8,MRPCM,IA,Iowa,TOTAL,All students,1,All students,30.7005711576196,1,8
26,1990,R2,1990&#185;,2,Grade 8,MN:MN,MAT,8,MRPCM,ID,Idaho,TOTAL,All students,1,All students,271.44977262326,1,8
27,1990,R2,1990&#185;,2,Grade 8,SD:SD,MAT,8,MRPCM,ID,Idaho,TOTAL,All students,1,All students,29.6325694901692,1,8
28,1990,R2,1990&#185;,2,Grade 8,MN:MN,MAT,8,MRPCM,IL,Illinois,TOTAL,All students,1,All students,260.551434334685,1,8
29,1990,R2,1990&#185;,2,Grade 8,SD:SD,MAT,8,MRPCM,IL,Illinois,TOTAL,All students,1,All students,36.3910561131988,1,8
30,1990,R2,1990&#185;,2,Grade 8,MN:MN,MAT,8,MRPCM,IN,Indiana,TOTAL,All students,1,All students,267.265914915861,1,8
31,1990,R2,1990&#185;,2,Grade 8,SD:SD,MAT,8,MRPCM,IN,Indiana,TOTAL,All students,1,All students,32.8890769068788,1,8
32,1990,R2,1990&#185;,2,Grade 8,MN:MN,MAT,8,MRPCM,KS,Kansas,TOTAL,All students,1,All students,999.0,0,328
33,1990,R2,1990&#185;,2,Grade 8,SD:SD,MAT,8,MRPCM,KS,Kansas,TOTAL,All students,1,All students,999.0,0,328
34,1990,R2,1990&#185;,2,Grade 8,MN:MN,MAT,8,MRPCM,KY,Kentucky,TOTAL,All students,1,All students,257.097205859974,1,8
35,1990,R2,1990&#185;,2,Grade 8,SD:SD,MAT,8,MRPCM,KY,Kentucky,TOTAL,All students,1,All students,32.9019140481657,1,8
36,1990,R2,1990&#185;,2,Grade 8,MN:MN,MAT,8,MRPCM,LA,Louisiana,TOTAL,All students,1,All students,246.442552990899,1,8
37,1990,R2,1990&#185;,2,Grade 8,SD:SD,MAT,8,MRPCM,LA,Louisiana,TOTAL,All students,1,All students,33.2367117543466,1,8
38,1990,R2,1990&#185;,2,Grade 8,MN:MN,MAT,8,MRPCM,MA,Massachusetts,TOTAL,All students,1,All students,999.0,0,328
39,1990,R2,1990&#185;,2,Grade 8,SD:SD,MAT,8,MRPCM,MA,Massachusetts,TOTAL,All students,1,All students,999.0,0,328
40,1990,R2,1990&#185;,2,Grade 8,MN:MN,MAT,8,MRPCM,MD,Maryland,TOTAL,All students,1,All students,260.765590209676,1,8
41,1990,R2,1990&#185;,2,Grade 8,SD:SD,MAT,8,MRPCM,MD,Maryland,TOTAL,All students,1,All students,38.310301829852,1,8
42,1990,R2,1990&#185;,2,Grade 8,MN:MN,MAT,8,MRPCM,ME,Maine,TOTAL,All students,1,All students,999.0,0,328
43,1990,R2,1990&#185;,2,Grade 8,SD:SD,MAT,8,MRPCM,ME,Maine,TOTAL,All students,1,All students,999.0,0,328
44,1990,R2,1990&#185;,2,Grade 8,MN:MN,MAT,8,MRPCM,MI,Michigan,TOTAL,All students,1,All students,264.398378104696,1,8
45,1990,R2,1990&#185;,2,Grade 8,SD:SD,MAT,8,MRPCM,MI,Michigan,TOTAL,All students,1,All students,34.3552152040368,1,8
46,1990,R2,1990&#185;,2,Grade 8,MN:MN,MAT,8,MRPCM,MN,Minnesota,TOTAL,All students,1,All students,275.391078977074,1,8
47,1990,R2,1990&#185;,2,Grade 8,SD:SD,MAT,8,MRPCM,MN,Minnesota,TOTAL,All students,1,All students,32.7757339620133,1,8
48,1990,R2,1990&#185;,2,Grade 8,MN:MN,MAT,8,MRPCM,MO,Missouri,TOTAL,All students,1,All students,999.0,0,328
49,1990,R2,1990&#185;,2,Grade 8,SD:SD,MAT,8,MRPCM,MO,Missouri,TOTAL,All students,1,All students,999.0,0,328
50,1990,R2,1990&#185;,2,Grade 8,MN:MN,MAT,8,MRPCM,MS,Mississippi,TOTAL,All students,1,All students,999.0,0,328
51,1990,R2,1990&#185;,2,Grade 8,SD:SD,MAT,8,MRPCM,MS,Mississippi,TOTAL,All students,1,All students,999.0,0,328
52,1990,R2,1990&#185;,2,Grade 8,MN:MN,MAT,8,MRPCM,MT,Montana,TOTAL,All students,1,All students,280.497342352668,1,8
53,1990,R2,1990&#185;,2,Grade 8,SD:SD,MAT,8,MRPCM,MT,Montana,TOTAL,All students,1,All students,29.4503916106385,1,8
54,1990,R2,1990&#185;,2,Grade 8,MN:MN,MAT,8,MRPCM,NC,North Carolina,TOTAL,All students,1,All students,250.348487219657,1,8
55,1990,R2,1990&#185;,2,Grade 8,SD:SD,MAT,8,MRPCM,NC,North Carolina,TOTAL,All students,1,All students,35.3163270423318,1,8
56,1990,R2,1990&#185;,2,Grade 8,MN:MN,MAT,8,MRPCM,ND,North Dakota,TOTAL,All students,1,All students,281.100428162171,1,8
57,1990,R2,1990&#185;,2,Grade 8,SD:SD,MAT,8,MRPCM,ND,North Dakota,TOTAL,All students,1,All students,30.0409795595255,1,8
58,1990,R2,1990&#185;,2,Grade 8,MN:MN,MAT,8,MRPCM,NE,Nebraska,TOTAL,All students,1,All students,275.673962105345,1,8
59,1990,R2,1990&#185;,2,Grade 8,SD:SD,MAT,8,MRPCM,NE,Nebraska,TOTAL,All students,1,All students,33.2162539621088,1,8
60,1990,R2,1990&#185;,2,Grade 8,MN:MN,MAT,8,MRPCM,NH,New Hampshire,TOTAL,All students,1,All students,273.147248796745,1,8
61,1990,R2,1990&#185;,2,Grade 8,SD:SD,MAT,8,MRPCM,NH,New Hampshire,TOTAL,All students,1,All students,31.2041299132883,1,8
62,1990,R2,1990&#185;,2,Grade 8,MN:MN,MAT,8,MRPCM,NJ,New Jersey,TOTAL,All students,1,All students,269.664075949166,1,8
63,1990,R2,1990&#185;,2,Grade 8,SD:SD,MAT,8,MRPCM,NJ,New Jersey,TOTAL,All students,1,All students,35.4107893092803,1,8
64,1990,R2,1990&#185;,2,Grade 8,MN:MN,MAT,8,MRPCM,NM,New Mexico,TOTAL,All students,1,All students,256.422988469222,1,8
65,1990,R2,1990&#185;,2,Grade 8,SD:SD,MAT,8,MRPCM,NM,New Mexico,TOTAL,All students,1,All students,32.9967358216253,1,8
66,1990,R2,1990&#185;,2,Grade 8,MN:MN,MAT,8,MRPCM,NP,National public,TOTAL,All students,1,All students,261.743969672967,1,8
67,1990,R2,1990&#185;,2,Grade 8,SD:SD,MAT,8,MRPCM,NP,National public,TOTAL,All students,1,All students,36.4728926411048,1,8
68,1990,R2,1990&#185;,2,Grade 8,MN:MN,MAT,8,MRPCM,NR,National private,TOTAL,All students,1,All students,271.489268571873,1,8
69,1990,R2,1990&#185;,2,Grade 8,SD:SD,MAT,8,MRPCM,NR,National private,TOTAL,All students,1,All students,29.1229348184775,1,8
70,1990,R2,1990&#185;,2,Grade 8,MN:MN,MAT,8,MRPCM,NT,National,TOTAL,All students,1,All students,262.553400251886,1,8
71,1990,R2,1990&#185;,2,Grade 8,SD:SD,MAT,8,MRPCM,NT,National,TOTAL,All students,1,All students,36.0205662806627,1,8
72,1990,R2,1990&#185;,2,Grade 8,MN:MN,MAT,8,MRPCM,NV,Nevada,TOTAL,All students,1,All students,999.0,0,328
73,1990,R2,1990&#185;,2,Grade 8,SD:SD,MAT,8,MRPCM,NV,Nevada,TOTAL,All students,1,All students,999.0,0,328
74,1990,R2,1990&#185;,2,Grade 8,MN:MN,MAT,8,MRPCM,NY,New York,TOTAL,All students,1,All students,260.795812629884,1,8
75,1990,R2,1990&#185;,2,Grade 8,SD:SD,MAT,8,MRPCM,NY,New York,TOTAL,All students,1,All students,38.0671961833375,1,8
76,1990,R2,1990&#185;,2,Grade 8,MN:MN,MAT,8,MRPCM,OH,Ohio,TOTAL,All students,1,All students,263.974499317898,1,8
77,1990,R2,1990&#185;,2,Grade 8,SD:SD,MAT,8,MRPCM,OH,Ohio,TOTAL,All students,1,All students,33.3973902426379,1,8
78,1990,R2,1990&#185;,2,Grade 8,MN:MN,MAT,8,MRPCM,OK,Oklahoma,TOTAL,All students,1,All students,263.178474756633,1,8
79,1990,R2,1990&#185;,2,Grade 8,SD:SD,MAT,8,MRPCM,OK,Oklahoma,TOTAL,All students,1,All students,31.9554134128092,1,8
80,1990,R2,1990&#185;,2,Grade 8,MN:MN,MAT,8,MRPCM,OR,Oregon,TOTAL,All students,1,All students,271.36249421322,1,8
81,1990,R2,1990&#185;,2,Grade 8,SD:SD,MAT,8,MRPCM,OR,Oregon,TOTAL,All students,1,All students,33.5393279267117,1,8
82,1990,R2,1990&#185;,2,Grade 8,MN:MN,MAT,8,MRPCM,PA,Pennsylvania,TOTAL,All students,1,All students,266.363944697031,1,8
83,1990,R2,1990&#185;,2,Grade 8,SD:SD,MAT,8,MRPCM,PA,Pennsylvania,TOTAL,All students,1,All students,34.2461693787443,1,8
84,1990,R2,1990&#185;,2,Grade 8,MN:MN,MAT,8,MRPCM,RI,Rhode Island,TOTAL,All students,1,All students,260.040897221955,1,8
85,1990,R2,1990&#185;,2,Grade 8,SD:SD,MAT,8,MRPCM,RI,Rhode Island,TOTAL,All students,1,All students,36.279054131603,1,8
86,1990,R2,1990&#185;,2,Grade 8,MN:MN,MAT,8,MRPCM,SC,South Carolina,TOTAL,All students,1,All students,999.0,0,328
87,1990,R2,1990&#185;,2,Grade 8,SD:SD,MAT,8,MRPCM,SC,South Carolina,TOTAL,All students,1,All students,999.0,0,328
88,1990,R2,1990&#185;,2,Grade 8,MN:MN,MAT,8,MRPCM,SD,South Dakota,TOTAL,All students,1,All students,999.0,0,328
89,1990,R2,1990&#185;,2,Grade 8,SD:SD,MAT,8,MRPCM,SD,South Dakota,TOTAL,All students,1,All students,999.0,0,328
90,1990,R2,1990&#185;,2,Grade 8,MN:MN,MAT,8,MRPCM,TN,Tennessee,TOTAL,All students,1,All students,999.0,0,328
91,1990,R2,1990&#185;,2,Grade 8,SD:SD,MAT,8,MRPCM,TN,Tennessee,TOTAL,All students,1,All students,999.0,0,328
92,1990,R2,1990&#185;,2,Grade 8,MN:MN,MAT,8,MRPCM,TX,Texas,TOTAL,All students,1,All students,258.189986920895,1,8
93,1990,R2,1990&#185;,2,Grade 8,SD:SD,MAT,8,MRPCM,TX,Texas,TOTAL,All students,1,All students,35.3913033124085,1,8
94,1990,R2,1990&#185;,2,Grade 8,MN:MN,MAT,8,MRPCM,UT,Utah,TOTAL,All students,1,All students,999.0,0,328
95,1990,R2,1990&#185;,2,Grade 8,SD:SD,MAT,8,MRPCM,UT,Utah,TOTAL,All students,1,All students,999.0,0,328
96,1990,R2,1990&#185;,2,Grade 8,MN:MN,MAT,8,MRPCM,VA,Virginia,TOTAL,All students,1,All students,264.273011342894,1,8
97,1990,R2,1990&#185;,2,Grade 8,SD:SD,MAT,8,MRPCM,VA,Virginia,TOTAL,All students,1,All students,36.7789785676698,1,8
98,1990,R2,1990&#185;,2,Grade 8,MN:MN,MAT,8,MRPCM,VT,Vermont,TOTAL,All students,1,All students,999.0,0,328
99,1990,R2,1990&#185;,2,Grade 8,SD:SD,MAT,8,MRPCM,VT,Vermont,TOTAL,All students,1,All students,999.0,0,328
100,1990,R2,1990&#185;,2,Grade 8,MN:MN,MAT,8,MRPCM,WA,Washington,TOTAL,All students,1,All students,999.0,0,328
101,1990,R2,1990&#185;,2,Grade 8,SD:SD,MAT,8,MRPCM,WA,Washington,TOTAL,All students,1,All students,999.0,0,328
102,1990,R2,1990&#185;,2,Grade 8,MN:MN,MAT,8,MRPCM,WI,Wisconsin,TOTAL,All students,1,All students,274.487372277466,1,8
103,1990,R2,1990&#185;,2,Grade 8,SD:SD,MAT,8,MRPCM,WI,Wisconsin,TOTAL,All students,1,All students,32.9468822556535,1,8
104,1990,R2,1990&#185;,2,Grade 8,MN:MN,MAT,8,MRPCM,WV,West Virginia,TOTAL,All students,1,All students,255.899060067677,1,8
105,1990,R2,1990&#185;,2,Grade 8,SD:SD,MAT,8,MRPCM,WV,West Virginia,TOTAL,All students,1,All students,32.3694238647514,1,8
106,1990,R2,1990&#185;,2,Grade 8,MN:MN,MAT,8,MRPCM,WY,Wyoming,TOTAL,All students,1,All students,272.147965478912,1,8
107,1990,R2,1990&#185;,2,Grade 8,SD:SD,MAT,8,MRPCM,WY,Wyoming,TOTAL,All students,1,All students,29.6684377121799,1,8
108,1992,R2,1992&#185;,2,Grade 8,MN:MN,MAT,8,MRPCM,AK,Alaska,TOTAL,All students,1,All students,999.0,0,328
109,1992,R2,1992&#185;,2,Grade 8,SD:SD,MAT,8,MRPCM,AK,Alaska,TOTAL,All students,1,All students,999.0,0,328
110,1992,R2,1992&#185;,2,Grade 8,MN:MN,MAT,8,MRPCM,AL,Alabama,TOTAL,All students,1,All students,252.18752241295,1,8
111,1992,R2,1992&#185;,2,Grade 8,SD:SD,MAT,8,MRPCM,AL,Alabama,TOTAL,All students,1,All students,35.4522826155319,1,8
112,1992,R2,1992&#185;,2,Grade 8,MN:MN,MAT,8,MRPCM,AR,Arkansas,TOTAL,All students,1,All students,256.312090419091,1,8
113,1992,R2,1992&#185;,2,Grade 8,SD:SD,MAT,8,MRPCM,AR,Arkansas,TOTAL,All students,1,All students,33.9254139473595,1,8
114,1992,R2,1992&#185;,2,Grade 8,MN:MN,MAT,8,MRPCM,AZ,Arizona,TOTAL,All students,1,All students,265.366277794427,1,8
115,1992,R2,1992&#185;,2,Grade 8,SD:SD,MAT,8,MRPCM,AZ,Arizona,TOTAL,All students,1,All students,32.4416216116146,1,8
116,1992,R2,1992&#185;,2,Grade 8,MN:MN,MAT,8,MRPCM,CA,California,TOTAL,All students,1,All students,260.89224682207,1,8
117,1992,R2,1992&#185;,2,Grade 8,SD:SD,MAT,8,MRPCM,CA,California,TOTAL,All students,1,All students,38.2802938696406,1,8
118,1992,R2,1992&#185;,2,Grade 8,MN:MN,MAT,8,MRPCM,CO,Colorado,TOTAL,All students,1,All students,272.398432913929,1,8
119,1992,R2,1992&#185;,2,Grade 8,SD:SD,MAT,8,MRPCM,CO,Colorado,TOTAL,All students,1,All students,32.679827812714,1,8
120,1992,R2,1992&#185;,2,Grade 8,MN:MN,MAT,8,MRPCM,CT,Connecticut,TOTAL,All students,1,All students,273.739344572132,1,8
121,1992,R2,1992&#185;,2,Grade 8,SD:SD,MAT,8,MRPCM,CT,Connecticut,TOTAL,All students,1,All students,35.5922877442466,1,8
122,1992,R2,1992&#185;,2,Grade 8,MN:MN,MAT,8,MRPCM,DC,District of Columbia,TOTAL,All students,1,All students,234.924621328025,1,8
123,1992,R2,1992&#185;,2,Grade 8,SD:SD,MAT,8,MRPCM,DC,District of Columbia,TOTAL,All students,1,All students,36.1850796321746,1,8
124,1992,R2,1992&#185;,2,Grade 8,MN:MN,MAT,8,MRPCM,DE,Delaware,TOTAL,All students,1,All students,262.868585398892,1,8
125,1992,R2,1992&#185;,2,Grade 8,SD:SD,MAT,8,MRPCM,DE,Delaware,TOTAL,All students,1,All students,35.2690262750996,1,8
126,1992,R2,1992&#185;,2,Grade 8,MN:MN,MAT,8,MRPCM,FL,Florida,TOTAL,All students,1,All students,259.908848182301,1,8
127,1992,R2,1992&#185;,2,Grade 8,SD:SD,MAT,8,MRPCM,FL,Florida,TOTAL,All students,1,All students,36.4386331720197,1,8
128,1992,R2,1992&#185;,2,Grade 8,MN:MN,MAT,8,MRPCM,GA,Georgia,TOTAL,All students,1,All students,259.359433593101,1,8
129,1992,R2,1992&#185;,2,Grade 8,SD:SD,MAT,8,MRPCM,GA,Georgia,TOTAL,All students,1,All students,34.2776403060467,1,8
130,1992,R2,1992&#185;,2,Grade 8,MN:MN,MAT,8,MRPCM,HI,Hawaii,TOTAL,All students,1,All students,257.410887409173,1,8
131,1992,R2,1992&#185;,2,Grade 8,SD:SD,MAT,8,MRPCM,HI,Hawaii,TOTAL,All students,1,All students,37.349316035406,1,8
132,1992,R2,1992&#185;,2,Grade 8,MN:MN,MAT,8,MRPCM,IA,Iowa,TOTAL,All students,1,All students,283.360009038918,1,8
133,1992,R2,1992&#185;,2,Grade 8,SD:SD,MAT,8,MRPCM,IA,Iowa,TOTAL,All students,1,All students,29.5343880477666,1,8
134,1992,R2,1992&#185;,2,Grade 8,MN:MN,MAT,8,MRPCM,ID,Idaho,TOTAL,All students,1,All students,275.09029414145,1,8
135,1992,R2,1992&#185;,2,Grade 8,SD:SD,MAT,8,MRPCM,ID,Idaho,TOTAL,All students,1,All students,30.0967430356397,1,8
136,1992,R2,1992&#185;,2,Grade 8,MN:MN,MAT,8,MRPCM,IL,Illinois,TOTAL,All students,1,All students,999.0,0,328
137,1992,R2,1992&#185;,2,Grade 8,SD:SD,MAT,8,MRPCM,IL,Illinois,TOTAL,All students,1,All students,999.0,0,328
138,1992,R2,1992&#185;,2,Grade 8,MN:MN,MAT,8,MRPCM,IN,Indiana,TOTAL,All students,1,All students,270.098943937619,1,8
139,1992,R2,1992&#185;,2,Grade 8,SD:SD,MAT,8,MRPCM,IN,Indiana,TOTAL,All students,1,All students,33.4590026019266,1,8
140,1992,R2,1992&#185;,2,Grade 8,MN:MN,MAT,8,MRPCM,KS,Kansas,TOTAL,All students,1,All students,999.0,0,328
141,1992,R2,1992&#185;,2,Grade 8,SD:SD,MAT,8,MRPCM,KS,Kansas,TOTAL,All students,1,All students,999.0,0,328
142,1992,R2,1992&#185;,2,Grade 8,MN:MN,MAT,8,MRPCM,KY,Kentucky,TOTAL,All students,1,All students,262.241281641376,1,8
143,1992,R2,1992&#185;,2,Grade 8,SD:SD,MAT,8,MRPCM,KY,Kentucky,TOTAL,All students,1,All students,33.8948447063072,1,8
144,1992,R2,1992&#185;,2,Grade 8,MN:MN,MAT,8,MRPCM,LA,Louisiana,TOTAL,All students,1,All students,249.98392592402,1,8
145,1992,R2,1992&#185;,2,Grade 8,SD:SD,MAT,8,MRPCM,LA,Louisiana,TOTAL,All students,1,All students,33.7100246437385,1,8
146,1992,R2,1992&#185;,2,Grade 8,MN:MN,MAT,8,MRPCM,MA,Massachusetts,TOTAL,All students,1,All students,272.783201271176,1,8
147,1992,R2,1992&#185;,2,Grade 8,SD:SD,MAT,8,MRPCM,MA,Massachusetts,TOTAL,All students,1,All students,33.771632885153,1,8
148,1992,R2,1992&#185;,2,Grade 8,MN:MN,MAT,8,MRPCM,MD,Maryland,TOTAL,All students,1,All students,264.82549311365,1,8
149,1992,R2,1992&#185;,2,Grade 8,SD:SD,MAT,8,MRPCM,MD,Maryland,TOTAL,All students,1,All students,38.8904982358484,1,8
150,1992,R2,1992&#185;,2,Grade 8,MN:MN,MAT,8,MRPCM,ME,Maine,TOTAL,All students,1,All students,278.635384117375,1,8
151,1992,R2,1992&#185;,2,Grade 8,SD:SD,MAT,8,MRPCM,ME,Maine,TOTAL,All students,1,All students,30.2513318711783,1,8
152,1992,R2,1992&#185;,2,Grade 8,MN:MN,MAT,8,MRPCM,MI,Michigan,TOTAL,All students,1,All students,267.353194329414,1,8
153,1992,R2,1992&#185;,2,Grade 8,SD:SD,MAT,8,MRPCM,MI,Michigan,TOTAL,All students,1,All students,35.0145642043238,1,8
154,1992,R2,1992&#185;,2,Grade 8,MN:MN,MAT,8,MRPCM,MN,Minnesota,TOTAL,All students,1,All students,282.392204641658,1,8
155,1992,R2,1992&#185;,2,Grade 8,SD:SD,MAT,8,MRPCM,MN,Minnesota,TOTAL,All students,1,All students,31.4817276919902,1,8
156,1992,R2,1992&#185;,2,Grade 8,MN:MN,MAT,8,MRPCM,MO,Missouri,TOTAL,All students,1,All students,271.131544740125,1,8
157,1992,R2,1992&#185;,2,Grade 8,SD:SD,MAT,8,MRPCM,MO,Missouri,TOTAL,All students,1,All students,32.2703611077607,1,8
158,1992,R2,1992&#185;,2,Grade 8,MN:MN,MAT,8,MRPCM,MS,Mississippi,TOTAL,All students,1,All students,246.458035433033,1,8
159,1992,R2,1992&#185;,2,Grade 8,SD:SD,MAT,8,MRPCM,MS,Mississippi,TOTAL,All students,1,All students,34.5040329979804,1,8
160,1992,R2,1992&#185;,2,Grade 8,MN:MN,MAT,8,MRPCM,MT,Montana,TOTAL,All students,1,All students,999.0,0,328
161,1992,R2,1992&#185;,2,Grade 8,SD:SD,MAT,8,MRPCM,MT,Montana,TOTAL,All students,1,All students,999.0,0,328
162,1992,R2,1992&#185;,2,Grade 8,MN:MN,MAT,8,MRPCM,NC,North Carolina,TOTAL,All students,1,All students,258.405374807984,1,8
163,1992,R2,1992&#185;,2,Grade 8,SD:SD,MAT,8,MRPCM,NC,North Carolina,TOTAL,All students,1,All students,35.1020680196358,1,8
164,1992,R2,1992&#185;,2,Grade 8,MN:MN,MAT,8,MRPCM,ND,North Dakota,TOTAL,All students,1,All students,283.213074712775,1,8
165,1992,R2,1992&#185;,2,Grade 8,SD:SD,MAT,8,MRPCM,ND,North Dakota,TOTAL,All students,1,All students,27.8674570091006,1,8
166,1992,R2,1992&#185;,2,Grade 8,MN:MN,MAT,8,MRPCM,NE,Nebraska,TOTAL,All students,1,All students,277.654523381042,1,8
167,1992,R2,1992&#185;,2,Grade 8,SD:SD,MAT,8,MRPCM,NE,Nebraska,TOTAL,All students,1,All students,31.9771077513663,1,8
168,1992,R2,1992&#185;,2,Grade 8,MN:MN,MAT,8,MRPCM,NH,New Hampshire,TOTAL,All students,1,All students,278.216325585348,1,8
169,1992,R2,1992&#185;,2,Grade 8,SD:SD,MAT,8,MRPCM,NH,New Hampshire,TOTAL,All students,1,All students,30.0472227960519,1,8
170,1992,R2,1992&#185;,2,Grade 8,MN:MN,MAT,8,MRPCM,NJ,New Jersey,TOTAL,All students,1,All students,271.905561192357,1,8
171,1992,R2,1992&#185;,2,Grade 8,SD:SD,MAT,8,MRPCM,NJ,New Jersey,TOTAL,All students,1,All students,35.5971737719759,1,8
172,1992,R2,1992&#185;,2,Grade 8,MN:MN,MAT,8,MRPCM,NM,New Mexico,TOTAL,All students,1,All students,259.606717651222,1,8
173,1992,R2,1992&#185;,2,Grade 8,SD:SD,MAT,8,MRPCM,NM,New Mexico,TOTAL,All students,1,All students,31.9447915752267,1,8
174,1992,R2,1992&#185;,2,Grade 8,MN:MN,MAT,8,MRPCM,NP,National public,TOTAL,All students,1,All students,266.869669674271,1,8
175,1992,R2,1992&#185;,2,Grade 8,SD:SD,MAT,8,MRPCM,NP,National public,TOTAL,All students,1,All students,36.3153155648024,1,8
176,1992,R2,1992&#185;,2,Grade 8,MN:MN,MAT,8,MRPCM,NR,National private,TOTAL,All students,1,All students,280.53161804385,1,8
177,1992,R2,1992&#185;,2,Grade 8,SD:SD,MAT,8,MRPCM,NR,National private,TOTAL,All students,1,All students,33.3694453722208,1,8
178,1992,R2,1992&#185;,2,Grade 8,MN:MN,MAT,8,MRPCM,NT,National,TOTAL,All students,1,All students,268.392274387605,1,8
179,1992,R2,1992&#185;,2,Grade 8,SD:SD,MAT,8,MRPCM,NT,National,TOTAL,All students,1,All students,36.2550815595841,1,8
180,1992,R2,1992&#185;,2,Grade 8,MN:MN,MAT,8,MRPCM,NV,Nevada,TOTAL,All students,1,All students,999.0,0,328
181,1992,R2,1992&#185;,2,Grade 8,SD:SD,MAT,8,MRPCM,NV,Nevada,TOTAL,All students,1,All students,999.0,0,328
182,1992,R2,1992&#185;,2,Grade 8,MN:MN,MAT,8,MRPCM,NY,New York,TOTAL,All students,1,All students,266.422300096356,1,8
183,1992,R2,1992&#185;,2,Grade 8,SD:SD,MAT,8,MRPCM,NY,New York,TOTAL,All students,1,All students,38.9736040019406,1,8
184,1992,R2,1992&#185;,2,Grade 8,MN:MN,MAT,8,MRPCM,OH,Ohio,TOTAL,All students,1,All students,268.124197827471,1,8
185,1992,R2,1992&#185;,2,Grade 8,SD:SD,MAT,8,MRPCM,OH,Ohio,TOTAL,All students,1,All students,34.1664717071395,1,8
186,1992,R2,1992&#185;,2,Grade 8,MN:MN,MAT,8,MRPCM,OK,Oklahoma,TOTAL,All students,1,All students,268.131989632929,1,8
187,1992,R2,1992&#185;,2,Grade 8,SD:SD,MAT,8,MRPCM,OK,Oklahoma,TOTAL,All students,1,All students,31.9023775530875,1,8
188,1992,R2,1992&#185;,2,Grade 8,MN:MN,MAT,8,MRPCM,OR,Oregon,TOTAL,All students,1,All students,999.0,0,328
189,1992,R2,1992&#185;,2,Grade 8,SD:SD,MAT,8,MRPCM,OR,Oregon,TOTAL,All students,1,All students,999.0,0,328
190,1992,R2,1992&#185;,2,Grade 8,MN:MN,MAT,8,MRPCM,PA,Pennsylvania,TOTAL,All students,1,All students,271.378438779246,1,8
191,1992,R2,1992&#185;,2,Grade 8,SD:SD,MAT,8,MRPCM,PA,Pennsylvania,TOTAL,All students,1,All students,34.0598215599593,1,8
192,1992,R2,1992&#185;,2,Grade 8,MN:MN,MAT,8,MRPCM,RI,Rhode Island,TOTAL,All students,1,All students,265.907109115823,1,8
193,1992,R2,1992&#185;,2,Grade 8,SD:SD,MAT,8,MRPCM,RI,Rhode Island,TOTAL,All students,1,All students,33.0827173773094,1,8
194,1992,R2,1992&#185;,2,Grade 8,MN:MN,MAT,8,MRPCM,SC,South Carolina,TOTAL,All students,1,All students,260.77254399911,1,8
195,1992,R2,1992&#185;,2,Grade 8,SD:SD,MAT,8,MRPCM,SC,South Carolina,TOTAL,All students,1,All students,34.9339207408727,1,8
196,1992,R2,1992&#185;,2,Grade 8,MN:MN,MAT,8,MRPCM,SD,South Dakota,TOTAL,All students,1,All students,999.0,0,328
197,1992,R2,1992&#185;,2,Grade 8,SD:SD,MAT,8,MRPCM,SD,South Dakota,TOTAL,All students,1,All students,999.0,0,328
198,1992,R2,1992&#185;,2,Grade 8,MN:MN,MAT,8,MRPCM,TN,Tennessee,TOTAL,All students,1,All students,258.828048116901,1,8
199,1992,R2,1992&#185;,2,Grade 8,SD:SD,MAT,8,MRPCM,TN,Tennessee,TOTAL,All students,1,All students,33.5304978635921,1,8
200,1992,R2,1992&#185;,2,Grade 8,MN:MN,MAT,8,MRPCM,TX,Texas,TOTAL,All students,1,All students,264.592828381905,1,8
201,1992,R2,1992&#185;,2,Grade 8,SD:SD,MAT,8,MRPCM,TX,Texas,TOTAL,All students,1,All students,36.7718081703205,1,8
202,1992,R2,1992&#185;,2,Grade 8,MN:MN,MAT,8,MRPCM,UT,Utah,TOTAL,All students,1,All students,274.343177142075,1,8
203,1992,R2,1992&#185;,2,Grade 8,SD:SD,MAT,8,MRPCM,UT,Utah,TOTAL,All students,1,All students,31.579486498893,1,8
204,1992,R2,1992&#185;,2,Grade 8,MN:MN,MAT,8,MRPCM,VA,Virginia,TOTAL,All students,1,All students,267.863726281842,1,8
205,1992,R2,1992&#185;,2,Grade 8,SD:SD,MAT,8,MRPCM,VA,Virginia,TOTAL,All students,1,All students,35.0079807811962,1,8
206,1992,R2,1992&#185;,2,Grade 8,MN:MN,MAT,8,MRPCM,VT,Vermont,TOTAL,All students,1,All students,999.0,0,328
207,1992,R2,1992&#185;,2,Grade 8,SD:SD,MAT,8,MRPCM,VT,Vermont,TOTAL,All students,1,All students,999.0,0,328
208,1992,R2,1992&#185;,2,Grade 8,MN:MN,MAT,8,MRPCM,WA,Washington,TOTAL,All students,1,All students,999.0,0,328
209,1992,R2,1992&#185;,2,Grade 8,SD:SD,MAT,8,MRPCM,WA,Washington,TOTAL,All students,1,All students,999.0,0,328
210,1992,R2,1992&#185;,2,Grade 8,MN:MN,MAT,8,MRPCM,WI,Wisconsin,TOTAL,All students,1,All students,277.879134613647,1,8
211,1992,R2,1992&#185;,2,Grade 8,SD:SD,MAT,8,MRPCM,WI,Wisconsin,TOTAL,All students,1,All students,32.7362590546727,1,8
212,1992,R2,1992&#185;,2,Grade 8,MN:MN,MAT,8,MRPCM,WV,West Virginia,TOTAL,All students,1,All students,259.086448391919,1,8
213,1992,R2,1992&#185;,2,Grade 8,SD:SD,MAT,8,MRPCM,WV,West Virginia,TOTAL,All students,1,All students,30.7607589895895,1,8
214,1992,R2,1992&#185;,2,Grade 8,MN:MN,MAT,8,MRPCM,WY,Wyoming,TOTAL,All students,1,All students,275.080076053804,1,8
215,1992,R2,1992&#185;,2,Grade 8,SD:SD,MAT,8,MRPCM,WY,Wyoming,TOTAL,All students,1,All students,29.2356363965785,1,8
216,1996,R2,1996&#185;,2,Grade 8,MN:MN,MAT,8,MRPCM,AK,Alaska,TOTAL,All students,1,All students,277.643071449619,1,8
217,1996,R2,1996&#185;,2,Grade 8,SD:SD,MAT,8,MRPCM,AK,Alaska,TOTAL,All students,1,All students,38.7952865886692,1,8
218,1996,R2,1996&#185;,2,Grade 8,MN:MN,MAT,8,MRPCM,AL,Alabama,TOTAL,All students,1,All students,256.594863207309,1,8
219,1996,R2,1996&#185;,2,Grade 8,SD:SD,MAT,8,MRPCM,AL,Alabama,TOTAL,All students,1,All students,36.5394778539861,1,8
220,1996,R2,1996&#185;,2,Grade 8,MN:MN,MAT,8,MRPCM,AR,Arkansas,TOTAL,All students,1,All students,261.652745252938,1,8
221,1996,R2,1996&#185;,2,Grade 8,SD:SD,MAT,8,MRPCM,AR,Arkansas,TOTAL,All students,1,All students,34.4562483755821,1,8
222,1996,R2,1996&#185;,2,Grade 8,MN:MN,MAT,8,MRPCM,AZ,Arizona,TOTAL,All students,1,All students,267.874834337364,1,8
223,1996,R2,1996&#185;,2,Grade 8,SD:SD,MAT,8,MRPCM,AZ,Arizona,TOTAL,All students,1,All students,32.9467644994729,1,8
224,1996,R2,1996&#185;,2,Grade 8,MN:MN,MAT,8,MRPCM,CA,California,TOTAL,All students,1,All students,262.772478440845,1,8
225,1996,R2,1996&#185;,2,Grade 8,SD:SD,MAT,8,MRPCM,CA,California,TOTAL,All students,1,All students,37.0889057546377,1,8
226,1996,R2,1996&#185;,2,Grade 8,MN:MN,MAT,8,MRPCM,CO,Colorado,TOTAL,All students,1,All students,275.608214245213,1,8
227,1996,R2,1996&#185;,2,Grade 8,SD:SD,MAT,8,MRPCM,CO,Colorado,TOTAL,All students,1,All students,32.8441270503376,1,8
228,1996,R2,1996&#185;,2,Grade 8,MN:MN,MAT,8,MRPCM,CT,Connecticut,TOTAL,All students,1,All students,279.591244854912,1,8
229,1996,R2,1996&#185;,2,Grade 8,SD:SD,MAT,8,MRPCM,CT,Connecticut,TOTAL,All students,1,All students,34.63754125373,1,8
230,1996,R2,1996&#185;,2,Grade 8,MN:MN,MAT,8,MRPCM,DC,District of Columbia,TOTAL,All students,1,All students,232.831509532896,1,8
231,1996,R2,1996&#185;,2,Grade 8,SD:SD,MAT,8,MRPCM,DC,District of Columbia,TOTAL,All students,1,All students,38.9287560121522,1,8
232,1996,R2,1996&#185;,2,Grade 8,MN:MN,MAT,8,MRPCM,DE,Delaware,TOTAL,All students,1,All students,266.733673323772,1,8
233,1996,R2,1996&#185;,2,Grade 8,SD:SD,MAT,8,MRPCM,DE,Delaware,TOTAL,All students,1,All students,35.8840280728446,1,8
234,1996,R2,1996&#185;,2,Grade 8,MN:MN,MAT,8,MRPCM,FL,Florida,TOTAL,All students,1,All students,263.639393601298,1,8
235,1996,R2,1996&#185;,2,Grade 8,SD:SD,MAT,8,MRPCM,FL,Florida,TOTAL,All students,1,All students,36.3873617367202,1,8
236,1996,R2,1996&#185;,2,Grade 8,MN:MN,MAT,8,MRPCM,GA,Georgia,TOTAL,All students,1,All students,262.466020943521,1,8
237,1996,R2,1996&#185;,2,Grade 8,SD:SD,MAT,8,MRPCM,GA,Georgia,TOTAL,All students,1,All students,36.2310051084661,1,8
238,1996,R2,1996&#185;,2,Grade 8,MN:MN,MAT,8,MRPCM,HI,Hawaii,TOTAL,All students,1,All students,262.130081659249,1,8
239,1996,R2,1996&#185;,2,Grade 8,SD:SD,MAT,8,MRPCM,HI,Hawaii,TOTAL,All students,1,All students,37.1147785305552,1,8
240,1996,R2,1996&#185;,2,Grade 8,MN:MN,MAT,8,MRPCM,IA,Iowa,TOTAL,All students,1,All students,283.986368602787,1,8
241,1996,R2,1996&#185;,2,Grade 8,SD:SD,MAT,8,MRPCM,IA,Iowa,TOTAL,All students,1,All students,29.1356917862782,1,8
242,1996,R2,1996&#185;,2,Grade 8,MN:MN,MAT,8,MRPCM,ID,Idaho,TOTAL,All students,1,All students,999.0,0,328
243,1996,R2,1996&#185;,2,Grade 8,SD:SD,MAT,8,MRPCM,ID,Idaho,TOTAL,All students,1,All students,999.0,0,328
244,1996,R2,1996&#185;,2,Grade 8,MN:MN,MAT,8,MRPCM,IL,Illinois,TOTAL,All students,1,All students,999.0,0,328
245,1996,R2,1996&#185;,2,Grade 8,SD:SD,MAT,8,MRPCM,IL,Illinois,TOTAL,All students,1,All students,999.0,0,328
246,1996,R2,1996&#185;,2,Grade 8,MN:MN,MAT,8,MRPCM,IN,Indiana,TOTAL,All students,1,All students,275.529036804764,1,8
247,1996,R2,1996&#185;,2,Grade 8,SD:SD,MAT,8,MRPCM,IN,Indiana,TOTAL,All students,1,All students,32.3638153494457,1,8
248,1996,R2,1996&#185;,2,Grade 8,MN:MN,MAT,8,MRPCM,KS,Kansas,TOTAL,All students,1,All students,999.0,0,328
249,1996,R2,1996&#185;,2,Grade 8,SD:SD,MAT,8,MRPCM,KS,Kansas,TOTAL,All students,1,All students,999.0,0,328
250,1996,R2,1996&#185;,2,Grade 8,MN:MN,MAT,8,MRPCM,KY,Kentucky,TOTAL,All students,1,All students,266.591684017917,1,8
251,1996,R2,1996&#185;,2,Grade 8,SD:SD,MAT,8,MRPCM,KY,Kentucky,TOTAL,All students,1,All students,31.6586783072682,1,8
252,1996,R2,1996&#185;,2,Grade 8,MN:MN,MAT,8,MRPCM,LA,Louisiana,TOTAL,All students,1,All students,252.380394698737,1,8
253,1996,R2,1996&#185;,2,Grade 8,SD:SD,MAT,8,MRPCM,LA,Louisiana,TOTAL,All students,1,All students,32.5330010553363,1,8
254,1996,R2,1996&#185;,2,Grade 8,MN:MN,MAT,8,MRPCM,MA,Massachusetts,TOTAL,All students,1,All students,277.565642048853,1,8
255,1996,R2,1996&#185;,2,Grade 8,SD:SD,MAT,8,MRPCM,MA,Massachusetts,TOTAL,All students,1,All students,34.3731868927014,1,8
256,1996,R2,1996&#185;,2,Grade 8,MN:MN,MAT,8,MRPCM,MD,Maryland,TOTAL,All students,1,All students,269.681431438747,1,8
257,1996,R2,1996&#185;,2,Grade 8,SD:SD,MAT,8,MRPCM,MD,Maryland,TOTAL,All students,1,All students,40.1877241839127,1,8
258,1996,R2,1996&#185;,2,Grade 8,MN:MN,MAT,8,MRPCM,ME,Maine,TOTAL,All students,1,All students,284.059857433683,1,8
259,1996,R2,1996&#185;,2,Grade 8,SD:SD,MAT,8,MRPCM,ME,Maine,TOTAL,All students,1,All students,31.1497026390541,1,8
260,1996,R2,1996&#185;,2,Grade 8,MN:MN,MAT,8,MRPCM,MI,Michigan,TOTAL,All students,1,All students,276.866078248355,1,8
261,1996,R2,1996&#185;,2,Grade 8,SD:SD,MAT,8,MRPCM,MI,Michigan,TOTAL,All students,1,All students,35.3900044875104,1,8
262,1996,R2,1996&#185;,2,Grade 8,MN:MN,MAT,8,MRPCM,MN,Minnesota,TOTAL,All students,1,All students,284.048944634205,1,8
263,1996,R2,1996&#185;,2,Grade 8,SD:SD,MAT,8,MRPCM,MN,Minnesota,TOTAL,All students,1,All students,33.2915715537472,1,8
264,1996,R2,1996&#185;,2,Grade 8,MN:MN,MAT,8,MRPCM,MO,Missouri,TOTAL,All students,1,All students,273.284887242559,1,8
265,1996,R2,1996&#185;,2,Grade 8,SD:SD,MAT,8,MRPCM,MO,Missouri,TOTAL,All students,1,All students,31.7030802701234,1,8
266,1996,R2,1996&#185;,2,Grade 8,MN:MN,MAT,8,MRPCM,MS,Mississippi,TOTAL,All students,1,All students,250.215489081725,1,8
267,1996,R2,1996&#185;,2,Grade 8,SD:SD,MAT,8,MRPCM,MS,Mississippi,TOTAL,All students,1,All students,32.7612704132899,1,8
268,1996,R2,1996&#185;,2,Grade 8,MN:MN,MAT,8,MRPCM,MT,Montana,TOTAL,All students,1,All students,283.003869962468,1,8
269,1996,R2,1996&#185;,2,Grade 8,SD:SD,MAT,8,MRPCM,MT,Montana,TOTAL,All students,1,All students,33.1872696155112,1,8
270,1996,R2,1996&#185;,2,Grade 8,MN:MN,MAT,8,MRPCM,NC,North Carolina,TOTAL,All students,1,All students,267.834560282947,1,8
271,1996,R2,1996&#185;,2,Grade 8,SD:SD,MAT,8,MRPCM,NC,North Carolina,TOTAL,All students,1,All students,35.6911883896318,1,8
272,1996,R2,1996&#185;,2,Grade 8,MN:MN,MAT,8,MRPCM,ND,North Dakota,TOTAL,All students,1,All students,284.222267982804,1,8
273,1996,R2,1996&#185;,2,Grade 8,SD:SD,MAT,8,MRPCM,ND,North Dakota,TOTAL,All students,1,All students,31.1486092008428,1,8
274,1996,R2,1996&#185;,2,Grade 8,MN:MN,MAT,8,MRPCM,NE,Nebraska,TOTAL,All students,1,All students,282.769606861882,1,8
275,1996,R2,1996&#185;,2,Grade 8,SD:SD,MAT,8,MRPCM,NE,Nebraska,TOTAL,All students,1,All students,31.6974493285188,1,8
276,1996,R2,1996&#185;,2,Grade 8,MN:MN,MAT,8,MRPCM,NH,New Hampshire,TOTAL,All students,1,All students,999.0,0,296
277,1996,R2,1996&#185;,2,Grade 8,SD:SD,MAT,8,MRPCM,NH,New Hampshire,TOTAL,All students,1,All students,999.0,0,296
278,1996,R2,1996&#185;,2,Grade 8,MN:MN,MAT,8,MRPCM,NJ,New Jersey,TOTAL,All students,1,All students,999.0,0,296
279,1996,R2,1996&#185;,2,Grade 8,SD:SD,MAT,8,MRPCM,NJ,New Jersey,TOTAL,All students,1,All students,999.0,0,296
280,1996,R2,1996&#185;,2,Grade 8,MN:MN,MAT,8,MRPCM,NM,New Mexico,TOTAL,All students,1,All students,261.970366722903,1,8
281,1996,R2,1996&#185;,2,Grade 8,SD:SD,MAT,8,MRPCM,NM,New Mexico,TOTAL,All students,1,All students,34.5677486979422,1,8
282,1996,R2,1996&#185;,2,Grade 8,MN:MN,MAT,8,MRPCM,NP,National public,TOTAL,All students,1,All students,270.51348809626,1,8
283,1996,R2,1996&#185;,2,Grade 8,SD:SD,MAT,8,MRPCM,NP,National public,TOTAL,All students,1,All students,36.608523539436,1,8
284,1996,R2,1996&#185;,2,Grade 8,MN:MN,MAT,8,MRPCM,NR,National private,TOTAL,All students,1,All students,283.972174945214,1,8
285,1996,R2,1996&#185;,2,Grade 8,SD:SD,MAT,8,MRPCM,NR,National private,TOTAL,All students,1,All students,32.3534504805597,1,8
286,1996,R2,1996&#185;,2,Grade 8,MN:MN,MAT,8,MRPCM,NT,National,TOTAL,All students,1,All students,271.961881841507,1,8
287,1996,R2,1996&#185;,2,Grade 8,SD:SD,MAT,8,MRPCM,NT,National,TOTAL,All students,1,All students,36.4145892514898,1,8
288,1996,R2,1996&#185;,2,Grade 8,MN:MN,MAT,8,MRPCM,NV,Nevada,TOTAL,All students,1,All students,999.0,0,296
289,1996,R2,1996&#185;,2,Grade 8,SD:SD,MAT,8,MRPCM,NV,Nevada,TOTAL,All students,1,All students,999.0,0,296
290,1996,R2,1996&#185;,2,Grade 8,MN:MN,MAT,8,MRPCM,NY,New York,TOTAL,All students,1,All students,270.231486042978,1,8
291,1996,R2,1996&#185;,2,Grade 8,SD:SD,MAT,8,MRPCM,NY,New York,TOTAL,All students,1,All students,36.4066026772603,1,8
292,1996,R2,1996&#185;,2,Grade 8,MN:MN,MAT,8,MRPCM,OH,Ohio,TOTAL,All students,1,All students,999.0,0,328
293,1996,R2,1996&#185;,2,Grade 8,SD:SD,MAT,8,MRPCM,OH,Ohio,TOTAL,All students,1,All students,999.0,0,328
294,1996,R2,1996&#185;,2,Grade 8,MN:MN,MAT,8,MRPCM,OK,Oklahoma,TOTAL,All students,1,All students,999.0,0,328
295,1996,R2,1996&#185;,2,Grade 8,SD:SD,MAT,8,MRPCM,OK,Oklahoma,TOTAL,All students,1,All students,999.0,0,328
296,1996,R2,1996&#185;,2,Grade 8,MN:MN,MAT,8,MRPCM,OR,Oregon,TOTAL,All students,1,All students,276.341513193468,1,8
297,1996,R2,1996&#185;,2,Grade 8,SD:SD,MAT,8,MRPCM,OR,Oregon,TOTAL,All students,1,All students,34.250444392969,1,8
298,1996,R2,1996&#185;,2,Grade 8,MN:MN,MAT,8,MRPCM,PA,Pennsylvania,TOTAL,All students,1,All students,999.0,0,328
299,1996,R2,1996&#185;,2,Grade 8,SD:SD,MAT,8,MRPCM,PA,Pennsylvania,TOTAL,All students,1,All students,999.0,0,328
300,1996,R2,1996&#185;,2,Grade 8,MN:MN,MAT,8,MRPCM,RI,Rhode Island,TOTAL,All students,1,All students,268.877308125052,1,8
301,1996,R2,1996&#185;,2,Grade 8,SD:SD,MAT,8,MRPCM,RI,Rhode Island,TOTAL,All students,1,All students,36.1751232906246,1,8
302,1996,R2,1996&#185;,2,Grade 8,MN:MN,MAT,8,MRPCM,SC,South Carolina,TOTAL,All students,1,All students,260.77544755056,1,8
303,1996,R2,1996&#185;,2,Grade 8,SD:SD,MAT,8,MRPCM,SC,South Carolina,TOTAL,All students,1,All students,34.9887228073831,1,8
304,1996,R2,1996&#185;,2,Grade 8,MN:MN,MAT,8,MRPCM,SD,South Dakota,TOTAL,All students,1,All students,999.0,0,328
305,1996,R2,1996&#185;,2,Grade 8,SD:SD,MAT,8,MRPCM,SD,South Dakota,TOTAL,All students,1,All students,999.0,0,328
306,1996,R2,1996&#185;,2,Grade 8,MN:MN,MAT,8,MRPCM,TN,Tennessee,TOTAL,All students,1,All students,263.118935026706,1,8
307,1996,R2,1996&#185;,2,Grade 8,SD:SD,MAT,8,MRPCM,TN,Tennessee,TOTAL,All students,1,All students,35.2415435721149,1,8
308,1996,R2,1996&#185;,2,Grade 8,MN:MN,MAT,8,MRPCM,TX,Texas,TOTAL,All students,1,All students,270.1995775601,1,8
309,1996,R2,1996&#185;,2,Grade 8,SD:SD,MAT,8,MRPCM,TX,Texas,TOTAL,All students,1,All students,34.0393036287631,1,8
310,1996,R2,1996&#185;,2,Grade 8,MN:MN,MAT,8,MRPCM,UT,Utah,TOTAL,All students,1,All students,276.77310580851,1,8
311,1996,R2,1996&#185;,2,Grade 8,SD:SD,MAT,8,MRPCM,UT,Utah,TOTAL,All students,1,All students,30.930633820191,1,8
312,1996,R2,1996&#185;,2,Grade 8,MN:MN,MAT,8,MRPCM,VA,Virginia,TOTAL,All students,1,All students,269.754404714393,1,8
313,1996,R2,1996&#185;,2,Grade 8,SD:SD,MAT,8,MRPCM,VA,Virginia,TOTAL,All students,1,All students,34.6833424120585,1,8
314,1996,R2,1996&#185;,2,Grade 8,MN:MN,MAT,8,MRPCM,VT,Vermont,TOTAL,All students,1,All students,279.253243011267,1,8
315,1996,R2,1996&#185;,2,Grade 8,SD:SD,MAT,8,MRPCM,VT,Vermont,TOTAL,All students,1,All students,32.475149611594,1,8
316,1996,R2,1996&#185;,2,Grade 8,MN:MN,MAT,8,MRPCM,WA,Washington,TOTAL,All students,1,All students,276.117119563268,1,8
317,1996,R2,1996&#185;,2,Grade 8,SD:SD,MAT,8,MRPCM,WA,Washington,TOTAL,All students,1,All students,34.3820483098236,1,8
318,1996,R2,1996&#185;,2,Grade 8,MN:MN,MAT,8,MRPCM,WI,Wisconsin,TOTAL,All students,1,All students,282.848741719953,1,8
319,1996,R2,1996&#185;,2,Grade 8,SD:SD,MAT,8,MRPCM,WI,Wisconsin,TOTAL,All students,1,All students,32.0373688819834,1,8
320,1996,R2,1996&#185;,2,Grade 8,MN:MN,MAT,8,MRPCM,WV,West Virginia,TOTAL,All students,1,All students,264.865205444032,1,8
321,1996,R2,1996&#185;,2,Grade 8,SD:SD,MAT,8,MRPCM,WV,West Virginia,TOTAL,All students,1,All students,31.1987332131053,1,8
322,1996,R2,1996&#185;,2,Grade 8,MN:MN,MAT,8,MRPCM,WY,Wyoming,TOTAL,All students,1,All students,274.778946978667,1,8
323,1996,R2,1996&#185;,2,Grade 8,SD:SD,MAT,8,MRPCM,WY,Wyoming,TOTAL,All students,1,All students,31.1807590762395,1,8
324,2000,R3,2000,2,Grade 8,MN:MN,MAT,8,MRPCM,AK,Alaska,TOTAL,All students,1,All students,999.0,0,320
325,2000,R3,2000,2,Grade 8,SD:SD,MAT,8,MRPCM,AK,Alaska,TOTAL,All students,1,All students,999.0,0,320
326,2000,R3,2000,2,Grade 8,MN:MN,MAT,8,MRPCM,AL,Alabama,TOTAL,All students,1,All students,263.617387648458,1,0
327,2000,R3,2000,2,Grade 8,SD:SD,MAT,8,MRPCM,AL,Alabama,TOTAL,All students,1,All students,36.5470536391072,1,0
328,2000,R3,2000,2,Grade 8,MN:MN,MAT,8,MRPCM,AR,Arkansas,TOTAL,All students,1,All students,257.415473356823,1,0
329,2000,R3,2000,2,Grade 8,SD:SD,MAT,8,MRPCM,AR,Arkansas,TOTAL,All students,1,All students,39.7576847757903,1,0
330,2000,R3,2000,2,Grade 8,MN:MN,MAT,8,MRPCM,AZ,Arizona,TOTAL,All students,1,All students,268.576075626223,1,0
331,2000,R3,2000,2,Grade 8,SD:SD,MAT,8,MRPCM,AZ,Arizona,TOTAL,All students,1,All students,37.3242475395331,1,0
332,2000,R3,2000,2,Grade 8,MN:MN,MAT,8,MRPCM,CA,California,TOTAL,All students,1,All students,259.786969445037,1,0
333,2000,R3,2000,2,Grade 8,SD:SD,MAT,8,MRPCM,CA,California,TOTAL,All students,1,All students,41.0685657806045,1,0
334,2000,R3,2000,2,Grade 8,MN:MN,MAT,8,MRPCM,CO,Colorado,TOTAL,All students,1,All students,999.0,0,320
335,2000,R3,2000,2,Grade 8,SD:SD,MAT,8,MRPCM,CO,Colorado,TOTAL,All students,1,All students,999.0,0,320
336,2000,R3,2000,2,Grade 8,MN:MN,MAT,8,MRPCM,CT,Connecticut,TOTAL,All students,1,All students,280.785141539538,1,0
337,2000,R3,2000,2,Grade 8,SD:SD,MAT,8,MRPCM,CT,Connecticut,TOTAL,All students,1,All students,36.4253585361901,1,0
338,2000,R3,2000,2,Grade 8,MN:MN,MAT,8,MRPCM,DC,District of Columbia,TOTAL,All students,1,All students,234.619069800502,1,0
339,2000,R3,2000,2,Grade 8,SD:SD,MAT,8,MRPCM,DC,District of Columbia,TOTAL,All students,1,All students,40.152387014493,1,0
340,2000,R3,2000,2,Grade 8,MN:MN,MAT,8,MRPCM,DE,Delaware,TOTAL,All students,1,All students,999.0,0,320
341,2000,R3,2000,2,Grade 8,SD:SD,MAT,8,MRPCM,DE,Delaware,TOTAL,All students,1,All students,999.0,0,320
342,2000,R3,2000,2,Grade 8,MN:MN,MAT,8,MRPCM,FL,Florida,TOTAL,All students,1,All students,999.0,0,320
343,2000,R3,2000,2,Grade 8,SD:SD,MAT,8,MRPCM,FL,Florida,TOTAL,All students,1,All students,999.0,0,320
344,2000,R3,2000,2,Grade 8,MN:MN,MAT,8,MRPCM,GA,Georgia,TOTAL,All students,1,All students,265.358917596763,1,0
345,2000,R3,2000,2,Grade 8,SD:SD,MAT,8,MRPCM,GA,Georgia,TOTAL,All students,1,All students,36.5828956979032,1,0
346,2000,R3,2000,2,Grade 8,MN:MN,MAT,8,MRPCM,HI,Hawaii,TOTAL,All students,1,All students,262.183948325989,1,0
347,2000,R3,2000,2,Grade 8,SD:SD,MAT,8,MRPCM,HI,Hawaii,TOTAL,All students,1,All students,37.5191110625774,1,0
348,2000,R3,2000,2,Grade 8,MN:MN,MAT,8,MRPCM,IA,Iowa,TOTAL,All students,1,All students,999.0,0,320
349,2000,R3,2000,2,Grade 8,SD:SD,MAT,8,MRPCM,IA,Iowa,TOTAL,All students,1,All students,999.0,0,320
350,2000,R3,2000,2,Grade 8,MN:MN,MAT,8,MRPCM,ID,Idaho,TOTAL,All students,1,All students,277.225284211043,1,0
351,2000,R3,2000,2,Grade 8,SD:SD,MAT,8,MRPCM,ID,Idaho,TOTAL,All students,1,All students,34.1934192104063,1,0
352,2000,R3,2000,2,Grade 8,MN:MN,MAT,8,MRPCM,IL,Illinois,TOTAL,All students,1,All students,274.548708570806,1,0
353,2000,R3,2000,2,Grade 8,SD:SD,MAT,8,MRPCM,IL,Illinois,TOTAL,All students,1,All students,37.052169210592,1,0
354,2000,R3,2000,2,Grade 8,MN:MN,MAT,8,MRPCM,IN,Indiana,TOTAL,All students,1,All students,281.319929574796,1,0
355,2000,R3,2000,2,Grade 8,SD:SD,MAT,8,MRPCM,IN,Indiana,TOTAL,All students,1,All students,32.8777608956082,1,0
356,2000,R3,2000,2,Grade 8,MN:MN,MAT,8,MRPCM,KS,Kansas,TOTAL,All students,1,All students,283.008634612563,1,0
357,2000,R3,2000,2,Grade 8,SD:SD,MAT,8,MRPCM,KS,Kansas,TOTAL,All students,1,All students,33.7053633688049,1,0
358,2000,R3,2000,2,Grade 8,MN:MN,MAT,8,MRPCM,KY,Kentucky,TOTAL,All students,1,All students,269.884981944686,1,0
359,2000,R3,2000,2,Grade 8,SD:SD,MAT,8,MRPCM,KY,Kentucky,TOTAL,All students,1,All students,35.3218361224767,1,0
360,2000,R3,2000,2,Grade 8,MN:MN,MAT,8,MRPCM,LA,Louisiana,TOTAL,All students,1,All students,258.560095214091,1,0
361,2000,R3,2000,2,Grade 8,SD:SD,MAT,8,MRPCM,LA,Louisiana,TOTAL,All students,1,All students,34.363636613569,1,0
362,2000,R3,2000,2,Grade 8,MN:MN,MAT,8,MRPCM,MA,Massachusetts,TOTAL,All students,1,All students,278.949013286235,1,0
363,2000,R3,2000,2,Grade 8,SD:SD,MAT,8,MRPCM,MA,Massachusetts,TOTAL,All students,1,All students,35.6293544188363,1,0
364,2000,R3,2000,2,Grade 8,MN:MN,MAT,8,MRPCM,MD,Maryland,TOTAL,All students,1,All students,271.931910705847,1,0
365,2000,R3,2000,2,Grade 8,SD:SD,MAT,8,MRPCM,MD,Maryland,TOTAL,All students,1,All students,41.6583740883063,1,0
366,2000,R3,2000,2,Grade 8,MN:MN,MAT,8,MRPCM,ME,Maine,TOTAL,All students,1,All students,281.353686944761,1,0
367,2000,R3,2000,2,Grade 8,SD:SD,MAT,8,MRPCM,ME,Maine,TOTAL,All students,1,All students,33.6582814881153,1,0
368,2000,R3,2000,2,Grade 8,MN:MN,MAT,8,MRPCM,MI,Michigan,TOTAL,All students,1,All students,277.271244725957,1,0
369,2000,R3,2000,2,Grade 8,SD:SD,MAT,8,MRPCM,MI,Michigan,TOTAL,All students,1,All students,35.1575394203675,1,0
370,2000,R3,2000,2,Grade 8,MN:MN,MAT,8,MRPCM,MN,Minnesota,TOTAL,All students,1,All students,286.980219487725,1,0
371,2000,R3,2000,2,Grade 8,SD:SD,MAT,8,MRPCM,MN,Minnesota,TOTAL,All students,1,All students,33.5262026972687,1,0
372,2000,R3,2000,2,Grade 8,MN:MN,MAT,8,MRPCM,MO,Missouri,TOTAL,All students,1,All students,270.928275720834,1,0
373,2000,R3,2000,2,Grade 8,SD:SD,MAT,8,MRPCM,MO,Missouri,TOTAL,All students,1,All students,35.4134967202827,1,0
374,2000,R3,2000,2,Grade 8,MN:MN,MAT,8,MRPCM,MS,Mississippi,TOTAL,All students,1,All students,254.135884350615,1,0
375,2000,R3,2000,2,Grade 8,SD:SD,MAT,8,MRPCM,MS,Mississippi,TOTAL,All students,1,All students,33.6842234391774,1,0
376,2000,R3,2000,2,Grade 8,MN:MN,MAT,8,MRPCM,MT,Montana,TOTAL,All students,1,All students,285.234013586705,1,0
377,2000,R3,2000,2,Grade 8,SD:SD,MAT,8,MRPCM,MT,Montana,TOTAL,All students,1,All students,34.0365479136079,1,0
378,2000,R3,2000,2,Grade 8,MN:MN,MAT,8,MRPCM,NC,North Carolina,TOTAL,All students,1,All students,276.241167786538,1,0
379,2000,R3,2000,2,Grade 8,SD:SD,MAT,8,MRPCM,NC,North Carolina,TOTAL,All students,1,All students,36.5979861318163,1,0
380,2000,R3,2000,2,Grade 8,MN:MN,MAT,8,MRPCM,ND,North Dakota,TOTAL,All students,1,All students,281.892936506635,1,0
381,2000,R3,2000,2,Grade 8,SD:SD,MAT,8,MRPCM,ND,North Dakota,TOTAL,All students,1,All students,32.2051666048278,1,0
382,2000,R3,2000,2,Grade 8,MN:MN,MAT,8,MRPCM,NE,Nebraska,TOTAL,All students,1,All students,280.015961538517,1,0
383,2000,R3,2000,2,Grade 8,SD:SD,MAT,8,MRPCM,NE,Nebraska,TOTAL,All students,1,All students,35.0305593463274,1,0
384,2000,R3,2000,2,Grade 8,MN:MN,MAT,8,MRPCM,NH,New Hampshire,TOTAL,All students,1,All students,999.0,0,320
385,2000,R3,2000,2,Grade 8,SD:SD,MAT,8,MRPCM,NH,New Hampshire,TOTAL,All students,1,All students,999.0,0,320
386,2000,R3,2000,2,Grade 8,MN:MN,MAT,8,MRPCM,NJ,New Jersey,TOTAL,All students,1,All students,999.0,0,320
387,2000,R3,2000,2,Grade 8,SD:SD,MAT,8,MRPCM,NJ,New Jersey,TOTAL,All students,1,All students,999.0,0,320
388,2000,R3,2000,2,Grade 8,MN:MN,MAT,8,MRPCM,NM,New Mexico,TOTAL,All students,1,All students,259.334121598611,1,0
389,2000,R3,2000,2,Grade 8,SD:SD,MAT,8,MRPCM,NM,New Mexico,TOTAL,All students,1,All students,35.0655646908096,1,0
390,2000,R3,2000,2,Grade 8,MN:MN,MAT,8,MRPCM,NP,National public,TOTAL,All students,1,All students,271.829034996469,1,0
391,2000,R3,2000,2,Grade 8,SD:SD,MAT,8,MRPCM,NP,National public,TOTAL,All students,1,All students,38.4072189096257,1,0
392,2000,R3,2000,2,Grade 8,MN:MN,MAT,8,MRPCM,NR,National private,TOTAL,All students,1,All students,286.354985074988,1,0
393,2000,R3,2000,2,Grade 8,SD:SD,MAT,8,MRPCM,NR,National private,TOTAL,All students,1,All students,31.8606369692374,1,0
394,2000,R3,2000,2,Grade 8,MN:MN,MAT,8,MRPCM,NT,National,TOTAL,All students,1,All students,273.100133791048,1,0
395,2000,R3,2000,2,Grade 8,SD:SD,MAT,8,MRPCM,NT,National,TOTAL,All students,1,All students,38.0633857183858,1,0
396,2000,R3,2000,2,Grade 8,MN:MN,MAT,8,MRPCM,NV,Nevada,TOTAL,All students,1,All students,264.944819517931,1,0
397,2000,R3,2000,2,Grade 8,SD:SD,MAT,8,MRPCM,NV,Nevada,TOTAL,All students,1,All students,37.7597190563809,1,0
398,2000,R3,2000,2,Grade 8,MN:MN,MAT,8,MRPCM,NY,New York,TOTAL,All students,1,All students,271.462873995355,1,0
399,2000,R3,2000,2,Grade 8,SD:SD,MAT,8,MRPCM,NY,New York,TOTAL,All students,1,All students,38.5539262302303,1,0
400,2000,R3,2000,2,Grade 8,MN:MN,MAT,8,MRPCM,OH,Ohio,TOTAL,All students,1,All students,280.584751130148,1,0
401,2000,R3,2000,2,Grade 8,SD:SD,MAT,8,MRPCM,OH,Ohio,TOTAL,All students,1,All students,33.7398327341687,1,0
402,2000,R3,2000,2,Grade 8,MN:MN,MAT,8,MRPCM,OK,Oklahoma,TOTAL,All students,1,All students,269.734439783657,1,0
403,2000,R3,2000,2,Grade 8,SD:SD,MAT,8,MRPCM,OK,Oklahoma,TOTAL,All students,1,All students,33.1394957490141,1,0
404,2000,R3,2000,2,Grade 8,MN:MN,MAT,8,MRPCM,OR,Oregon,TOTAL,All students,1,All students,280.062236881357,1,0
405,2000,R3,2000,2,Grade 8,SD:SD,MAT,8,MRPCM,OR,Oregon,TOTAL,All students,1,All students,35.472927993557,1,0
406,2000,R3,2000,2,Grade 8,MN:MN,MAT,8,MRPCM,PA,Pennsylvania,TOTAL,All students,1,All students,999.0,0,320
407,2000,R3,2000,2,Grade 8,SD:SD,MAT,8,MRPCM,PA,Pennsylvania,TOTAL,All students,1,All students,999.0,0,320
408,2000,R3,2000,2,Grade 8,MN:MN,MAT,8,MRPCM,RI,Rhode Island,TOTAL,All students,1,All students,268.943754612408,1,0
409,2000,R3,2000,2,Grade 8,SD:SD,MAT,8,MRPCM,RI,Rhode Island,TOTAL,All students,1,All students,38.8915169094701,1,0
410,2000,R3,2000,2,Grade 8,MN:MN,MAT,8,MRPCM,SC,South Carolina,TOTAL,All students,1,All students,264.584747101265,1,0
411,2000,R3,2000,2,Grade 8,SD:SD,MAT,8,MRPCM,SC,South Carolina,TOTAL,All students,1,All students,35.5091033638343,1,0
412,2000,R3,2000,2,Grade 8,MN:MN,MAT,8,MRPCM,SD,South Dakota,TOTAL,All students,1,All students,999.0,0,320
413,2000,R3,2000,2,Grade 8,SD:SD,MAT,8,MRPCM,SD,South Dakota,TOTAL,All students,1,All students,999.0,0,320
414,2000,R3,2000,2,Grade 8,MN:MN,MAT,8,MRPCM,TN,Tennessee,TOTAL,All students,1,All students,261.617187910289,1,0
415,2000,R3,2000,2,Grade 8,SD:SD,MAT,8,MRPCM,TN,Tennessee,TOTAL,All students,1,All students,39.0465418511845,1,0
416,2000,R3,2000,2,Grade 8,MN:MN,MAT,8,MRPCM,TX,Texas,TOTAL,All students,1,All students,273.443798573595,1,0
417,2000,R3,2000,2,Grade 8,SD:SD,MAT,8,MRPCM,TX,Texas,TOTAL,All students,1,All students,36.1110096521495,1,0
418,2000,R3,2000,2,Grade 8,MN:MN,MAT,8,MRPCM,UT,Utah,TOTAL,All students,1,All students,273.526491456964,1,0
419,2000,R3,2000,2,Grade 8,SD:SD,MAT,8,MRPCM,UT,Utah,TOTAL,All students,1,All students,35.8420518313223,1,0
420,2000,R3,2000,2,Grade 8,MN:MN,MAT,8,MRPCM,VA,Virginia,TOTAL,All students,1,All students,274.765866433651,1,0
421,2000,R3,2000,2,Grade 8,SD:SD,MAT,8,MRPCM,VA,Virginia,TOTAL,All students,1,All students,35.2975105693662,1,0
422,2000,R3,2000,2,Grade 8,MN:MN,MAT,8,MRPCM,VT,Vermont,TOTAL,All students,1,All students,280.500388765004,1,0
423,2000,R3,2000,2,Grade 8,SD:SD,MAT,8,MRPCM,VT,Vermont,TOTAL,All students,1,All students,35.6132445345546,1,0
424,2000,R3,2000,2,Grade 8,MN:MN,MAT,8,MRPCM,WA,Washington,TOTAL,All students,1,All students,999.0,0,320
425,2000,R3,2000,2,Grade 8,SD:SD,MAT,8,MRPCM,WA,Washington,TOTAL,All students,1,All students,999.0,0,320
426,2000,R3,2000,2,Grade 8,MN:MN,MAT,8,MRPCM,WI,Wisconsin,TOTAL,All students,1,All students,999.0,0,288
427,2000,R3,2000,2,Grade 8,SD:SD,MAT,8,MRPCM,WI,Wisconsin,TOTAL,All students,1,All students,999.0,0,288
428,2000,R3,2000,2,Grade 8,MN:MN,MAT,8,MRPCM,WV,West Virginia,TOTAL,All students,1,All students,266.472369996734,1,0
429,2000,R3,2000,2,Grade 8,SD:SD,MAT,8,MRPCM,WV,West Virginia,TOTAL,All students,1,All students,36.0405789698099,1,0
430,2000,R3,2000,2,Grade 8,MN:MN,MAT,8,MRPCM,WY,Wyoming,TOTAL,All students,1,All students,275.572331548652,1,0
431,2000,R3,2000,2,Grade 8,SD:SD,MAT,8,MRPCM,WY,Wyoming,TOTAL,All students,1,All students,33.6948954895458,1,0
432,2005,R3,2005,2,Grade 8,MN:MN,MAT,8,MRPCM,AK,Alaska,TOTAL,All students,1,All students,278.958709394219,1,0
433,2005,R3,2005,2,Grade 8,SD:SD,MAT,8,MRPCM,AK,Alaska,TOTAL,All students,1,All students,34.8911954925986,1,0
434,2005,R3,2005,2,Grade 8,MN:MN,MAT,8,MRPCM,AL,Alabama,TOTAL,All students,1,All students,262.211100048323,1,0
435,2005,R3,2005,2,Grade 8,SD:SD,MAT,8,MRPCM,AL,Alabama,TOTAL,All students,1,All students,37.7260521581897,1,0
436,2005,R3,2005,2,Grade 8,MN:MN,MAT,8,MRPCM,AR,Arkansas,TOTAL,All students,1,All students,271.636348366415,1,0
437,2005,R3,2005,2,Grade 8,SD:SD,MAT,8,MRPCM,AR,Arkansas,TOTAL,All students,1,All students,35.7384574602,1,0
438,2005,R3,2005,2,Grade 8,MN:MN,MAT,8,MRPCM,AZ,Arizona,TOTAL,All students,1,All students,274.305090048274,1,0
439,2005,R3,2005,2,Grade 8,SD:SD,MAT,8,MRPCM,AZ,Arizona,TOTAL,All students,1,All students,36.5115721983653,1,0
440,2005,R3,2005,2,Grade 8,MN:MN,MAT,8,MRPCM,CA,California,TOTAL,All students,1,All students,268.558128581435,1,0
441,2005,R3,2005,2,Grade 8,SD:SD,MAT,8,MRPCM,CA,California,TOTAL,All students,1,All students,38.5860977816957,1,0
442,2005,R3,2005,2,Grade 8,MN:MN,MAT,8,MRPCM,CO,Colorado,TOTAL,All students,1,All students,280.824007310133,1,0
443,2005,R3,2005,2,Grade 8,SD:SD,MAT,8,MRPCM,CO,Colorado,TOTAL,All students,1,All students,35.8167006590372,1,0
444,2005,R3,2005,2,Grade 8,MN:MN,MAT,8,MRPCM,CT,Connecticut,TOTAL,All students,1,All students,281.068953005311,1,0
445,2005,R3,2005,2,Grade 8,SD:SD,MAT,8,MRPCM,CT,Connecticut,TOTAL,All students,1,All students,38.5676279605618,1,0
446,2005,R3,2005,2,Grade 8,MN:MN,MAT,8,MRPCM,DC,District of Columbia,TOTAL,All students,1,All students,245.215780768922,1,0
447,2005,R3,2005,2,Grade 8,SD:SD,MAT,8,MRPCM,DC,District of Columbia,TOTAL,All students,1,All students,36.5549256312617,1,0
448,2005,R3,2005,2,Grade 8,MN:MN,MAT,8,MRPCM,DE,Delaware,TOTAL,All students,1,All students,280.95354283122,1,0
449,2005,R3,2005,2,Grade 8,SD:SD,MAT,8,MRPCM,DE,Delaware,TOTAL,All students,1,All students,32.1820962585301,1,0
450,2005,R3,2005,2,Grade 8,MN:MN,MAT,8,MRPCM,FL,Florida,TOTAL,All students,1,All students,274.04837689748,1,0
451,2005,R3,2005,2,Grade 8,SD:SD,MAT,8,MRPCM,FL,Florida,TOTAL,All students,1,All students,37.1636414693966,1,0
452,2005,R3,2005,2,Grade 8,MN:MN,MAT,8,MRPCM,GA,Georgia,TOTAL,All students,1,All students,272.191564411022,1,0
453,2005,R3,2005,2,Grade 8,SD:SD,MAT,8,MRPCM,GA,Georgia,TOTAL,All students,1,All students,36.0912927327068,1,0
454,2005,R3,2005,2,Grade 8,MN:MN,MAT,8,MRPCM,HI,Hawaii,TOTAL,All students,1,All students,265.629319114115,1,0
455,2005,R3,2005,2,Grade 8,SD:SD,MAT,8,MRPCM,HI,Hawaii,TOTAL,All students,1,All students,36.6110981054698,1,0
456,2005,R3,2005,2,Grade 8,MN:MN,MAT,8,MRPCM,IA,Iowa,TOTAL,All students,1,All students,283.810928831672,1,0
457,2005,R3,2005,2,Grade 8,SD:SD,MAT,8,MRPCM,IA,Iowa,TOTAL,All students,1,All students,32.7094021654695,1,0
458,2005,R3,2005,2,Grade 8,MN:MN,MAT,8,MRPCM,ID,Idaho,TOTAL,All students,1,All students,280.966896649599,1,0
459,2005,R3,2005,2,Grade 8,SD:SD,MAT,8,MRPCM,ID,Idaho,TOTAL,All students,1,All students,32.9362387613413,1,0
460,2005,R3,2005,2,Grade 8,MN:MN,MAT,8,MRPCM,IL,Illinois,TOTAL,All students,1,All students,277.672238913307,1,0
461,2005,R3,2005,2,Grade 8,SD:SD,MAT,8,MRPCM,IL,Illinois,TOTAL,All students,1,All students,35.8619312434235,1,0
462,2005,R3,2005,2,Grade 8,MN:MN,MAT,8,MRPCM,IN,Indiana,TOTAL,All students,1,All students,281.714945536305,1,0
463,2005,R3,2005,2,Grade 8,SD:SD,MAT,8,MRPCM,IN,Indiana,TOTAL,All students,1,All students,32.9910888427713,1,0
464,2005,R3,2005,2,Grade 8,MN:MN,MAT,8,MRPCM,KS,Kansas,TOTAL,All students,1,All students,284.030053484553,1,0
465,2005,R3,2005,2,Grade 8,SD:SD,MAT,8,MRPCM,KS,Kansas,TOTAL,All students,1,All students,32.6751291085482,1,0
466,2005,R3,2005,2,Grade 8,MN:MN,MAT,8,MRPCM,KY,Kentucky,TOTAL,All students,1,All students,273.983027164396,1,0
467,2005,R3,2005,2,Grade 8,SD:SD,MAT,8,MRPCM,KY,Kentucky,TOTAL,All students,1,All students,32.866107065008,1,0
468,2005,R3,2005,2,Grade 8,MN:MN,MAT,8,MRPCM,LA,Louisiana,TOTAL,All students,1,All students,267.755030846034,1,0
469,2005,R3,2005,2,Grade 8,SD:SD,MAT,8,MRPCM,LA,Louisiana,TOTAL,All students,1,All students,32.5105090584874,1,0
470,2005,R3,2005,2,Grade 8,MN:MN,MAT,8,MRPCM,MA,Massachusetts,TOTAL,All students,1,All students,291.5135411152,1,0
471,2005,R3,2005,2,Grade 8,SD:SD,MAT,8,MRPCM,MA,Massachusetts,TOTAL,All students,1,All students,35.2126068493194,1,0
472,2005,R3,2005,2,Grade 8,MN:MN,MAT,8,MRPCM,MD,Maryland,TOTAL,All students,1,All students,277.930794576753,1,0
473,2005,R3,2005,2,Grade 8,SD:SD,MAT,8,MRPCM,MD,Maryland,TOTAL,All students,1,All students,37.558656655682,1,0
474,2005,R3,2005,2,Grade 8,MN:MN,MAT,8,MRPCM,ME,Maine,TOTAL,All students,1,All students,281.058540918142,1,0
475,2005,R3,2005,2,Grade 8,SD:SD,MAT,8,MRPCM,ME,Maine,TOTAL,All students,1,All students,33.0958661748622,1,0
476,2005,R3,2005,2,Grade 8,MN:MN,MAT,8,MRPCM,MI,Michigan,TOTAL,All students,1,All students,277.346681960374,1,0
477,2005,R3,2005,2,Grade 8,SD:SD,MAT,8,MRPCM,MI,Michigan,TOTAL,All students,1,All students,36.7669538768735,1,0
478,2005,R3,2005,2,Grade 8,MN:MN,MAT,8,MRPCM,MN,Minnesota,TOTAL,All students,1,All students,290.074995791089,1,0
479,2005,R3,2005,2,Grade 8,SD:SD,MAT,8,MRPCM,MN,Minnesota,TOTAL,All students,1,All students,36.5302467863987,1,0
480,2005,R3,2005,2,Grade 8,MN:MN,MAT,8,MRPCM,MO,Missouri,TOTAL,All students,1,All students,276.44993926095,1,0
481,2005,R3,2005,2,Grade 8,SD:SD,MAT,8,MRPCM,MO,Missouri,TOTAL,All students,1,All students,34.1095969242074,1,0
482,2005,R3,2005,2,Grade 8,MN:MN,MAT,8,MRPCM,MS,Mississippi,TOTAL,All students,1,All students,262.456242710419,1,0
483,2005,R3,2005,2,Grade 8,SD:SD,MAT,8,MRPCM,MS,Mississippi,TOTAL,All students,1,All students,32.8700887747489,1,0
484,2005,R3,2005,2,Grade 8,MN:MN,MAT,8,MRPCM,MT,Montana,TOTAL,All students,1,All students,286.432001216413,1,0
485,2005,R3,2005,2,Grade 8,SD:SD,MAT,8,MRPCM,MT,Montana,TOTAL,All students,1,All students,31.3217229740099,1,0
486,2005,R3,2005,2,Grade 8,MN:MN,MAT,8,MRPCM,NC,North Carolina,TOTAL,All students,1,All students,281.825136586578,1,0
487,2005,R3,2005,2,Grade 8,SD:SD,MAT,8,MRPCM,NC,North Carolina,TOTAL,All students,1,All students,35.4821072390349,1,0
488,2005,R3,2005,2,Grade 8,MN:MN,MAT,8,MRPCM,ND,North Dakota,TOTAL,All students,1,All students,286.960953441317,1,0
489,2005,R3,2005,2,Grade 8,SD:SD,MAT,8,MRPCM,ND,North Dakota,TOTAL,All students,1,All students,28.9396617559184,1,0
490,2005,R3,2005,2,Grade 8,MN:MN,MAT,8,MRPCM,NE,Nebraska,TOTAL,All students,1,All students,283.9629910353,1,0
491,2005,R3,2005,2,Grade 8,SD:SD,MAT,8,MRPCM,NE,Nebraska,TOTAL,All students,1,All students,33.6186095107911,1,0
492,2005,R3,2005,2,Grade 8,MN:MN,MAT,8,MRPCM,NH,New Hampshire,TOTAL,All students,1,All students,285.2533570362,1,0
493,2005,R3,2005,2,Grade 8,SD:SD,MAT,8,MRPCM,NH,New Hampshire,TOTAL,All students,1,All students,32.3101602130783,1,0
494,2005,R3,2005,2,Grade 8,MN:MN,MAT,8,MRPCM,NJ,New Jersey,TOTAL,All students,1,All students,283.902604236295,1,0
495,2005,R3,2005,2,Grade 8,SD:SD,MAT,8,MRPCM,NJ,New Jersey,TOTAL,All students,1,All students,37.5712507484272,1,0
496,2005,R3,2005,2,Grade 8,MN:MN,MAT,8,MRPCM,NM,New Mexico,TOTAL,All students,1,All students,263.275162986677,1,0
497,2005,R3,2005,2,Grade 8,SD:SD,MAT,8,MRPCM,NM,New Mexico,TOTAL,All students,1,All students,33.9934558985418,1,0
498,2005,R3,2005,2,Grade 8,MN:MN,MAT,8,MRPCM,NP,National public,TOTAL,All students,1,All students,277.519684495209,1,0
499,2005,R3,2005,2,Grade 8,SD:SD,MAT,8,MRPCM,NP,National public,TOTAL,All students,1,All students,36.3455251556497,1,0
500,2005,R3,2005,2,Grade 8,MN:MN,MAT,8,MRPCM,NR,National private,TOTAL,All students,1,All students,999.0,0,288
501,2005,R3,2005,2,Grade 8,SD:SD,MAT,8,MRPCM,NR,National private,TOTAL,All students,1,All students,999.0,0,288
502,2005,R3,2005,2,Grade 8,MN:MN,MAT,8,MRPCM,NT,National,TOTAL,All students,1,All students,278.819811032215,1,0
503,2005,R3,2005,2,Grade 8,SD:SD,MAT,8,MRPCM,NT,National,TOTAL,All students,1,All students,36.3164683740093,1,0
504,2005,R3,2005,2,Grade 8,MN:MN,MAT,8,MRPCM,NV,Nevada,TOTAL,All students,1,All students,269.905585503685,1,0
505,2005,R3,2005,2,Grade 8,SD:SD,MAT,8,MRPCM,NV,Nevada,TOTAL,All students,1,All students,35.9903254732935,1,0
506,2005,R3,2005,2,Grade 8,MN:MN,MAT,8,MRPCM,NY,New York,TOTAL,All students,1,All students,279.716253699868,1,0
507,2005,R3,2005,2,Grade 8,SD:SD,MAT,8,MRPCM,NY,New York,TOTAL,All students,1,All students,35.9691749004361,1,0
508,2005,R3,2005,2,Grade 8,MN:MN,MAT,8,MRPCM,OH,Ohio,TOTAL,All students,1,All students,283.251774708647,1,0
509,2005,R3,2005,2,Grade 8,SD:SD,MAT,8,MRPCM,OH,Ohio,TOTAL,All students,1,All students,34.5150973722284,1,0
510,2005,R3,2005,2,Grade 8,MN:MN,MAT,8,MRPCM,OK,Oklahoma,TOTAL,All students,1,All students,271.359902408679,1,0
511,2005,R3,2005,2,Grade 8,SD:SD,MAT,8,MRPCM,OK,Oklahoma,TOTAL,All students,1,All students,33.7593848514723,1,0
512,2005,R3,2005,2,Grade 8,MN:MN,MAT,8,MRPCM,OR,Oregon,TOTAL,All students,1,All students,282.237325362273,1,0
513,2005,R3,2005,2,Grade 8,SD:SD,MAT,8,MRPCM,OR,Oregon,TOTAL,All students,1,All students,36.2983947744089,1,0
514,2005,R3,2005,2,Grade 8,MN:MN,MAT,8,MRPCM,PA,Pennsylvania,TOTAL,All students,1,All students,280.713835066326,1,0
515,2005,R3,2005,2,Grade 8,SD:SD,MAT,8,MRPCM,PA,Pennsylvania,TOTAL,All students,1,All students,34.9521787656926,1,0
516,2005,R3,2005,2,Grade 8,MN:MN,MAT,8,MRPCM,RI,Rhode Island,TOTAL,All students,1,All students,272.345018074323,1,0
517,2005,R3,2005,2,Grade 8,SD:SD,MAT,8,MRPCM,RI,Rhode Island,TOTAL,All students,1,All students,35.4609869143409,1,0
518,2005,R3,2005,2,Grade 8,MN:MN,MAT,8,MRPCM,SC,South Carolina,TOTAL,All students,1,All students,281.23432113535,1,0
519,2005,R3,2005,2,Grade 8,SD:SD,MAT,8,MRPCM,SC,South Carolina,TOTAL,All students,1,All students,34.1188802811831,1,0
520,2005,R3,2005,2,Grade 8,MN:MN,MAT,8,MRPCM,SD,South Dakota,TOTAL,All students,1,All students,287.303617983357,1,0
521,2005,R3,2005,2,Grade 8,SD:SD,MAT,8,MRPCM,SD,South Dakota,TOTAL,All students,1,All students,31.1746008219317,1,0
522,2005,R3,2005,2,Grade 8,MN:MN,MAT,8,MRPCM,TN,Tennessee,TOTAL,All students,1,All students,270.524576784271,1,0
523,2005,R3,2005,2,Grade 8,SD:SD,MAT,8,MRPCM,TN,Tennessee,TOTAL,All students,1,All students,34.1990672357626,1,0
524,2005,R3,2005,2,Grade 8,MN:MN,MAT,8,MRPCM,TX,Texas,TOTAL,All students,1,All students,281.102845047493,1,0
525,2005,R3,2005,2,Grade 8,SD:SD,MAT,8,MRPCM,TX,Texas,TOTAL,All students,1,All students,34.6963288798802,1,0
526,2005,R3,2005,2,Grade 8,MN:MN,MAT,8,MRPCM,UT,Utah,TOTAL,All students,1,All students,279.156123426792,1,0
527,2005,R3,2005,2,Grade 8,SD:SD,MAT,8,MRPCM,UT,Utah,TOTAL,All students,1,All students,34.4119823598673,1,0
528,2005,R3,2005,2,Grade 8,MN:MN,MAT,8,MRPCM,VA,Virginia,TOTAL,All students,1,All students,284.371628221298,1,0
529,2005,R3,2005,2,Grade 8,SD:SD,MAT,8,MRPCM,VA,Virginia,TOTAL,All students,1,All students,34.2928558476196,1,0
530,2005,R3,2005,2,Grade 8,MN:MN,MAT,8,MRPCM,VT,Vermont,TOTAL,All students,1,All students,287.356487616841,1,0
531,2005,R3,2005,2,Grade 8,SD:SD,MAT,8,MRPCM,VT,Vermont,TOTAL,All students,1,All students,34.6806282609095,1,0
532,2005,R3,2005,2,Grade 8,MN:MN,MAT,8,MRPCM,WA,Washington,TOTAL,All students,1,All students,285.052229728136,1,0
533,2005,R3,2005,2,Grade 8,SD:SD,MAT,8,MRPCM,WA,Washington,TOTAL,All students,1,All students,36.1979634779602,1,0
534,2005,R3,2005,2,Grade 8,MN:MN,MAT,8,MRPCM,WI,Wisconsin,TOTAL,All students,1,All students,284.541556582959,1,0
535,2005,R3,2005,2,Grade 8,SD:SD,MAT,8,MRPCM,WI,Wisconsin,TOTAL,All students,1,All students,34.3814053727494,1,0
536,2005,R3,2005,2,Grade 8,MN:MN,MAT,8,MRPCM,WV,West Virginia,TOTAL,All students,1,All students,269.099492803301,1,0
537,2005,R3,2005,2,Grade 8,SD:SD,MAT,8,MRPCM,WV,West Virginia,TOTAL,All students,1,All students,31.855547910627,1,0
538,2005,R3,2005,2,Grade 8,MN:MN,MAT,8,MRPCM,WY,Wyoming,TOTAL,All students,1,All students,282.100609598155,1,0
539,2005,R3,2005,2,Grade 8,SD:SD,MAT,8,MRPCM,WY,Wyoming,TOTAL,All students,1,All students,29.8954395443368,1,0
540,2009,R3,2009,2,Grade 8,MN:MN,MAT,8,MRPCM,AK,Alaska,TOTAL,All students,1,All students,283.047662800849,1,0
541,2009,R3,2009,2,Grade 8,SD:SD,MAT,8,MRPCM,AK,Alaska,TOTAL,All students,1,All students,34.7156151775989,1,0
542,2009,R3,2009,2,Grade 8,MN:MN,MAT,8,MRPCM,AL,Alabama,TOTAL,All students,1,All students,268.524120315168,1,0
543,2009,R3,2009,2,Grade 8,SD:SD,MAT,8,MRPCM,AL,Alabama,TOTAL,All students,1,All students,37.089381026842,1,0
544,2009,R3,2009,2,Grade 8,MN:MN,MAT,8,MRPCM,AR,Arkansas,TOTAL,All students,1,All students,275.999499994013,1,0
545,2009,R3,2009,2,Grade 8,SD:SD,MAT,8,MRPCM,AR,Arkansas,TOTAL,All students,1,All students,35.9014416279421,1,0
546,2009,R3,2009,2,Grade 8,MN:MN,MAT,8,MRPCM,AZ,Arizona,TOTAL,All students,1,All students,277.332281962623,1,0
547,2009,R3,2009,2,Grade 8,SD:SD,MAT,8,MRPCM,AZ,Arizona,TOTAL,All students,1,All students,38.0767050199337,1,0
548,2009,R3,2009,2,Grade 8,MN:MN,MAT,8,MRPCM,CA,California,TOTAL,All students,1,All students,270.448588146426,1,0
549,2009,R3,2009,2,Grade 8,SD:SD,MAT,8,MRPCM,CA,California,TOTAL,All students,1,All students,38.8448396956887,1,0
550,2009,R3,2009,2,Grade 8,MN:MN,MAT,8,MRPCM,CO,Colorado,TOTAL,All students,1,All students,287.372907515934,1,0
551,2009,R3,2009,2,Grade 8,SD:SD,MAT,8,MRPCM,CO,Colorado,TOTAL,All students,1,All students,36.8256358755137,1,0
552,2009,R3,2009,2,Grade 8,MN:MN,MAT,8,MRPCM,CT,Connecticut,TOTAL,All students,1,All students,288.608513451696,1,0
553,2009,R3,2009,2,Grade 8,SD:SD,MAT,8,MRPCM,CT,Connecticut,TOTAL,All students,1,All students,35.7872506346686,1,0
554,2009,R3,2009,2,Grade 8,MN:MN,MAT,8,MRPCM,DC,District of Columbia,TOTAL,All students,1,All students,253.595186871272,1,0
555,2009,R3,2009,2,Grade 8,SD:SD,MAT,8,MRPCM,DC,District of Columbia,TOTAL,All students,1,All students,37.9331239194727,1,0
556,2009,R3,2009,2,Grade 8,MN:MN,MAT,8,MRPCM,DE,Delaware,TOTAL,All students,1,All students,283.829472979958,1,0
557,2009,R3,2009,2,Grade 8,SD:SD,MAT,8,MRPCM,DE,Delaware,TOTAL,All students,1,All students,32.3069878296827,1,0
558,2009,R3,2009,2,Grade 8,MN:MN,MAT,8,MRPCM,FL,Florida,TOTAL,All students,1,All students,279.33526411278,1,0
559,2009,R3,2009,2,Grade 8,SD:SD,MAT,8,MRPCM,FL,Florida,TOTAL,All students,1,All students,34.6232840590505,1,0
560,2009,R3,2009,2,Grade 8,MN:MN,MAT,8,MRPCM,GA,Georgia,TOTAL,All students,1,All students,277.561199732371,1,0
561,2009,R3,2009,2,Grade 8,SD:SD,MAT,8,MRPCM,GA,Georgia,TOTAL,All students,1,All students,34.339595184026,1,0
562,2009,R3,2009,2,Grade 8,MN:MN,MAT,8,MRPCM,HI,Hawaii,TOTAL,All students,1,All students,273.758606683625,1,0
563,2009,R3,2009,2,Grade 8,SD:SD,MAT,8,MRPCM,HI,Hawaii,TOTAL,All students,1,All students,37.3962086944192,1,0
564,2009,R3,2009,2,Grade 8,MN:MN,MAT,8,MRPCM,IA,Iowa,TOTAL,All students,1,All students,284.170178554705,1,0
565,2009,R3,2009,2,Grade 8,SD:SD,MAT,8,MRPCM,IA,Iowa,TOTAL,All students,1,All students,33.6880609899186,1,0
566,2009,R3,2009,2,Grade 8,MN:MN,MAT,8,MRPCM,ID,Idaho,TOTAL,All students,1,All students,287.305215052426,1,0
567,2009,R3,2009,2,Grade 8,SD:SD,MAT,8,MRPCM,ID,Idaho,TOTAL,All students,1,All students,34.273024157228,1,0
568,2009,R3,2009,2,Grade 8,MN:MN,MAT,8,MRPCM,IL,Illinois,TOTAL,All students,1,All students,282.431416992088,1,0
569,2009,R3,2009,2,Grade 8,SD:SD,MAT,8,MRPCM,IL,Illinois,TOTAL,All students,1,All students,35.4323994368384,1,0
570,2009,R3,2009,2,Grade 8,MN:MN,MAT,8,MRPCM,IN,Indiana,TOTAL,All students,1,All students,286.809977886735,1,0
571,2009,R3,2009,2,Grade 8,SD:SD,MAT,8,MRPCM,IN,Indiana,TOTAL,All students,1,All students,32.2118741449146,1,0
572,2009,R3,2009,2,Grade 8,MN:MN,MAT,8,MRPCM,KS,Kansas,TOTAL,All students,1,All students,288.596403041255,1,0
573,2009,R3,2009,2,Grade 8,SD:SD,MAT,8,MRPCM,KS,Kansas,TOTAL,All students,1,All students,33.3618418794658,1,0
574,2009,R3,2009,2,Grade 8,MN:MN,MAT,8,MRPCM,KY,Kentucky,TOTAL,All students,1,All students,279.284216093787,1,0
575,2009,R3,2009,2,Grade 8,SD:SD,MAT,8,MRPCM,KY,Kentucky,TOTAL,All students,1,All students,32.4358515397693,1,0
576,2009,R3,2009,2,Grade 8,MN:MN,MAT,8,MRPCM,LA,Louisiana,TOTAL,All students,1,All students,272.379906697646,1,0
577,2009,R3,2009,2,Grade 8,SD:SD,MAT,8,MRPCM,LA,Louisiana,TOTAL,All students,1,All students,33.4095112527314,1,0
578,2009,R3,2009,2,Grade 8,MN:MN,MAT,8,MRPCM,MA,Massachusetts,TOTAL,All students,1,All students,298.854346618482,1,0
579,2009,R3,2009,2,Grade 8,SD:SD,MAT,8,MRPCM,MA,Massachusetts,TOTAL,All students,1,All students,36.1017758560111,1,0
580,2009,R3,2009,2,Grade 8,MN:MN,MAT,8,MRPCM,MD,Maryland,TOTAL,All students,1,All students,288.341565298202,1,0
581,2009,R3,2009,2,Grade 8,SD:SD,MAT,8,MRPCM,MD,Maryland,TOTAL,All students,1,All students,37.4031881376889,1,0
582,2009,R3,2009,2,Grade 8,MN:MN,MAT,8,MRPCM,ME,Maine,TOTAL,All students,1,All students,286.361425938805,1,0
583,2009,R3,2009,2,Grade 8,SD:SD,MAT,8,MRPCM,ME,Maine,TOTAL,All students,1,All students,33.1693885574302,1,0
584,2009,R3,2009,2,Grade 8,MN:MN,MAT,8,MRPCM,MI,Michigan,TOTAL,All students,1,All students,278.268168151681,1,0
585,2009,R3,2009,2,Grade 8,SD:SD,MAT,8,MRPCM,MI,Michigan,TOTAL,All students,1,All students,37.8732032878156,1,0
586,2009,R3,2009,2,Grade 8,MN:MN,MAT,8,MRPCM,MN,Minnesota,TOTAL,All students,1,All students,294.443320106986,1,0
587,2009,R3,2009,2,Grade 8,SD:SD,MAT,8,MRPCM,MN,Minnesota,TOTAL,All students,1,All students,34.6250462257937,1,0
588,2009,R3,2009,2,Grade 8,MN:MN,MAT,8,MRPCM,MO,Missouri,TOTAL,All students,1,All students,285.808001946777,1,0
589,2009,R3,2009,2,Grade 8,SD:SD,MAT,8,MRPCM,MO,Missouri,TOTAL,All students,1,All students,32.7228478635722,1,0
590,2009,R3,2009,2,Grade 8,MN:MN,MAT,8,MRPCM,MS,Mississippi,TOTAL,All students,1,All students,265.001958154729,1,0
591,2009,R3,2009,2,Grade 8,SD:SD,MAT,8,MRPCM,MS,Mississippi,TOTAL,All students,1,All students,32.5561048907569,1,0
592,2009,R3,2009,2,Grade 8,MN:MN,MAT,8,MRPCM,MT,Montana,TOTAL,All students,1,All students,291.542942879491,1,0
593,2009,R3,2009,2,Grade 8,SD:SD,MAT,8,MRPCM,MT,Montana,TOTAL,All students,1,All students,34.4784207549478,1,0
594,2009,R3,2009,2,Grade 8,MN:MN,MAT,8,MRPCM,NC,North Carolina,TOTAL,All students,1,All students,284.332635252336,1,0
595,2009,R3,2009,2,Grade 8,SD:SD,MAT,8,MRPCM,NC,North Carolina,TOTAL,All students,1,All students,37.067461176957,1,0
596,2009,R3,2009,2,Grade 8,MN:MN,MAT,8,MRPCM,ND,North Dakota,TOTAL,All students,1,All students,292.842488544915,1,0
597,2009,R3,2009,2,Grade 8,SD:SD,MAT,8,MRPCM,ND,North Dakota,TOTAL,All students,1,All students,29.0256888755509,1,0
598,2009,R3,2009,2,Grade 8,MN:MN,MAT,8,MRPCM,NE,Nebraska,TOTAL,All students,1,All students,284.259093531038,1,0
599,2009,R3,2009,2,Grade 8,SD:SD,MAT,8,MRPCM,NE,Nebraska,TOTAL,All students,1,All students,34.7151323067416,1,0
600,2009,R3,2009,2,Grade 8,MN:MN,MAT,8,MRPCM,NH,New Hampshire,TOTAL,All students,1,All students,292.321817220053,1,0
601,2009,R3,2009,2,Grade 8,SD:SD,MAT,8,MRPCM,NH,New Hampshire,TOTAL,All students,1,All students,33.6242240861248,1,0
602,2009,R3,2009,2,Grade 8,MN:MN,MAT,8,MRPCM,NJ,New Jersey,TOTAL,All students,1,All students,292.657227109585,1,0
603,2009,R3,2009,2,Grade 8,SD:SD,MAT,8,MRPCM,NJ,New Jersey,TOTAL,All students,1,All students,37.8266080171649,1,0
604,2009,R3,2009,2,Grade 8,MN:MN,MAT,8,MRPCM,NM,New Mexico,TOTAL,All students,1,All students,269.704253797704,1,0
605,2009,R3,2009,2,Grade 8,SD:SD,MAT,8,MRPCM,NM,New Mexico,TOTAL,All students,1,All students,35.125860866821,1,0
606,2009,R3,2009,2,Grade 8,MN:MN,MAT,8,MRPCM,NP,National public,TOTAL,All students,1,All students,281.674781063299,1,0
607,2009,R3,2009,2,Grade 8,SD:SD,MAT,8,MRPCM,NP,National public,TOTAL,All students,1,All students,36.4379725090343,1,0
608,2009,R3,2009,2,Grade 8,MN:MN,MAT,8,MRPCM,NR,National private,TOTAL,All students,1,All students,295.637027430223,1,0
609,2009,R3,2009,2,Grade 8,SD:SD,MAT,8,MRPCM,NR,National private,TOTAL,All students,1,All students,33.2697099218444,1,0
610,2009,R3,2009,2,Grade 8,MN:MN,MAT,8,MRPCM,NT,National,TOTAL,All students,1,All students,282.909818195293,1,0
611,2009,R3,2009,2,Grade 8,SD:SD,MAT,8,MRPCM,NT,National,TOTAL,All students,1,All students,36.38665050851,1,0
612,2009,R3,2009,2,Grade 8,MN:MN,MAT,8,MRPCM,NV,Nevada,TOTAL,All students,1,All students,274.148541684888,1,0
613,2009,R3,2009,2,Grade 8,SD:SD,MAT,8,MRPCM,NV,Nevada,TOTAL,All students,1,All students,35.5223893133372,1,0
614,2009,R3,2009,2,Grade 8,MN:MN,MAT,8,MRPCM,NY,New York,TOTAL,All students,1,All students,282.576915418605,1,0
615,2009,R3,2009,2,Grade 8,SD:SD,MAT,8,MRPCM,NY,New York,TOTAL,All students,1,All students,36.8171646777785,1,0
616,2009,R3,2009,2,Grade 8,MN:MN,MAT,8,MRPCM,OH,Ohio,TOTAL,All students,1,All students,285.583013784517,1,0
617,2009,R3,2009,2,Grade 8,SD:SD,MAT,8,MRPCM,OH,Ohio,TOTAL,All students,1,All students,34.0887683117673,1,0
618,2009,R3,2009,2,Grade 8,MN:MN,MAT,8,MRPCM,OK,Oklahoma,TOTAL,All students,1,All students,275.711956830545,1,0
619,2009,R3,2009,2,Grade 8,SD:SD,MAT,8,MRPCM,OK,Oklahoma,TOTAL,All students,1,All students,32.6017953154211,1,0
620,2009,R3,2009,2,Grade 8,MN:MN,MAT,8,MRPCM,OR,Oregon,TOTAL,All students,1,All students,285.036814371216,1,0
621,2009,R3,2009,2,Grade 8,SD:SD,MAT,8,MRPCM,OR,Oregon,TOTAL,All students,1,All students,35.9360696110839,1,0
622,2009,R3,2009,2,Grade 8,MN:MN,MAT,8,MRPCM,PA,Pennsylvania,TOTAL,All students,1,All students,288.304168923925,1,0
623,2009,R3,2009,2,Grade 8,SD:SD,MAT,8,MRPCM,PA,Pennsylvania,TOTAL,All students,1,All students,35.9812692733773,1,0
624,2009,R3,2009,2,Grade 8,MN:MN,MAT,8,MRPCM,RI,Rhode Island,TOTAL,All students,1,All students,277.92371937219,1,0
625,2009,R3,2009,2,Grade 8,SD:SD,MAT,8,MRPCM,RI,Rhode Island,TOTAL,All students,1,All students,35.4235505116399,1,0
626,2009,R3,2009,2,Grade 8,MN:MN,MAT,8,MRPCM,SC,South Carolina,TOTAL,All students,1,All students,280.380855413571,1,0
627,2009,R3,2009,2,Grade 8,SD:SD,MAT,8,MRPCM,SC,South Carolina,TOTAL,All students,1,All students,35.1516673376154,1,0
628,2009,R3,2009,2,Grade 8,MN:MN,MAT,8,MRPCM,SD,South Dakota,TOTAL,All students,1,All students,290.619127707892,1,0
629,2009,R3,2009,2,Grade 8,SD:SD,MAT,8,MRPCM,SD,South Dakota,TOTAL,All students,1,All students,30.8346302804159,1,0
630,2009,R3,2009,2,Grade 8,MN:MN,MAT,8,MRPCM,TN,Tennessee,TOTAL,All students,1,All students,274.761821088186,1,0
631,2009,R3,2009,2,Grade 8,SD:SD,MAT,8,MRPCM,TN,Tennessee,TOTAL,All students,1,All students,35.0072715615275,1,0
632,2009,R3,2009,2,Grade 8,MN:MN,MAT,8,MRPCM,TX,Texas,TOTAL,All students,1,All students,286.685076683873,1,0
633,2009,R3,2009,2,Grade 8,SD:SD,MAT,8,MRPCM,TX,Texas,TOTAL,All students,1,All students,33.5945886848401,1,0
634,2009,R3,2009,2,Grade 8,MN:MN,MAT,8,MRPCM,UT,Utah,TOTAL,All students,1,All students,284.068251870423,1,0
635,2009,R3,2009,2,Grade 8,SD:SD,MAT,8,MRPCM,UT,Utah,TOTAL,All students,1,All students,34.2313917055185,1,0
636,2009,R3,2009,2,Grade 8,MN:MN,MAT,8,MRPCM,VA,Virginia,TOTAL,All students,1,All students,286.069754986907,1,0
637,2009,R3,2009,2,Grade 8,SD:SD,MAT,8,MRPCM,VA,Virginia,TOTAL,All students,1,All students,34.0979007920242,1,0
638,2009,R3,2009,2,Grade 8,MN:MN,MAT,8,MRPCM,VT,Vermont,TOTAL,All students,1,All students,292.866096352356,1,0
639,2009,R3,2009,2,Grade 8,SD:SD,MAT,8,MRPCM,VT,Vermont,TOTAL,All students,1,All students,34.7585906129919,1,0
640,2009,R3,2009,2,Grade 8,MN:MN,MAT,8,MRPCM,WA,Washington,TOTAL,All students,1,All students,288.722375608772,1,0
641,2009,R3,2009,2,Grade 8,SD:SD,MAT,8,MRPCM,WA,Washington,TOTAL,All students,1,All students,35.6804472189722,1,0
642,2009,R3,2009,2,Grade 8,MN:MN,MAT,8,MRPCM,WI,Wisconsin,TOTAL,All students,1,All students,288.140726236317,1,0
643,2009,R3,2009,2,Grade 8,SD:SD,MAT,8,MRPCM,WI,Wisconsin,TOTAL,All students,1,All students,34.1744321175031,1,0
644,2009,R3,2009,2,Grade 8,MN:MN,MAT,8,MRPCM,WV,West Virginia,TOTAL,All students,1,All students,270.415765915327,1,0
645,2009,R3,2009,2,Grade 8,SD:SD,MAT,8,MRPCM,WV,West Virginia,TOTAL,All students,1,All students,33.1243918400504,1,0
646,2009,R3,2009,2,Grade 8,MN:MN,MAT,8,MRPCM,WY,Wyoming,TOTAL,All students,1,All students,286.10403398533,1,0
647,2009,R3,2009,2,Grade 8,SD:SD,MAT,8,MRPCM,WY,Wyoming,TOTAL,All students,1,All students,31.9489685238998,1,0
648,2013,R3,2013,2,Grade 8,MN:MN,MAT,8,MRPCM,AK,Alaska,TOTAL,All students,1,All students,281.559572836526,1,0
649,2013,R3,2013,2,Grade 8,SD:SD,MAT,8,MRPCM,AK,Alaska,TOTAL,All students,1,All students,36.8008786611266,1,0
650,2013,R3,2013,2,Grade 8,MN:MN,MAT,8,MRPCM,AL,Alabama,TOTAL,All students,1,All students,269.194280616502,1,0
651,2013,R3,2013,2,Grade 8,SD:SD,MAT,8,MRPCM,AL,Alabama,TOTAL,All students,1,All students,35.7104953462719,1,0
652,2013,R3,2013,2,Grade 8,MN:MN,MAT,8,MRPCM,AR,Arkansas,TOTAL,All students,1,All students,277.914802456258,1,0
653,2013,R3,2013,2,Grade 8,SD:SD,MAT,8,MRPCM,AR,Arkansas,TOTAL,All students,1,All students,34.0891073055004,1,0
654,2013,R3,2013,2,Grade 8,MN:MN,MAT,8,MRPCM,AZ,Arizona,TOTAL,All students,1,All students,279.722267962505,1,0
655,2013,R3,2013,2,Grade 8,SD:SD,MAT,8,MRPCM,AZ,Arizona,TOTAL,All students,1,All students,36.938151323433,1,0
656,2013,R3,2013,2,Grade 8,MN:MN,MAT,8,MRPCM,CA,California,TOTAL,All students,1,All students,275.901350652197,1,0
657,2013,R3,2013,2,Grade 8,SD:SD,MAT,8,MRPCM,CA,California,TOTAL,All students,1,All students,38.2444616130902,1,0
658,2013,R3,2013,2,Grade 8,MN:MN,MAT,8,MRPCM,CO,Colorado,TOTAL,All students,1,All students,289.68180010958,1,0
659,2013,R3,2013,2,Grade 8,SD:SD,MAT,8,MRPCM,CO,Colorado,TOTAL,All students,1,All students,37.4475880055176,1,0
660,2013,R3,2013,2,Grade 8,MN:MN,MAT,8,MRPCM,CT,Connecticut,TOTAL,All students,1,All students,285.243972274119,1,0
661,2013,R3,2013,2,Grade 8,SD:SD,MAT,8,MRPCM,CT,Connecticut,TOTAL,All students,1,All students,37.6940492482032,1,0
662,2013,R3,2013,2,Grade 8,MN:MN,MAT,8,MRPCM,DC,District of Columbia,TOTAL,All students,1,All students,265.259365712508,1,0
663,2013,R3,2013,2,Grade 8,SD:SD,MAT,8,MRPCM,DC,District of Columbia,TOTAL,All students,1,All students,38.6229756385669,1,0
664,2013,R3,2013,2,Grade 8,MN:MN,MAT,8,MRPCM,DE,Delaware,TOTAL,All students,1,All students,282.338298596548,1,0
665,2013,R3,2013,2,Grade 8,SD:SD,MAT,8,MRPCM,DE,Delaware,TOTAL,All students,1,All students,36.0666836309059,1,0
666,2013,R3,2013,2,Grade 8,MN:MN,MAT,8,MRPCM,FL,Florida,TOTAL,All students,1,All students,280.855839554008,1,0
667,2013,R3,2013,2,Grade 8,SD:SD,MAT,8,MRPCM,FL,Florida,TOTAL,All students,1,All students,34.8223494400964,1,0
668,2013,R3,2013,2,Grade 8,MN:MN,MAT,8,MRPCM,GA,Georgia,TOTAL,All students,1,All students,279.179110912454,1,0
669,2013,R3,2013,2,Grade 8,SD:SD,MAT,8,MRPCM,GA,Georgia,TOTAL,All students,1,All students,36.5872393768104,1,0
670,2013,R3,2013,2,Grade 8,MN:MN,MAT,8,MRPCM,HI,Hawaii,TOTAL,All students,1,All students,281.412922288425,1,0
671,2013,R3,2013,2,Grade 8,SD:SD,MAT,8,MRPCM,HI,Hawaii,TOTAL,All students,1,All students,36.6908339906674,1,0
672,2013,R3,2013,2,Grade 8,MN:MN,MAT,8,MRPCM,IA,Iowa,TOTAL,All students,1,All students,285.07013777479,1,0
673,2013,R3,2013,2,Grade 8,SD:SD,MAT,8,MRPCM,IA,Iowa,TOTAL,All students,1,All students,34.4870640771159,1,0
674,2013,R3,2013,2,Grade 8,MN:MN,MAT,8,MRPCM,ID,Idaho,TOTAL,All students,1,All students,286.413881629757,1,0
675,2013,R3,2013,2,Grade 8,SD:SD,MAT,8,MRPCM,ID,Idaho,TOTAL,All students,1,All students,33.0324152803772,1,0
676,2013,R3,2013,2,Grade 8,MN:MN,MAT,8,MRPCM,IL,Illinois,TOTAL,All students,1,All students,284.897647164169,1,0
677,2013,R3,2013,2,Grade 8,SD:SD,MAT,8,MRPCM,IL,Illinois,TOTAL,All students,1,All students,37.4992196744135,1,0
678,2013,R3,2013,2,Grade 8,MN:MN,MAT,8,MRPCM,IN,Indiana,TOTAL,All students,1,All students,287.767653833023,1,0
679,2013,R3,2013,2,Grade 8,SD:SD,MAT,8,MRPCM,IN,Indiana,TOTAL,All students,1,All students,35.4028269193538,1,0
680,2013,R3,2013,2,Grade 8,MN:MN,MAT,8,MRPCM,KS,Kansas,TOTAL,All students,1,All students,289.518256078135,1,0
681,2013,R3,2013,2,Grade 8,SD:SD,MAT,8,MRPCM,KS,Kansas,TOTAL,All students,1,All students,34.22834026504,1,0
682,2013,R3,2013,2,Grade 8,MN:MN,MAT,8,MRPCM,KY,Kentucky,TOTAL,All students,1,All students,280.64544247635,1,0
683,2013,R3,2013,2,Grade 8,SD:SD,MAT,8,MRPCM,KY,Kentucky,TOTAL,All students,1,All students,34.2910990263362,1,0
684,2013,R3,2013,2,Grade 8,MN:MN,MAT,8,MRPCM,LA,Louisiana,TOTAL,All students,1,All students,272.760966478426,1,0
685,2013,R3,2013,2,Grade 8,SD:SD,MAT,8,MRPCM,LA,Louisiana,TOTAL,All students,1,All students,32.9034278471545,1,0
686,2013,R3,2013,2,Grade 8,MN:MN,MAT,8,MRPCM,MA,Massachusetts,TOTAL,All students,1,All students,300.568235011147,1,0
687,2013,R3,2013,2,Grade 8,SD:SD,MAT,8,MRPCM,MA,Massachusetts,TOTAL,All students,1,All students,36.0543085538203,1,0
688,2013,R3,2013,2,Grade 8,MN:MN,MAT,8,MRPCM,MD,Maryland,TOTAL,All students,1,All students,286.641381102957,1,0
689,2013,R3,2013,2,Grade 8,SD:SD,MAT,8,MRPCM,MD,Maryland,TOTAL,All students,1,All students,38.1668287445702,1,0
690,2013,R3,2013,2,Grade 8,MN:MN,MAT,8,MRPCM,ME,Maine,TOTAL,All students,1,All students,288.731159737956,1,0
691,2013,R3,2013,2,Grade 8,SD:SD,MAT,8,MRPCM,ME,Maine,TOTAL,All students,1,All students,34.4580290885996,1,0
692,2013,R3,2013,2,Grade 8,MN:MN,MAT,8,MRPCM,MI,Michigan,TOTAL,All students,1,All students,280.133597093752,1,0
693,2013,R3,2013,2,Grade 8,SD:SD,MAT,8,MRPCM,MI,Michigan,TOTAL,All students,1,All students,36.2723507237511,1,0
694,2013,R3,2013,2,Grade 8,MN:MN,MAT,8,MRPCM,MN,Minnesota,TOTAL,All students,1,All students,294.592972603507,1,0
695,2013,R3,2013,2,Grade 8,SD:SD,MAT,8,MRPCM,MN,Minnesota,TOTAL,All students,1,All students,36.8535240498095,1,0
696,2013,R3,2013,2,Grade 8,MN:MN,MAT,8,MRPCM,MO,Missouri,TOTAL,All students,1,All students,282.988457911702,1,0
697,2013,R3,2013,2,Grade 8,SD:SD,MAT,8,MRPCM,MO,Missouri,TOTAL,All students,1,All students,34.0482638479832,1,0
698,2013,R3,2013,2,Grade 8,MN:MN,MAT,8,MRPCM,MS,Mississippi,TOTAL,All students,1,All students,271.160967287249,1,0
699,2013,R3,2013,2,Grade 8,SD:SD,MAT,8,MRPCM,MS,Mississippi,TOTAL,All students,1,All students,34.2284141245984,1,0
700,2013,R3,2013,2,Grade 8,MN:MN,MAT,8,MRPCM,MT,Montana,TOTAL,All students,1,All students,289.228453008852,1,0
701,2013,R3,2013,2,Grade 8,SD:SD,MAT,8,MRPCM,MT,Montana,TOTAL,All students,1,All students,33.3195131657692,1,0
702,2013,R3,2013,2,Grade 8,MN:MN,MAT,8,MRPCM,NC,North Carolina,TOTAL,All students,1,All students,285.645388424867,1,0
703,2013,R3,2013,2,Grade 8,SD:SD,MAT,8,MRPCM,NC,North Carolina,TOTAL,All students,1,All students,35.9862597948043,1,0
704,2013,R3,2013,2,Grade 8,MN:MN,MAT,8,MRPCM,ND,North Dakota,TOTAL,All students,1,All students,290.515111260981,1,0
705,2013,R3,2013,2,Grade 8,SD:SD,MAT,8,MRPCM,ND,North Dakota,TOTAL,All students,1,All students,31.6407239320629,1,0
706,2013,R3,2013,2,Grade 8,MN:MN,MAT,8,MRPCM,NE,Nebraska,TOTAL,All students,1,All students,285.061348473454,1,0
707,2013,R3,2013,2,Grade 8,SD:SD,MAT,8,MRPCM,NE,Nebraska,TOTAL,All students,1,All students,34.1386957747114,1,0
708,2013,R3,2013,2,Grade 8,MN:MN,MAT,8,MRPCM,NH,New Hampshire,TOTAL,All students,1,All students,295.665123344221,1,0
709,2013,R3,2013,2,Grade 8,SD:SD,MAT,8,MRPCM,NH,New Hampshire,TOTAL,All students,1,All students,33.7017885194191,1,0
710,2013,R3,2013,2,Grade 8,MN:MN,MAT,8,MRPCM,NJ,New Jersey,TOTAL,All students,1,All students,296.053351131027,1,0
711,2013,R3,2013,2,Grade 8,SD:SD,MAT,8,MRPCM,NJ,New Jersey,TOTAL,All students,1,All students,36.6438153828765,1,0
712,2013,R3,2013,2,Grade 8,MN:MN,MAT,8,MRPCM,NM,New Mexico,TOTAL,All students,1,All students,272.761808894229,1,0
713,2013,R3,2013,2,Grade 8,SD:SD,MAT,8,MRPCM,NM,New Mexico,TOTAL,All students,1,All students,34.7713217164743,1,0
714,2013,R3,2013,2,Grade 8,MN:MN,MAT,8,MRPCM,NP,National public,TOTAL,All students,1,All students,283.615036453665,1,0
715,2013,R3,2013,2,Grade 8,SD:SD,MAT,8,MRPCM,NP,National public,TOTAL,All students,1,All students,36.4245871891475,1,0
716,2013,R3,2013,2,Grade 8,MN:MN,MAT,8,MRPCM,NR,National private,TOTAL,All students,1,All students,295.729983173859,1,0
717,2013,R3,2013,2,Grade 8,SD:SD,MAT,8,MRPCM,NR,National private,TOTAL,All students,1,All students,35.4887067294341,1,0
718,2013,R3,2013,2,Grade 8,MN:MN,MAT,8,MRPCM,NT,National,TOTAL,All students,1,All students,284.606823544421,1,0
719,2013,R3,2013,2,Grade 8,SD:SD,MAT,8,MRPCM,NT,National,TOTAL,All students,1,All students,36.5010566912507,1,0
720,2013,R3,2013,2,Grade 8,MN:MN,MAT,8,MRPCM,NV,Nevada,TOTAL,All students,1,All students,278.28668090862,1,0
721,2013,R3,2013,2,Grade 8,SD:SD,MAT,8,MRPCM,NV,Nevada,TOTAL,All students,1,All students,34.9610101006437,1,0
722,2013,R3,2013,2,Grade 8,MN:MN,MAT,8,MRPCM,NY,New York,TOTAL,All students,1,All students,281.807787831651,1,0
723,2013,R3,2013,2,Grade 8,SD:SD,MAT,8,MRPCM,NY,New York,TOTAL,All students,1,All students,36.2323470801241,1,0
724,2013,R3,2013,2,Grade 8,MN:MN,MAT,8,MRPCM,OH,Ohio,TOTAL,All students,1,All students,289.528096752185,1,0
725,2013,R3,2013,2,Grade 8,SD:SD,MAT,8,MRPCM,OH,Ohio,TOTAL,All students,1,All students,35.2668843361676,1,0
726,2013,R3,2013,2,Grade 8,MN:MN,MAT,8,MRPCM,OK,Oklahoma,TOTAL,All students,1,All students,275.506732026577,1,0
727,2013,R3,2013,2,Grade 8,SD:SD,MAT,8,MRPCM,OK,Oklahoma,TOTAL,All students,1,All students,34.2555692845391,1,0
728,2013,R3,2013,2,Grade 8,MN:MN,MAT,8,MRPCM,OR,Oregon,TOTAL,All students,1,All students,283.524589064024,1,0
729,2013,R3,2013,2,Grade 8,SD:SD,MAT,8,MRPCM,OR,Oregon,TOTAL,All students,1,All students,36.5009001114894,1,0
730,2013,R3,2013,2,Grade 8,MN:MN,MAT,8,MRPCM,PA,Pennsylvania,TOTAL,All students,1,All students,289.623651633339,1,0
731,2013,R3,2013,2,Grade 8,SD:SD,MAT,8,MRPCM,PA,Pennsylvania,TOTAL,All students,1,All students,35.3052880561349,1,0
732,2013,R3,2013,2,Grade 8,MN:MN,MAT,8,MRPCM,RI,Rhode Island,TOTAL,All students,1,All students,284.092212214805,1,0
733,2013,R3,2013,2,Grade 8,SD:SD,MAT,8,MRPCM,RI,Rhode Island,TOTAL,All students,1,All students,37.0881028194608,1,0
734,2013,R3,2013,2,Grade 8,MN:MN,MAT,8,MRPCM,SC,South Carolina,TOTAL,All students,1,All students,279.824608578537,1,0
735,2013,R3,2013,2,Grade 8,SD:SD,MAT,8,MRPCM,SC,South Carolina,TOTAL,All students,1,All students,37.0852717967373,1,0
736,2013,R3,2013,2,Grade 8,MN:MN,MAT,8,MRPCM,SD,South Dakota,TOTAL,All students,1,All students,287.270390625653,1,0
737,2013,R3,2013,2,Grade 8,SD:SD,MAT,8,MRPCM,SD,South Dakota,TOTAL,All students,1,All students,33.7034218974147,1,0
738,2013,R3,2013,2,Grade 8,MN:MN,MAT,8,MRPCM,TN,Tennessee,TOTAL,All students,1,All students,277.720127269641,1,0
739,2013,R3,2013,2,Grade 8,SD:SD,MAT,8,MRPCM,TN,Tennessee,TOTAL,All students,1,All students,35.5421267528704,1,0
740,2013,R3,2013,2,Grade 8,MN:MN,MAT,8,MRPCM,TX,Texas,TOTAL,All students,1,All students,288.198967599188,1,0
741,2013,R3,2013,2,Grade 8,SD:SD,MAT,8,MRPCM,TX,Texas,TOTAL,All students,1,All students,32.7239007756699,1,0
742,2013,R3,2013,2,Grade 8,MN:MN,MAT,8,MRPCM,UT,Utah,TOTAL,All students,1,All students,284.331486246838,1,0
743,2013,R3,2013,2,Grade 8,SD:SD,MAT,8,MRPCM,UT,Utah,TOTAL,All students,1,All students,36.0186437281548,1,0
744,2013,R3,2013,2,Grade 8,MN:MN,MAT,8,MRPCM,VA,Virginia,TOTAL,All students,1,All students,288.142959517699,1,0
745,2013,R3,2013,2,Grade 8,SD:SD,MAT,8,MRPCM,VA,Virginia,TOTAL,All students,1,All students,35.3672053247047,1,0
746,2013,R3,2013,2,Grade 8,MN:MN,MAT,8,MRPCM,VT,Vermont,TOTAL,All students,1,All students,295.469562357463,1,0
747,2013,R3,2013,2,Grade 8,SD:SD,MAT,8,MRPCM,VT,Vermont,TOTAL,All students,1,All students,35.0754621563389,1,0
748,2013,R3,2013,2,Grade 8,MN:MN,MAT,8,MRPCM,WA,Washington,TOTAL,All students,1,All students,289.956988743835,1,0
749,2013,R3,2013,2,Grade 8,SD:SD,MAT,8,MRPCM,WA,Washington,TOTAL,All students,1,All students,37.1395755252008,1,0
750,2013,R3,2013,2,Grade 8,MN:MN,MAT,8,MRPCM,WI,Wisconsin,TOTAL,All students,1,All students,288.745780841654,1,0
751,2013,R3,2013,2,Grade 8,SD:SD,MAT,8,MRPCM,WI,Wisconsin,TOTAL,All students,1,All students,35.334285636452,1,0
752,2013,R3,2013,2,Grade 8,MN:MN,MAT,8,MRPCM,WV,West Virginia,TOTAL,All students,1,All students,274.430134697899,1,0
753,2013,R3,2013,2,Grade 8,SD:SD,MAT,8,MRPCM,WV,West Virginia,TOTAL,All students,1,All students,33.2240534223729,1,0
754,2013,R3,2013,2,Grade 8,MN:MN,MAT,8,MRPCM,WY,Wyoming,TOTAL,All students,1,All students,288.119137263578,1,0
755,2013,R3,2013,2,Grade 8,SD:SD,MAT,8,MRPCM,WY,Wyoming,TOTAL,All students,1,All students,30.9088053012169,1,0
756,2015,R3,2015,2,Grade 8,MN:MN,MAT,8,MRPCM,AK,Alaska,TOTAL,All students,1,All students,280.493456179845,1,0
757,2015,R3,2015,2,Grade 8,SD:SD,MAT,8,MRPCM,AK,Alaska,TOTAL,All students,1,All students,36.8492238486529,1,0
758,2015,R3,2015,2,Grade 8,MN:MN,MAT,8,MRPCM,AL,Alabama,TOTAL,All students,1,All students,266.555318518065,1,0
759,2015,R3,2015,2,Grade 8,SD:SD,MAT,8,MRPCM,AL,Alabama,TOTAL,All students,1,All students,35.1888979839721,1,0
760,2015,R3,2015,2,Grade 8,MN:MN,MAT,8,MRPCM,AR,Arkansas,TOTAL,All students,1,All students,275.064756412469,1,0
761,2015,R3,2015,2,Grade 8,SD:SD,MAT,8,MRPCM,AR,Arkansas,TOTAL,All students,1,All students,34.4165788423799,1,0
762,2015,R3,2015,2,Grade 8,MN:MN,MAT,8,MRPCM,AZ,Arizona,TOTAL,All students,1,All students,282.919489420654,1,0
763,2015,R3,2015,2,Grade 8,SD:SD,MAT,8,MRPCM,AZ,Arizona,TOTAL,All students,1,All students,36.8174153725604,1,0
764,2015,R3,2015,2,Grade 8,MN:MN,MAT,8,MRPCM,CA,California,TOTAL,All students,1,All students,275.324573012154,1,0
765,2015,R3,2015,2,Grade 8,SD:SD,MAT,8,MRPCM,CA,California,TOTAL,All students,1,All students,38.0976487713586,1,0
766,2015,R3,2015,2,Grade 8,MN:MN,MAT,8,MRPCM,CO,Colorado,TOTAL,All students,1,All students,285.539188724412,1,0
767,2015,R3,2015,2,Grade 8,SD:SD,MAT,8,MRPCM,CO,Colorado,TOTAL,All students,1,All students,37.7241609918012,1,0
768,2015,R3,2015,2,Grade 8,MN:MN,MAT,8,MRPCM,CT,Connecticut,TOTAL,All students,1,All students,283.956677264342,1,0
769,2015,R3,2015,2,Grade 8,SD:SD,MAT,8,MRPCM,CT,Connecticut,TOTAL,All students,1,All students,38.2371800092642,1,0
770,2015,R3,2015,2,Grade 8,MN:MN,MAT,8,MRPCM,DC,District of Columbia,TOTAL,All students,1,All students,263.059776256545,1,0
771,2015,R3,2015,2,Grade 8,SD:SD,MAT,8,MRPCM,DC,District of Columbia,TOTAL,All students,1,All students,40.5264646929946,1,0
772,2015,R3,2015,2,Grade 8,MN:MN,MAT,8,MRPCM,DE,Delaware,TOTAL,All students,1,All students,279.810243773994,1,0
773,2015,R3,2015,2,Grade 8,SD:SD,MAT,8,MRPCM,DE,Delaware,TOTAL,All students,1,All students,35.6563498665807,1,0
774,2015,R3,2015,2,Grade 8,MN:MN,MAT,8,MRPCM,FL,Florida,TOTAL,All students,1,All students,275.323817958749,1,0
775,2015,R3,2015,2,Grade 8,SD:SD,MAT,8,MRPCM,FL,Florida,TOTAL,All students,1,All students,35.4278679314014,1,0
776,2015,R3,2015,2,Grade 8,MN:MN,MAT,8,MRPCM,GA,Georgia,TOTAL,All students,1,All students,278.711796774375,1,0
777,2015,R3,2015,2,Grade 8,SD:SD,MAT,8,MRPCM,GA,Georgia,TOTAL,All students,1,All students,36.4324894458294,1,0
778,2015,R3,2015,2,Grade 8,MN:MN,MAT,8,MRPCM,HI,Hawaii,TOTAL,All students,1,All students,279.340145034503,1,0
779,2015,R3,2015,2,Grade 8,SD:SD,MAT,8,MRPCM,HI,Hawaii,TOTAL,All students,1,All students,35.7775089978551,1,0
780,2015,R3,2015,2,Grade 8,MN:MN,MAT,8,MRPCM,IA,Iowa,TOTAL,All students,1,All students,286.41621998599,1,0
781,2015,R3,2015,2,Grade 8,SD:SD,MAT,8,MRPCM,IA,Iowa,TOTAL,All students,1,All students,35.9105802698259,1,0
782,2015,R3,2015,2,Grade 8,MN:MN,MAT,8,MRPCM,ID,Idaho,TOTAL,All students,1,All students,283.742325345327,1,0
783,2015,R3,2015,2,Grade 8,SD:SD,MAT,8,MRPCM,ID,Idaho,TOTAL,All students,1,All students,33.6190448649743,1,0
784,2015,R3,2015,2,Grade 8,MN:MN,MAT,8,MRPCM,IL,Illinois,TOTAL,All students,1,All students,281.968567276813,1,0
785,2015,R3,2015,2,Grade 8,SD:SD,MAT,8,MRPCM,IL,Illinois,TOTAL,All students,1,All students,35.8874758856156,1,0
786,2015,R3,2015,2,Grade 8,MN:MN,MAT,8,MRPCM,IN,Indiana,TOTAL,All students,1,All students,287.175201077669,1,0
787,2015,R3,2015,2,Grade 8,SD:SD,MAT,8,MRPCM,IN,Indiana,TOTAL,All students,1,All students,35.8431319010349,1,0
788,2015,R3,2015,2,Grade 8,MN:MN,MAT,8,MRPCM,KS,Kansas,TOTAL,All students,1,All students,283.871096311731,1,0
789,2015,R3,2015,2,Grade 8,SD:SD,MAT,8,MRPCM,KS,Kansas,TOTAL,All students,1,All students,33.3236006657128,1,0
790,2015,R3,2015,2,Grade 8,MN:MN,MAT,8,MRPCM,KY,Kentucky,TOTAL,All students,1,All students,277.947260135803,1,0
791,2015,R3,2015,2,Grade 8,SD:SD,MAT,8,MRPCM,KY,Kentucky,TOTAL,All students,1,All students,34.5341536833689,1,0
792,2015,R3,2015,2,Grade 8,MN:MN,MAT,8,MRPCM,LA,Louisiana,TOTAL,All students,1,All students,268.432355132751,1,0
793,2015,R3,2015,2,Grade 8,SD:SD,MAT,8,MRPCM,LA,Louisiana,TOTAL,All students,1,All students,32.767094927514,1,0
794,2015,R3,2015,2,Grade 8,MN:MN,MAT,8,MRPCM,MA,Massachusetts,TOTAL,All students,1,All students,296.908571436848,1,0
795,2015,R3,2015,2,Grade 8,SD:SD,MAT,8,MRPCM,MA,Massachusetts,TOTAL,All students,1,All students,39.2815315635956,1,0
796,2015,R3,2015,2,Grade 8,MN:MN,MAT,8,MRPCM,MD,Maryland,TOTAL,All students,1,All students,283.149034098785,1,0
797,2015,R3,2015,2,Grade 8,SD:SD,MAT,8,MRPCM,MD,Maryland,TOTAL,All students,1,All students,38.9641902793847,1,0
798,2015,R3,2015,2,Grade 8,MN:MN,MAT,8,MRPCM,ME,Maine,TOTAL,All students,1,All students,284.875476957911,1,0
799,2015,R3,2015,2,Grade 8,SD:SD,MAT,8,MRPCM,ME,Maine,TOTAL,All students,1,All students,35.3047305669049,1,0
800,2015,R3,2015,2,Grade 8,MN:MN,MAT,8,MRPCM,MI,Michigan,TOTAL,All students,1,All students,278.168651923457,1,0
801,2015,R3,2015,2,Grade 8,SD:SD,MAT,8,MRPCM,MI,Michigan,TOTAL,All students,1,All students,36.0546788303052,1,0
802,2015,R3,2015,2,Grade 8,MN:MN,MAT,8,MRPCM,MN,Minnesota,TOTAL,All students,1,All students,294.147777973073,1,0
803,2015,R3,2015,2,Grade 8,SD:SD,MAT,8,MRPCM,MN,Minnesota,TOTAL,All students,1,All students,36.4970340886919,1,0
804,2015,R3,2015,2,Grade 8,MN:MN,MAT,8,MRPCM,MO,Missouri,TOTAL,All students,1,All students,280.821425670635,1,0
805,2015,R3,2015,2,Grade 8,SD:SD,MAT,8,MRPCM,MO,Missouri,TOTAL,All students,1,All students,36.2031384849449,1,0
806,2015,R3,2015,2,Grade 8,MN:MN,MAT,8,MRPCM,MS,Mississippi,TOTAL,All students,1,All students,270.580479347121,1,0
807,2015,R3,2015,2,Grade 8,SD:SD,MAT,8,MRPCM,MS,Mississippi,TOTAL,All students,1,All students,35.6301808383633,1,0
808,2015,R3,2015,2,Grade 8,MN:MN,MAT,8,MRPCM,MT,Montana,TOTAL,All students,1,All students,287.464005517244,1,0
809,2015,R3,2015,2,Grade 8,SD:SD,MAT,8,MRPCM,MT,Montana,TOTAL,All students,1,All students,34.1723370829929,1,0
810,2015,R3,2015,2,Grade 8,MN:MN,MAT,8,MRPCM,NC,North Carolina,TOTAL,All students,1,All students,281.331091062317,1,0
811,2015,R3,2015,2,Grade 8,SD:SD,MAT,8,MRPCM,NC,North Carolina,TOTAL,All students,1,All students,37.9404240890914,1,0
812,2015,R3,2015,2,Grade 8,MN:MN,MAT,8,MRPCM,ND,North Dakota,TOTAL,All students,1,All students,288.244147214039,1,0
813,2015,R3,2015,2,Grade 8,SD:SD,MAT,8,MRPCM,ND,North Dakota,TOTAL,All students,1,All students,32.9575726972317,1,0
814,2015,R3,2015,2,Grade 8,MN:MN,MAT,8,MRPCM,NE,Nebraska,TOTAL,All students,1,All students,286.498563486228,1,0
815,2015,R3,2015,2,Grade 8,SD:SD,MAT,8,MRPCM,NE,Nebraska,TOTAL,All students,1,All students,34.8941055886556,1,0
816,2015,R3,2015,2,Grade 8,MN:MN,MAT,8,MRPCM,NH,New Hampshire,TOTAL,All students,1,All students,294.413018726344,1,0
817,2015,R3,2015,2,Grade 8,SD:SD,MAT,8,MRPCM,NH,New Hampshire,TOTAL,All students,1,All students,34.0352118930076,1,0
818,2015,R3,2015,2,Grade 8,MN:MN,MAT,8,MRPCM,NJ,New Jersey,TOTAL,All students,1,All students,293.36593817877,1,0
819,2015,R3,2015,2,Grade 8,SD:SD,MAT,8,MRPCM,NJ,New Jersey,TOTAL,All students,1,All students,40.9059473596092,1,0
820,2015,R3,2015,2,Grade 8,MN:MN,MAT,8,MRPCM,NM,New Mexico,TOTAL,All students,1,All students,270.897534405553,1,0
821,2015,R3,2015,2,Grade 8,SD:SD,MAT,8,MRPCM,NM,New Mexico,TOTAL,All students,1,All students,34.1880467546598,1,0
822,2015,R3,2015,2,Grade 8,MN:MN,MAT,8,MRPCM,NP,National public,TOTAL,All students,1,All students,281.279588839312,1,0
823,2015,R3,2015,2,Grade 8,SD:SD,MAT,8,MRPCM,NP,National public,TOTAL,All students,1,All students,36.88056849185,1,0
824,2015,R3,2015,2,Grade 8,MN:MN,MAT,8,MRPCM,NR,National private,TOTAL,All students,1,All students,999.0,0,288
825,2015,R3,2015,2,Grade 8,SD:SD,MAT,8,MRPCM,NR,National private,TOTAL,All students,1,All students,999.0,0,288
826,2015,R3,2015,2,Grade 8,MN:MN,MAT,8,MRPCM,NT,National,TOTAL,All students,1,All students,282.221908868416,1,0
827,2015,R3,2015,2,Grade 8,SD:SD,MAT,8,MRPCM,NT,National,TOTAL,All students,1,All students,36.8535531020734,1,0
828,2015,R3,2015,2,Grade 8,MN:MN,MAT,8,MRPCM,NV,Nevada,TOTAL,All students,1,All students,275.171868843271,1,0
829,2015,R3,2015,2,Grade 8,SD:SD,MAT,8,MRPCM,NV,Nevada,TOTAL,All students,1,All students,36.4125930160445,1,0
830,2015,R3,2015,2,Grade 8,MN:MN,MAT,8,MRPCM,NY,New York,TOTAL,All students,1,All students,280.089220069279,1,0
831,2015,R3,2015,2,Grade 8,SD:SD,MAT,8,MRPCM,NY,New York,TOTAL,All students,1,All students,36.5875846106108,1,0
832,2015,R3,2015,2,Grade 8,MN:MN,MAT,8,MRPCM,OH,Ohio,TOTAL,All students,1,All students,285.061955059169,1,0
833,2015,R3,2015,2,Grade 8,SD:SD,MAT,8,MRPCM,OH,Ohio,TOTAL,All students,1,All students,36.0415094253364,1,0
834,2015,R3,2015,2,Grade 8,MN:MN,MAT,8,MRPCM,OK,Oklahoma,TOTAL,All students,1,All students,274.58598213814,1,0
835,2015,R3,2015,2,Grade 8,SD:SD,MAT,8,MRPCM,OK,Oklahoma,TOTAL,All students,1,All students,32.5294130665485,1,0
836,2015,R3,2015,2,Grade 8,MN:MN,MAT,8,MRPCM,OR,Oregon,TOTAL,All students,1,All students,282.814899352646,1,0
837,2015,R3,2015,2,Grade 8,SD:SD,MAT,8,MRPCM,OR,Oregon,TOTAL,All students,1,All students,35.3645221111617,1,0
838,2015,R3,2015,2,Grade 8,MN:MN,MAT,8,MRPCM,PA,Pennsylvania,TOTAL,All students,1,All students,283.668415444349,1,0
839,2015,R3,2015,2,Grade 8,SD:SD,MAT,8,MRPCM,PA,Pennsylvania,TOTAL,All students,1,All students,38.520651897529,1,0
840,2015,R3,2015,2,Grade 8,MN:MN,MAT,8,MRPCM,RI,Rhode Island,TOTAL,All students,1,All students,281.445219579398,1,0
841,2015,R3,2015,2,Grade 8,SD:SD,MAT,8,MRPCM,RI,Rhode Island,TOTAL,All students,1,All students,35.4461478688625,1,0
842,2015,R3,2015,2,Grade 8,MN:MN,MAT,8,MRPCM,SC,South Carolina,TOTAL,All students,1,All students,275.827866191395,1,0
843,2015,R3,2015,2,Grade 8,SD:SD,MAT,8,MRPCM,SC,South Carolina,TOTAL,All students,1,All students,35.0661111343503,1,0
844,2015,R3,2015,2,Grade 8,MN:MN,MAT,8,MRPCM,SD,South Dakota,TOTAL,All students,1,All students,284.64140569224,1,0
845,2015,R3,2015,2,Grade 8,SD:SD,MAT,8,MRPCM,SD,South Dakota,TOTAL,All students,1,All students,32.8608138129938,1,0
846,2015,R3,2015,2,Grade 8,MN:MN,MAT,8,MRPCM,TN,Tennessee,TOTAL,All students,1,All students,278.203380665353,1,0
847,2015,R3,2015,2,Grade 8,SD:SD,MAT,8,MRPCM,TN,Tennessee,TOTAL,All students,1,All students,37.066572348193,1,0
848,2015,R3,2015,2,Grade 8,MN:MN,MAT,8,MRPCM,TX,Texas,TOTAL,All students,1,All students,283.793540280437,1,0
849,2015,R3,2015,2,Grade 8,SD:SD,MAT,8,MRPCM,TX,Texas,TOTAL,All students,1,All students,33.33015853026,1,0
850,2015,R3,2015,2,Grade 8,MN:MN,MAT,8,MRPCM,UT,Utah,TOTAL,All students,1,All students,286.116911188659,1,0
851,2015,R3,2015,2,Grade 8,SD:SD,MAT,8,MRPCM,UT,Utah,TOTAL,All students,1,All students,36.0314071332482,1,0
852,2015,R3,2015,2,Grade 8,MN:MN,MAT,8,MRPCM,VA,Virginia,TOTAL,All students,1,All students,287.709298675278,1,0
853,2015,R3,2015,2,Grade 8,SD:SD,MAT,8,MRPCM,VA,Virginia,TOTAL,All students,1,All students,35.7157682678304,1,0
854,2015,R3,2015,2,Grade 8,MN:MN,MAT,8,MRPCM,VT,Vermont,TOTAL,All students,1,All students,290.355191159079,1,0
855,2015,R3,2015,2,Grade 8,SD:SD,MAT,8,MRPCM,VT,Vermont,TOTAL,All students,1,All students,35.945776299976,1,0
856,2015,R3,2015,2,Grade 8,MN:MN,MAT,8,MRPCM,WA,Washington,TOTAL,All students,1,All students,286.513107597489,1,0
857,2015,R3,2015,2,Grade 8,SD:SD,MAT,8,MRPCM,WA,Washington,TOTAL,All students,1,All students,39.6029352202773,1,0
858,2015,R3,2015,2,Grade 8,MN:MN,MAT,8,MRPCM,WI,Wisconsin,TOTAL,All students,1,All students,289.077749211995,1,0
859,2015,R3,2015,2,Grade 8,SD:SD,MAT,8,MRPCM,WI,Wisconsin,TOTAL,All students,1,All students,36.2451331533781,1,0
860,2015,R3,2015,2,Grade 8,MN:MN,MAT,8,MRPCM,WV,West Virginia,TOTAL,All students,1,All students,271.45070884715,1,0
861,2015,R3,2015,2,Grade 8,SD:SD,MAT,8,MRPCM,WV,West Virginia,TOTAL,All students,1,All students,33.5444286617194,1,0
862,2015,R3,2015,2,Grade 8,MN:MN,MAT,8,MRPCM,WY,Wyoming,TOTAL,All students,1,All students,286.666547067471,1,0
863,2015,R3,2015,2,Grade 8,SD:SD,MAT,8,MRPCM,WY,Wyoming,TOTAL,All students,1,All students,32.1862752110923,1,0
864,2019,R3,2019,2,Grade 8,MN:MN,MAT,8,MRPCM,AK,Alaska,TOTAL,All students,1,All students,274.337800740009,1,0
865,2019,R3,2019,2,Grade 8,SD:SD,MAT,8,MRPCM,AK,Alaska,TOTAL,All students,1,All students,42.3223572040345,1,0
866,2019,R3,2019,2,Grade 8,MN:MN,MAT,8,MRPCM,AL,Alabama,TOTAL,All students,1,All students,268.703898571044,1,0
867,2019,R3,2019,2,Grade 8,SD:SD,MAT,8,MRPCM,AL,Alabama,TOTAL,All students,1,All students,37.3906382936932,1,0
868,2019,R3,2019,2,Grade 8,MN:MN,MAT,8,MRPCM,AR,Arkansas,TOTAL,All students,1,All students,274.36319198523,1,0
869,2019,R3,2019,2,Grade 8,SD:SD,MAT,8,MRPCM,AR,Arkansas,TOTAL,All students,1,All students,38.7997044770733,1,0
870,2019,R3,2019,2,Grade 8,MN:MN,MAT,8,MRPCM,AZ,Arizona,TOTAL,All students,1,All students,279.932021743214,1,0
871,2019,R3,2019,2,Grade 8,SD:SD,MAT,8,MRPCM,AZ,Arizona,TOTAL,All students,1,All students,39.0915420278037,1,0
872,2019,R3,2019,2,Grade 8,MN:MN,MAT,8,MRPCM,CA,California,TOTAL,All students,1,All students,275.608909198641,1,0
873,2019,R3,2019,2,Grade 8,SD:SD,MAT,8,MRPCM,CA,California,TOTAL,All students,1,All students,41.9228777333135,1,0
874,2019,R3,2019,2,Grade 8,MN:MN,MAT,8,MRPCM,CO,Colorado,TOTAL,All students,1,All students,284.665952434847,1,0
875,2019,R3,2019,2,Grade 8,SD:SD,MAT,8,MRPCM,CO,Colorado,TOTAL,All students,1,All students,39.7639462143105,1,0
876,2019,R3,2019,2,Grade 8,MN:MN,MAT,8,MRPCM,CT,Connecticut,TOTAL,All students,1,All students,286.15885457416,1,0
877,2019,R3,2019,2,Grade 8,SD:SD,MAT,8,MRPCM,CT,Connecticut,TOTAL,All students,1,All students,42.029744406951,1,0
878,2019,R3,2019,2,Grade 8,MN:MN,MAT,8,MRPCM,DC,District of Columbia,TOTAL,All students,1,All students,269.177407753284,1,0
879,2019,R3,2019,2,Grade 8,SD:SD,MAT,8,MRPCM,DC,District of Columbia,TOTAL,All students,1,All students,41.9225546304471,1,0
880,2019,R3,2019,2,Grade 8,MN:MN,MAT,8,MRPCM,DE,Delaware,TOTAL,All students,1,All students,276.702658183838,1,0
881,2019,R3,2019,2,Grade 8,SD:SD,MAT,8,MRPCM,DE,Delaware,TOTAL,All students,1,All students,38.8209570644291,1,0
882,2019,R3,2019,2,Grade 8,MN:MN,MAT,8,MRPCM,FL,Florida,TOTAL,All students,1,All students,278.523344698988,1,0
883,2019,R3,2019,2,Grade 8,SD:SD,MAT,8,MRPCM,FL,Florida,TOTAL,All students,1,All students,39.5292690211402,1,0
884,2019,R3,2019,2,Grade 8,MN:MN,MAT,8,MRPCM,GA,Georgia,TOTAL,All students,1,All students,279.494668007891,1,0
885,2019,R3,2019,2,Grade 8,SD:SD,MAT,8,MRPCM,GA,Georgia,TOTAL,All students,1,All students,39.1885649553366,1,0
886,2019,R3,2019,2,Grade 8,MN:MN,MAT,8,MRPCM,HI,Hawaii,TOTAL,All students,1,All students,275.333259928456,1,0
887,2019,R3,2019,2,Grade 8,SD:SD,MAT,8,MRPCM,HI,Hawaii,TOTAL,All students,1,All students,38.1570176833355,1,0
888,2019,R3,2019,2,Grade 8,MN:MN,MAT,8,MRPCM,IA,Iowa,TOTAL,All students,1,All students,281.669713374579,1,0
889,2019,R3,2019,2,Grade 8,SD:SD,MAT,8,MRPCM,IA,Iowa,TOTAL,All students,1,All students,36.482671579695,1,0
890,2019,R3,2019,2,Grade 8,MN:MN,MAT,8,MRPCM,ID,Idaho,TOTAL,All students,1,All students,285.94211965174,1,0
891,2019,R3,2019,2,Grade 8,SD:SD,MAT,8,MRPCM,ID,Idaho,TOTAL,All students,1,All students,37.3613234288146,1,0
892,2019,R3,2019,2,Grade 8,MN:MN,MAT,8,MRPCM,IL,Illinois,TOTAL,All students,1,All students,282.563770056396,1,0
893,2019,R3,2019,2,Grade 8,SD:SD,MAT,8,MRPCM,IL,Illinois,TOTAL,All students,1,All students,39.7164156852101,1,0
894,2019,R3,2019,2,Grade 8,MN:MN,MAT,8,MRPCM,IN,Indiana,TOTAL,All students,1,All students,285.649347493642,1,0
895,2019,R3,2019,2,Grade 8,SD:SD,MAT,8,MRPCM,IN,Indiana,TOTAL,All students,1,All students,37.500051651265,1,0
896,2019,R3,2019,2,Grade 8,MN:MN,MAT,8,MRPCM,KS,Kansas,TOTAL,All students,1,All students,282.211700315563,1,0
897,2019,R3,2019,2,Grade 8,SD:SD,MAT,8,MRPCM,KS,Kansas,TOTAL,All students,1,All students,37.6604450833146,1,0
898,2019,R3,2019,2,Grade 8,MN:MN,MAT,8,MRPCM,KY,Kentucky,TOTAL,All students,1,All students,278.100386552262,1,0
899,2019,R3,2019,2,Grade 8,SD:SD,MAT,8,MRPCM,KY,Kentucky,TOTAL,All students,1,All students,37.2500089604112,1,0
900,2019,R3,2019,2,Grade 8,MN:MN,MAT,8,MRPCM,LA,Louisiana,TOTAL,All students,1,All students,271.644680137411,1,0
901,2019,R3,2019,2,Grade 8,SD:SD,MAT,8,MRPCM,LA,Louisiana,TOTAL,All students,1,All students,36.7272503994605,1,0
902,2019,R3,2019,2,Grade 8,MN:MN,MAT,8,MRPCM,MA,Massachusetts,TOTAL,All students,1,All students,294.474574539442,1,0
903,2019,R3,2019,2,Grade 8,SD:SD,MAT,8,MRPCM,MA,Massachusetts,TOTAL,All students,1,All students,41.5485016841095,1,0
904,2019,R3,2019,2,Grade 8,MN:MN,MAT,8,MRPCM,MD,Maryland,TOTAL,All students,1,All students,280.14582776331,1,0
905,2019,R3,2019,2,Grade 8,SD:SD,MAT,8,MRPCM,MD,Maryland,TOTAL,All students,1,All students,42.8475644648893,1,0
906,2019,R3,2019,2,Grade 8,MN:MN,MAT,8,MRPCM,ME,Maine,TOTAL,All students,1,All students,282.36862288029,1,0
907,2019,R3,2019,2,Grade 8,SD:SD,MAT,8,MRPCM,ME,Maine,TOTAL,All students,1,All students,38.3963843372281,1,0
908,2019,R3,2019,2,Grade 8,MN:MN,MAT,8,MRPCM,MI,Michigan,TOTAL,All students,1,All students,280.282357130411,1,0
909,2019,R3,2019,2,Grade 8,SD:SD,MAT,8,MRPCM,MI,Michigan,TOTAL,All students,1,All students,37.5521724125003,1,0
910,2019,R3,2019,2,Grade 8,MN:MN,MAT,8,MRPCM,MN,Minnesota,TOTAL,All students,1,All students,290.785141202164,1,0
911,2019,R3,2019,2,Grade 8,SD:SD,MAT,8,MRPCM,MN,Minnesota,TOTAL,All students,1,All students,40.0214345636582,1,0
912,2019,R3,2019,2,Grade 8,MN:MN,MAT,8,MRPCM,MO,Missouri,TOTAL,All students,1,All students,280.764001089291,1,0
913,2019,R3,2019,2,Grade 8,SD:SD,MAT,8,MRPCM,MO,Missouri,TOTAL,All students,1,All students,36.7544300979312,1,0
914,2019,R3,2019,2,Grade 8,MN:MN,MAT,8,MRPCM,MS,Mississippi,TOTAL,All students,1,All students,273.728901931209,1,0
915,2019,R3,2019,2,Grade 8,SD:SD,MAT,8,MRPCM,MS,Mississippi,TOTAL,All students,1,All students,35.7030437058538,1,0
916,2019,R3,2019,2,Grade 8,MN:MN,MAT,8,MRPCM,MT,Montana,TOTAL,All students,1,All students,283.959458490694,1,0
917,2019,R3,2019,2,Grade 8,SD:SD,MAT,8,MRPCM,MT,Montana,TOTAL,All students,1,All students,37.8160280766136,1,0
918,2019,R3,2019,2,Grade 8,MN:MN,MAT,8,MRPCM,NC,North Carolina,TOTAL,All students,1,All students,283.658856062479,1,0
919,2019,R3,2019,2,Grade 8,SD:SD,MAT,8,MRPCM,NC,North Carolina,TOTAL,All students,1,All students,40.5268517737148,1,0
920,2019,R3,2019,2,Grade 8,MN:MN,MAT,8,MRPCM,ND,North Dakota,TOTAL,All students,1,All students,285.564288588419,1,0
921,2019,R3,2019,2,Grade 8,SD:SD,MAT,8,MRPCM,ND,North Dakota,TOTAL,All students,1,All students,36.1353259188088,1,0
922,2019,R3,2019,2,Grade 8,MN:MN,MAT,8,MRPCM,NE,Nebraska,TOTAL,All students,1,All students,285.012542020259,1,0
923,2019,R3,2019,2,Grade 8,SD:SD,MAT,8,MRPCM,NE,Nebraska,TOTAL,All students,1,All students,36.9532409221653,1,0
924,2019,R3,2019,2,Grade 8,MN:MN,MAT,8,MRPCM,NH,New Hampshire,TOTAL,All students,1,All students,287.222902107093,1,0
925,2019,R3,2019,2,Grade 8,SD:SD,MAT,8,MRPCM,NH,New Hampshire,TOTAL,All students,1,All students,36.3594777295469,1,0
926,2019,R3,2019,2,Grade 8,MN:MN,MAT,8,MRPCM,NJ,New Jersey,TOTAL,All students,1,All students,291.822771925628,1,0
927,2019,R3,2019,2,Grade 8,SD:SD,MAT,8,MRPCM,NJ,New Jersey,TOTAL,All students,1,All students,43.9770978499608,1,0
928,2019,R3,2019,2,Grade 8,MN:MN,MAT,8,MRPCM,NM,New Mexico,TOTAL,All students,1,All students,268.765610592655,1,0
929,2019,R3,2019,2,Grade 8,SD:SD,MAT,8,MRPCM,NM,New Mexico,TOTAL,All students,1,All students,36.5928455581558,1,0
930,2019,R3,2019,2,Grade 8,MN:MN,MAT,8,MRPCM,NP,National public,TOTAL,All students,1,All students,280.986598557657,1,0
931,2019,R3,2019,2,Grade 8,SD:SD,MAT,8,MRPCM,NP,National public,TOTAL,All students,1,All students,39.8239315099375,1,0
932,2019,R3,2019,2,Grade 8,MN:MN,MAT,8,MRPCM,NR,National private,TOTAL,All students,1,All students,999.0,0,288
933,2019,R3,2019,2,Grade 8,SD:SD,MAT,8,MRPCM,NR,National private,TOTAL,All students,1,All students,999.0,0,288
934,2019,R3,2019,2,Grade 8,MN:MN,MAT,8,MRPCM,NT,National,TOTAL,All students,1,All students,282.001859415618,1,0
935,2019,R3,2019,2,Grade 8,SD:SD,MAT,8,MRPCM,NT,National,TOTAL,All students,1,All students,39.7479093125792,1,0
936,2019,R3,2019,2,Grade 8,MN:MN,MAT,8,MRPCM,NV,Nevada,TOTAL,All students,1,All students,273.785362545259,1,0
937,2019,R3,2019,2,Grade 8,SD:SD,MAT,8,MRPCM,NV,Nevada,TOTAL,All students,1,All students,38.7899648259937,1,0
938,2019,R3,2019,2,Grade 8,MN:MN,MAT,8,MRPCM,NY,New York,TOTAL,All students,1,All students,280.409057321774,1,0
939,2019,R3,2019,2,Grade 8,SD:SD,MAT,8,MRPCM,NY,New York,TOTAL,All students,1,All students,42.062691513079,1,0
940,2019,R3,2019,2,Grade 8,MN:MN,MAT,8,MRPCM,OH,Ohio,TOTAL,All students,1,All students,285.713236558856,1,0
941,2019,R3,2019,2,Grade 8,SD:SD,MAT,8,MRPCM,OH,Ohio,TOTAL,All students,1,All students,39.2219406919519,1,0
942,2019,R3,2019,2,Grade 8,MN:MN,MAT,8,MRPCM,OK,Oklahoma,TOTAL,All students,1,All students,276.466247861619,1,0
943,2019,R3,2019,2,Grade 8,SD:SD,MAT,8,MRPCM,OK,Oklahoma,TOTAL,All students,1,All students,34.7042248157985,1,0
944,2019,R3,2019,2,Grade 8,MN:MN,MAT,8,MRPCM,OR,Oregon,TOTAL,All students,1,All students,279.50040459144,1,0
945,2019,R3,2019,2,Grade 8,SD:SD,MAT,8,MRPCM,OR,Oregon,TOTAL,All students,1,All students,40.2647553471613,1,0
946,2019,R3,2019,2,Grade 8,MN:MN,MAT,8,MRPCM,PA,Pennsylvania,TOTAL,All students,1,All students,285.023991890132,1,0
947,2019,R3,2019,2,Grade 8,SD:SD,MAT,8,MRPCM,PA,Pennsylvania,TOTAL,All students,1,All students,42.0094632703582,1,0
948,2019,R3,2019,2,Grade 8,MN:MN,MAT,8,MRPCM,RI,Rhode Island,TOTAL,All students,1,All students,275.672073085529,1,0
949,2019,R3,2019,2,Grade 8,SD:SD,MAT,8,MRPCM,RI,Rhode Island,TOTAL,All students,1,All students,40.9325343791138,1,0
950,2019,R3,2019,2,Grade 8,MN:MN,MAT,8,MRPCM,SC,South Carolina,TOTAL,All students,1,All students,276.350019464145,1,0
951,2019,R3,2019,2,Grade 8,SD:SD,MAT,8,MRPCM,SC,South Carolina,TOTAL,All students,1,All students,39.9523861827533,1,0
952,2019,R3,2019,2,Grade 8,MN:MN,MAT,8,MRPCM,SD,South Dakota,TOTAL,All students,1,All students,287.087942904959,1,0
953,2019,R3,2019,2,Grade 8,SD:SD,MAT,8,MRPCM,SD,South Dakota,TOTAL,All students,1,All students,37.5456484015018,1,0
954,2019,R3,2019,2,Grade 8,MN:MN,MAT,8,MRPCM,TN,Tennessee,TOTAL,All students,1,All students,280.079035689218,1,0
955,2019,R3,2019,2,Grade 8,SD:SD,MAT,8,MRPCM,TN,Tennessee,TOTAL,All students,1,All students,38.2059504957818,1,0
956,2019,R3,2019,2,Grade 8,MN:MN,MAT,8,MRPCM,TX,Texas,TOTAL,All students,1,All students,279.651107847019,1,0
957,2019,R3,2019,2,Grade 8,SD:SD,MAT,8,MRPCM,TX,Texas,TOTAL,All students,1,All students,36.3135975594518,1,0
958,2019,R3,2019,2,Grade 8,MN:MN,MAT,8,MRPCM,UT,Utah,TOTAL,All students,1,All students,284.930389419443,1,0
959,2019,R3,2019,2,Grade 8,SD:SD,MAT,8,MRPCM,UT,Utah,TOTAL,All students,1,All students,39.1089863826004,1,0
960,2019,R3,2019,2,Grade 8,MN:MN,MAT,8,MRPCM,VA,Virginia,TOTAL,All students,1,All students,287.060200768469,1,0
961,2019,R3,2019,2,Grade 8,SD:SD,MAT,8,MRPCM,VA,Virginia,TOTAL,All students,1,All students,37.7155460681294,1,0
962,2019,R3,2019,2,Grade 8,MN:MN,MAT,8,MRPCM,VT,Vermont,TOTAL,All students,1,All students,286.603416708406,1,0
963,2019,R3,2019,2,Grade 8,SD:SD,MAT,8,MRPCM,VT,Vermont,TOTAL,All students,1,All students,37.9008736480571,1,0
964,2019,R3,2019,2,Grade 8,MN:MN,MAT,8,MRPCM,WA,Washington,TOTAL,All students,1,All students,285.807107019211,1,0
965,2019,R3,2019,2,Grade 8,SD:SD,MAT,8,MRPCM,WA,Washington,TOTAL,All students,1,All students,41.846064163498,1,0
966,2019,R3,2019,2,Grade 8,MN:MN,MAT,8,MRPCM,WI,Wisconsin,TOTAL,All students,1,All students,288.660002957986,1,0
967,2019,R3,2019,2,Grade 8,SD:SD,MAT,8,MRPCM,WI,Wisconsin,TOTAL,All students,1,All students,38.9747780377941,1,0
968,2019,R3,2019,2,Grade 8,MN:MN,MAT,8,MRPCM,WV,West Virginia,TOTAL,All students,1,All students,272.349307597102,1,0
969,2019,R3,2019,2,Grade 8,SD:SD,MAT,8,MRPCM,WV,West Virginia,TOTAL,All students,1,All students,37.337530417065,1,0
970,2019,R3,2019,2,Grade 8,MN:MN,MAT,8,MRPCM,WY,Wyoming,TOTAL,All students,1,All students,286.313953952443,1,0
971,2019,R3,2019,2,Grade 8,SD:SD,MAT,8,MRPCM,WY,Wyoming,TOTAL,All students,1,All students,35.2388830271788,1,0
972,2024,R3,2024,2,Grade 8,MN:MN,MAT,8,MRPCM,AK,Alaska,TOTAL,All students,1,All students,263.962652757225,1,0
973,2024,R3,2024,2,Grade 8,SD:SD,MAT,8,MRPCM,AK,Alaska,TOTAL,All students,1,All students,43.8613321686253,1,0
974,2024,R3,2024,2,Grade 8,MN:MN,MAT,8,MRPCM,AL,Alabama,TOTAL,All students,1,All students,261.769896296059,1,0
975,2024,R3,2024,2,Grade 8,SD:SD,MAT,8,MRPCM,AL,Alabama,TOTAL,All students,1,All students,39.9031799708822,1,0
976,2024,R3,2024,2,Grade 8,MN:MN,MAT,8,MRPCM,AR,Arkansas,TOTAL,All students,1,All students,266.194833728906,1,0
977,2024,R3,2024,2,Grade 8,SD:SD,MAT,8,MRPCM,AR,Arkansas,TOTAL,All students,1,All students,38.597449728123,1,0
978,2024,R3,2024,2,Grade 8,MN:MN,MAT,8,MRPCM,AZ,Arizona,TOTAL,All students,1,All students,269.656164092934,1,0
979,2024,R3,2024,2,Grade 8,SD:SD,MAT,8,MRPCM,AZ,Arizona,TOTAL,All students,1,All students,44.1027920350737,1,0
980,2024,R3,2024,2,Grade 8,MN:MN,MAT,8,MRPCM,CA,California,TOTAL,All students,1,All students,268.779817602202,1,0
981,2024,R3,2024,2,Grade 8,SD:SD,MAT,8,MRPCM,CA,California,TOTAL,All students,1,All students,45.3892830444646,1,0
982,2024,R3,2024,2,Grade 8,MN:MN,MAT,8,MRPCM,CO,Colorado,TOTAL,All students,1,All students,278.107689530909,1,0
983,2024,R3,2024,2,Grade 8,SD:SD,MAT,8,MRPCM,CO,Colorado,TOTAL,All students,1,All students,42.7688138604625,1,0
984,2024,R3,2024,2,Grade 8,MN:MN,MAT,8,MRPCM,CT,Connecticut,TOTAL,All students,1,All students,276.674248483695,1,0
985,2024,R3,2024,2,Grade 8,SD:SD,MAT,8,MRPCM,CT,Connecticut,TOTAL,All students,1,All students,43.0938158115394,1,0
986,2024,R3,2024,2,Grade 8,MN:MN,MAT,8,MRPCM,DC,District of Columbia,TOTAL,All students,1,All students,261.538791377155,1,0
987,2024,R3,2024,2,Grade 8,SD:SD,MAT,8,MRPCM,DC,District of Columbia,TOTAL,All students,1,All students,44.9067491016682,1,0
988,2024,R3,2024,2,Grade 8,MN:MN,MAT,8,MRPCM,DE,Delaware,TOTAL,All students,1,All students,263.057137020663,1,0
989,2024,R3,2024,2,Grade 8,SD:SD,MAT,8,MRPCM,DE,Delaware,TOTAL,All students,1,All students,40.221967206057,1,0
990,2024,R3,2024,2,Grade 8,MN:MN,MAT,8,MRPCM,FL,Florida,TOTAL,All students,1,All students,267.242907869627,1,0
991,2024,R3,2024,2,Grade 8,SD:SD,MAT,8,MRPCM,FL,Florida,TOTAL,All students,1,All students,38.7639180574642,1,0
992,2024,R3,2024,2,Grade 8,MN:MN,MAT,8,MRPCM,GA,Georgia,TOTAL,All students,1,All students,268.65580533609,1,0
993,2024,R3,2024,2,Grade 8,SD:SD,MAT,8,MRPCM,GA,Georgia,TOTAL,All students,1,All students,41.4008428139074,1,0
994,2024,R3,2024,2,Grade 8,MN:MN,MAT,8,MRPCM,HI,Hawaii,TOTAL,All students,1,All students,270.041103022353,1,0
995,2024,R3,2024,2,Grade 8,SD:SD,MAT,8,MRPCM,HI,Hawaii,TOTAL,All students,1,All students,38.7699038108759,1,0
996,2024,R3,2024,2,Grade 8,MN:MN,MAT,8,MRPCM,IA,Iowa,TOTAL,All students,1,All students,274.823931474603,1,0
997,2024,R3,2024,2,Grade 8,SD:SD,MAT,8,MRPCM,IA,Iowa,TOTAL,All students,1,All students,37.4575379138234,1,0
998,2024,R3,2024,2,Grade 8,MN:MN,MAT,8,MRPCM,ID,Idaho,TOTAL,All students,1,All students,278.104478921394,1,0
999,2024,R3,2024,2,Grade 8,SD:SD,MAT,8,MRPCM,ID,Idaho,TOTAL,All students,1,All students,38.830688777017,1,0
1000,2024,R3,2024,2,Grade 8,MN:MN,MAT,8,MRPCM,IL,Illinois,TOTAL,All students,1,All students,277.416365661062,1,0
1001,2024,R3,2024,2,Grade 8,SD:SD,MAT,8,MRPCM,IL,Illinois,TOTAL,All students,1,All students,44.1621229195399,1,0
1002,2024,R3,2024,2,Grade 8,MN:MN,MAT,8,MRPCM,IN,Indiana,TOTAL,All students,1,All students,278.185063694114,1,0
1003,2024,R3,2024,2,Grade 8,SD:SD,MAT,8,MRPCM,IN,Indiana,TOTAL,All students,1,All students,38.8174300845959,1,0
1004,2024,R3,2024,2,Grade 8,MN:MN,MAT,8,MRPCM,KS,Kansas,TOTAL,All students,1,All students,274.136728097293,1,0
1005,2024,R3,2024,2,Grade 8,SD:SD,MAT,8,MRPCM,KS,Kansas,TOTAL,All students,1,All students,38.6499706176936,1,0
1006,2024,R3,2024,2,Grade 8,MN:MN,MAT,8,MRPCM,KY,Kentucky,TOTAL,All students,1,All students,270.813300352469,1,0
1007,2024,R3,2024,2,Grade 8,SD:SD,MAT,8,MRPCM,KY,Kentucky,TOTAL,All students,1,All students,39.8230371519623,1,0
1008,2024,R3,2024,2,Grade 8,MN:MN,MAT,8,MRPCM,LA,Louisiana,TOTAL,All students,1,All students,266.783263695595,1,0
1009,2024,R3,2024,2,Grade 8,SD:SD,MAT,8,MRPCM,LA,Louisiana,TOTAL,All students,1,All students,38.3448643174906,1,0
1010,2024,R3,2024,2,Grade 8,MN:MN,MAT,8,MRPCM,MA,Massachusetts,TOTAL,All students,1,All students,283.465558985794,1,0
1011,2024,R3,2024,2,Grade 8,SD:SD,MAT,8,MRPCM,MA,Massachusetts,TOTAL,All students,1,All students,43.0050602726601,1,0
1012,2024,R3,2024,2,Grade 8,MN:MN,MAT,8,MRPCM,MD,Maryland,TOTAL,All students,1,All students,268.213759837437,1,0
1013,2024,R3,2024,2,Grade 8,SD:SD,MAT,8,MRPCM,MD,Maryland,TOTAL,All students,1,All students,43.9517240770945,1,0
1014,2024,R3,2024,2,Grade 8,MN:MN,MAT,8,MRPCM,ME,Maine,TOTAL,All students,1,All students,272.621883145892,1,0
1015,2024,R3,2024,2,Grade 8,SD:SD,MAT,8,MRPCM,ME,Maine,TOTAL,All students,1,All students,38.6035095160102,1,0
1016,2024,R3,2024,2,Grade 8,MN:MN,MAT,8,MRPCM,MI,Michigan,TOTAL,All students,1,All students,269.978773980969,1,0
1017,2024,R3,2024,2,Grade 8,SD:SD,MAT,8,MRPCM,MI,Michigan,TOTAL,All students,1,All students,39.3875804725758,1,0
1018,2024,R3,2024,2,Grade 8,MN:MN,MAT,8,MRPCM,MN,Minnesota,TOTAL,All students,1,All students,282.087420612381,1,0
1019,2024,R3,2024,2,Grade 8,SD:SD,MAT,8,MRPCM,MN,Minnesota,TOTAL,All students,1,All students,38.5109432361429,1,0
1020,2024,R3,2024,2,Grade 8,MN:MN,MAT,8,MRPCM,MO,Missouri,TOTAL,All students,1,All students,270.363197434814,1,0
1021,2024,R3,2024,2,Grade 8,SD:SD,MAT,8,MRPCM,MO,Missouri,TOTAL,All students,1,All students,38.3729361724557,1,0
1022,2024,R3,2024,2,Grade 8,MN:MN,MAT,8,MRPCM,MS,Mississippi,TOTAL,All students,1,All students,269.060485008035,1,0
1023,2024,R3,2024,2,Grade 8,SD:SD,MAT,8,MRPCM,MS,Mississippi,TOTAL,All students,1,All students,37.7590551034789,1,0
1024,2024,R3,2024,2,Grade 8,MN:MN,MAT,8,MRPCM,MT,Montana,TOTAL,All students,1,All students,279.082095551632,1,0
1025,2024,R3,2024,2,Grade 8,SD:SD,MAT,8,MRPCM,MT,Montana,TOTAL,All students,1,All students,38.9792451574097,1,0
1026,2024,R3,2024,2,Grade 8,MN:MN,MAT,8,MRPCM,NC,North Carolina,TOTAL,All students,1,All students,275.821517956785,1,0
1027,2024,R3,2024,2,Grade 8,SD:SD,MAT,8,MRPCM,NC,North Carolina,TOTAL,All students,1,All students,43.7288136162951,1,0
1028,2024,R3,2024,2,Grade 8,MN:MN,MAT,8,MRPCM,ND,North Dakota,TOTAL,All students,1,All students,279.765445425712,1,0
1029,2024,R3,2024,2,Grade 8,SD:SD,MAT,8,MRPCM,ND,North Dakota,TOTAL,All students,1,All students,34.0114483894159,1,0
1030,2024,R3,2024,2,Grade 8,MN:MN,MAT,8,MRPCM,NE,Nebraska,TOTAL,All students,1,All students,279.8834957478,1,0
1031,2024,R3,2024,2,Grade 8,SD:SD,MAT,8,MRPCM,NE,Nebraska,TOTAL,All students,1,All students,39.0639119651255,1,0
1032,2024,R3,2024,2,Grade 8,MN:MN,MAT,8,MRPCM,NH,New Hampshire,TOTAL,All students,1,All students,279.7446422881,1,0
1033,2024,R3,2024,2,Grade 8,SD:SD,MAT,8,MRPCM,NH,New Hampshire,TOTAL,All students,1,All students,38.3091253638812,1,0
1034,2024,R3,2024,2,Grade 8,MN:MN,MAT,8,MRPCM,NJ,New Jersey,TOTAL,All students,1,All students,281.684697993032,1,0
1035,2024,R3,2024,2,Grade 8,SD:SD,MAT,8,MRPCM,NJ,New Jersey,TOTAL,All students,1,All students,45.0637191607709,1,0
1036,2024,R3,2024,2,Grade 8,MN:MN,MAT,8,MRPCM,NM,New Mexico,TOTAL,All students,1,All students,256.210854081077,1,0
1037,2024,R3,2024,2,Grade 8,SD:SD,MAT,8,MRPCM,NM,New Mexico,TOTAL,All students,1,All students,38.3746382801716,1,0
1038,2024,R3,2024,2,Grade 8,MN:MN,MAT,8,MRPCM,NP,National public,TOTAL,All students,1,All students,272.232647011559,1,0
1039,2024,R3,2024,2,Grade 8,SD:SD,MAT,8,MRPCM,NP,National public,TOTAL,All students,1,All students,42.0013249770212,1,0
1040,2024,R3,2024,2,Grade 8,MN:MN,MAT,8,MRPCM,NR,National private,TOTAL,All students,1,All students,999.0,0,288
1041,2024,R3,2024,2,Grade 8,SD:SD,MAT,8,MRPCM,NR,National private,TOTAL,All students,1,All students,999.0,0,288
1042,2024,R3,2024,2,Grade 8,MN:MN,MAT,8,MRPCM,NT,National,TOTAL,All students,1,All students,273.833456014299,1,0
1043,2024,R3,2024,2,Grade 8,SD:SD,MAT,8,MRPCM,NT,National,TOTAL,All students,1,All students,41.9601928841103,1,0
1044,2024,R3,2024,2,Grade 8,MN:MN,MAT,8,MRPCM,NV,Nevada,TOTAL,All students,1,All students,265.177161678326,1,0
1045,2024,R3,2024,2,Grade 8,SD:SD,MAT,8,MRPCM,NV,Nevada,TOTAL,All students,1,All students,39.8987702358742,1,0
1046,2024,R3,2024,2,Grade 8,MN:MN,MAT,8,MRPCM,NY,New York,TOTAL,All students,1,All students,270.851723995752,1,0
1047,2024,R3,2024,2,Grade 8,SD:SD,MAT,8,MRPCM,NY,New York,TOTAL,All students,1,All students,42.5068533451045,1,0
1048,2024,R3,2024,2,Grade 8,MN:MN,MAT,8,MRPCM,OH,Ohio,TOTAL,All students,1,All students,278.81272056262,1,0
1049,2024,R3,2024,2,Grade 8,SD:SD,MAT,8,MRPCM,OH,Ohio,TOTAL,All students,1,All students,41.1862546510285,1,0
1050,2024,R3,2024,2,Grade 8,MN:MN,MAT,8,MRPCM,OK,Oklahoma,TOTAL,All students,1,All students,264.454031154883,1,0
1051,2024,R3,2024,2,Grade 8,SD:SD,MAT,8,MRPCM,OK,Oklahoma,TOTAL,All students,1,All students,37.0748338806625,1,0
1052,2024,R3,2024,2,Grade 8,MN:MN,MAT,8,MRPCM,OR,Oregon,TOTAL,All students,1,All students,267.940475829647,1,0
1053,2024,R3,2024,2,Grade 8,SD:SD,MAT,8,MRPCM,OR,Oregon,TOTAL,All students,1,All students,41.9352790545772,1,0
1054,2024,R3,2024,2,Grade 8,MN:MN,MAT,8,MRPCM,PA,Pennsylvania,TOTAL,All students,1,All students,276.245914941856,1,0
1055,2024,R3,2024,2,Grade 8,SD:SD,MAT,8,MRPCM,PA,Pennsylvania,TOTAL,All students,1,All students,44.4099265763059,1,0
1056,2024,R3,2024,2,Grade 8,MN:MN,MAT,8,MRPCM,RI,Rhode Island,TOTAL,All students,1,All students,269.826789466172,1,0
1057,2024,R3,2024,2,Grade 8,SD:SD,MAT,8,MRPCM,RI,Rhode Island,TOTAL,All students,1,All students,44.0111551962532,1,0
1058,2024,R3,2024,2,Grade 8,MN:MN,MAT,8,MRPCM,SC,South Carolina,TOTAL,All students,1,All students,268.006371115326,1,0
1059,2024,R3,2024,2,Grade 8,SD:SD,MAT,8,MRPCM,SC,South Carolina,TOTAL,All students,1,All students,41.0175454977758,1,0
1060,2024,R3,2024,2,Grade 8,MN:MN,MAT,8,MRPCM,SD,South Dakota,TOTAL,All students,1,All students,281.101137171665,1,0
1061,2024,R3,2024,2,Grade 8,SD:SD,MAT,8,MRPCM,SD,South Dakota,TOTAL,All students,1,All students,37.6034832238565,1,0
1062,2024,R3,2024,2,Grade 8,MN:MN,MAT,8,MRPCM,TN,Tennessee,TOTAL,All students,1,All students,275.982987568614,1,0
1063,2024,R3,2024,2,Grade 8,SD:SD,MAT,8,MRPCM,TN,Tennessee,TOTAL,All students,1,All students,41.6918772986552,1,0
1064,2024,R3,2024,2,Grade 8,MN:MN,MAT,8,MRPCM,TX,Texas,TOTAL,All students,1,All students,269.393041368541,1,0
1065,2024,R3,2024,2,Grade 8,SD:SD,MAT,8,MRPCM,TX,Texas,TOTAL,All students,1,All students,39.990263045607,1,0
1066,2024,R3,2024,2,Grade 8,MN:MN,MAT,8,MRPCM,UT,Utah,TOTAL,All students,1,All students,281.79013940125,1,0
1067,2024,R3,2024,2,Grade 8,SD:SD,MAT,8,MRPCM,UT,Utah,TOTAL,All students,1,All students,38.2323654854804,1,0
1068,2024,R3,2024,2,Grade 8,MN:MN,MAT,8,MRPCM,VA,Virginia,TOTAL,All students,1,All students,274.988689820791,1,0
1069,2024,R3,2024,2,Grade 8,SD:SD,MAT,8,MRPCM,VA,Virginia,TOTAL,All students,1,All students,41.5618641748759,1,0
1070,2024,R3,2024,2,Grade 8,MN:MN,MAT,8,MRPCM,VT,Vermont,TOTAL,All students,1,All students,275.617660941484,1,0
1071,2024,R3,2024,2,Grade 8,SD:SD,MAT,8,MRPCM,VT,Vermont,TOTAL,All students,1,All students,38.692547890134,1,0
1072,2024,R3,2024,2,Grade 8,MN:MN,MAT,8,MRPCM,WA,Washington,TOTAL,All students,1,All students,273.665174159465,1,0
1073,2024,R3,2024,2,Grade 8,SD:SD,MAT,8,MRPCM,WA,Washington,TOTAL,All students,1,All students,44.2788034980282,1,0
1074,2024,R3,2024,2,Grade 8,MN:MN,MAT,8,MRPCM,WI,Wisconsin,TOTAL,All students,1,All students,282.649633523366,1,0
1075,2024,R3,2024,2,Grade 8,SD:SD,MAT,8,MRPCM,WI,Wisconsin,TOTAL,All students,1,All students,40.4090214234277,1,0
1076,2024,R3,2024,2,Grade 8,MN:MN,MAT,8,MRPCM,WV,West Virginia,TOTAL,All students,1,All students,260.769078185284,1,0
1077,2024,R3,2024,2,Grade 8,SD:SD,MAT,8,MRPCM,WV,West Virginia,TOTAL,All students,1,All students,39.7803835010825,1,0
1078,2024,R3,2024,2,Grade 8,MN:MN,MAT,8,MRPCM,WY,Wyoming,TOTAL,All students,1,All students,278.315324001753,1,0
1079,2024,R3,2024,2,Grade 8,SD:SD,MAT,8,MRPCM,WY,Wyoming,TOTAL,All students,1,All students,37.1274075469233,1,0
0,1990,R2,1990&#185;,3,Grade 12,MN:MN,MAT,12,MRPCM,AK,Alaska,TOTAL,All students,1,All students,999.0,0,328
1,1990,R2,1990&#185;,3,Grade 12,SD:SD,MAT,12,MRPCM,AK,Alaska,TOTAL,All students,1,All students,999.0,0,328
2,1990,R2,1990&#185;,3,Grade 12,MN:MN,MAT,12,MRPCM,AL,Alabama,TOTAL,All students,1,All students,999.0,0,328
3,1990,R2,1990&#185;,3,Grade 12,SD:SD,MAT,12,MRPCM,AL,Alabama,TOTAL,All students,1,All students,999.0,0,328
4,1990,R2,1990&#185;,3,Grade 12,MN:MN,MAT,12,MRPCM,AR,Arkansas,TOTAL,All students,1,All students,999.0,0,328
5,1990,R2,1990&#185;,3,Grade 12,SD:SD,MAT,12,MRPCM,AR,Arkansas,TOTAL,All students,1,All students,999.0,0,328
6,1990,R2,1990&#185;,3,Grade 12,MN:MN,MAT,12,MRPCM,AZ,Arizona,TOTAL,All students,1,All students,999.0,0,328
7,1990,R2,1990&#185;,3,Grade 12,SD:SD,MAT,12,MRPCM,AZ,Arizona,TOTAL,All students,1,All students,999.0,0,328
8,1990,R2,1990&#185;,3,Grade 12,MN:MN,MAT,12,MRPCM,CA,California,TOTAL,All students,1,All students,999.0,0,328
9,1990,R2,1990&#185;,3,Grade 12,SD:SD,MAT,12,MRPCM,CA,California,TOTAL,All students,1,All students,999.0,0,328
10,1990,R2,1990&#185;,3,Grade 12,MN:MN,MAT,12,MRPCM,CO,Colorado,TOTAL,All students,1,All students,999.0,0,328
11,1990,R2,1990&#185;,3,Grade 12,SD:SD,MAT,12,MRPCM,CO,Colorado,TOTAL,All students,1,All students,999.0,0,328
12,1990,R2,1990&#185;,3,Grade 12,MN:MN,MAT,12,MRPCM,CT,Connecticut,TOTAL,All students,1,All students,999.0,0,328
13,1990,R2,1990&#185;,3,Grade 12,SD:SD,MAT,12,MRPCM,CT,Connecticut,TOTAL,All students,1,All students,999.0,0,328
14,1990,R2,1990&#185;,3,Grade 12,MN:MN,MAT,12,MRPCM,DC,District of Columbia,TOTAL,All students,1,All students,999.0,0,328
15,1990,R2,1990&#185;,3,Grade 12,SD:SD,MAT,12,MRPCM,DC,District of Columbia,TOTAL,All students,1,All students,999.0,0,328
16,1990,R2,1990&#185;,3,Grade 12,MN:MN,MAT,12,MRPCM,DE,Delaware,TOTAL,All students,1,All students,999.0,0,328
17,1990,R2,1990&#185;,3,Grade 12,SD:SD,MAT,12,MRPCM,DE,Delaware,TOTAL,All students,1,All students,999.0,0,328
18,1990,R2,1990&#185;,3,Grade 12,MN:MN,MAT,12,MRPCM,FL,Florida,TOTAL,All students,1,All students,999.0,0,328
19,1990,R2,1990&#185;,3,Grade 12,SD:SD,MAT,12,MRPCM,FL,Florida,TOTAL,All students,1,All students,999.0,0,328
20,1990,R2,1990&#185;,3,Grade 12,MN:MN,MAT,12,MRPCM,GA,Georgia,TOTAL,All students,1,All students,999.0,0,328
21,1990,R2,1990&#185;,3,Grade 12,SD:SD,MAT,12,MRPCM,GA,Georgia,TOTAL,All students,1,All students,999.0,0,328
22,1990,R2,1990&#185;,3,Grade 12,MN:MN,MAT,12,MRPCM,HI,Hawaii,TOTAL,All students,1,All students,999.0,0,328
23,1990,R2,1990&#185;,3,Grade 12,SD:SD,MAT,12,MRPCM,HI,Hawaii,TOTAL,All students,1,All students,999.0,0,328
24,1990,R2,1990&#185;,3,Grade 12,MN:MN,MAT,12,MRPCM,IA,Iowa,TOTAL,All students,1,All students,999.0,0,328
25,1990,R2,1990&#185;,3,Grade 12,SD:SD,MAT,12,MRPCM,IA,Iowa,TOTAL,All students,1,All students,999.0,0,328
26,1990,R2,1990&#185;,3,Grade 12,MN:MN,MAT,12,MRPCM,ID,Idaho,TOTAL,All students,1,All students,999.0,0,328
27,1990,R2,1990&#185;,3,Grade 12,SD:SD,MAT,12,MRPCM,ID,Idaho,TOTAL,All students,1,All students,999.0,0,328
28,1990,R2,1990&#185;,3,Grade 12,MN:MN,MAT,12,MRPCM,IL,Illinois,TOTAL,All students,1,All students,999.0,0,328
29,1990,R2,1990&#185;,3,Grade 12,SD:SD,MAT,12,MRPCM,IL,Illinois,TOTAL,All students,1,All students,999.0,0,328
30,1990,R2,1990&#185;,3,Grade 12,MN:MN,MAT,12,MRPCM,IN,Indiana,TOTAL,All students,1,All students,999.0,0,328
31,1990,R2,1990&#185;,3,Grade 12,SD:SD,MAT,12,MRPCM,IN,Indiana,TOTAL,All students,1,All students,999.0,0,328
32,1990,R2,1990&#185;,3,Grade 12,MN:MN,MAT,12,MRPCM,KS,Kansas,TOTAL,All students,1,All students,999.0,0,328
33,1990,R2,1990&#185;,3,Grade 12,SD:SD,MAT,12,MRPCM,KS,Kansas,TOTAL,All students,1,All students,999.0,0,328
34,1990,R2,1990&#185;,3,Grade 12,MN:MN,MAT,12,MRPCM,KY,Kentucky,TOTAL,All students,1,All students,999.0,0,328
35,1990,R2,1990&#185;,3,Grade 12,SD:SD,MAT,12,MRPCM,KY,Kentucky,TOTAL,All students,1,All students,999.0,0,328
36,1990,R2,1990&#185;,3,Grade 12,MN:MN,MAT,12,MRPCM,LA,Louisiana,TOTAL,All students,1,All students,999.0,0,328
37,1990,R2,1990&#185;,3,Grade 12,SD:SD,MAT,12,MRPCM,LA,Louisiana,TOTAL,All students,1,All students,999.0,0,328
38,1990,R2,1990&#185;,3,Grade 12,MN:MN,MAT,12,MRPCM,MA,Massachusetts,TOTAL,All students,1,All students,999.0,0,328
39,1990,R2,1990&#185;,3,Grade 12,SD:SD,MAT,12,MRPCM,MA,Massachusetts,TOTAL,All students,1,All students,999.0,0,328
40,1990,R2,1990&#185;,3,Grade 12,MN:MN,MAT,12,MRPCM,MD,Maryland,TOTAL,All students,1,All students,999.0,0,328
41,1990,R2,1990&#185;,3,Grade 12,SD:SD,MAT,12,MRPCM,MD,Maryland,TOTAL,All students,1,All students,999.0,0,328
42,1990,R2,1990&#185;,3,Grade 12,MN:MN,MAT,12,MRPCM,ME,Maine,TOTAL,All students,1,All students,999.0,0,328
43,1990,R2,1990&#185;,3,Grade 12,SD:SD,MAT,12,MRPCM,ME,Maine,TOTAL,All students,1,All students,999.0,0,328
44,1990,R2,1990&#185;,3,Grade 12,MN:MN,MAT,12,MRPCM,MI,Michigan,TOTAL,All students,1,All students,999.0,0,328
45,1990,R2,1990&#185;,3,Grade 12,SD:SD,MAT,12,MRPCM,MI,Michigan,TOTAL,All students,1,All students,999.0,0,328
46,1990,R2,1990&#185;,3,Grade 12,MN:MN,MAT,12,MRPCM,MN,Minnesota,TOTAL,All students,1,All students,999.0,0,328
47,1990,R2,1990&#185;,3,Grade 12,SD:SD,MAT,12,MRPCM,MN,Minnesota,TOTAL,All students,1,All students,999.0,0,328
48,1990,R2,1990&#185;,3,Grade 12,MN:MN,MAT,12,MRPCM,MO,Missouri,TOTAL,All students,1,All students,999.0,0,328
49,1990,R2,1990&#185;,3,Grade 12,SD:SD,MAT,12,MRPCM,MO,Missouri,TOTAL,All students,1,All students,999.0,0,328
50,1990,R2,1990&#185;,3,Grade 12,MN:MN,MAT,12,MRPCM,MS,Mississippi,TOTAL,All students,1,All students,999.0,0,328
51,1990,R2,1990&#185;,3,Grade 12,SD:SD,MAT,12,MRPCM,MS,Mississippi,TOTAL,All students,1,All students,999.0,0,328
52,1990,R2,1990&#185;,3,Grade 12,MN:MN,MAT,12,MRPCM,MT,Montana,TOTAL,All students,1,All students,999.0,0,328
53,1990,R2,1990&#185;,3,Grade 12,SD:SD,MAT,12,MRPCM,MT,Montana,TOTAL,All students,1,All students,999.0,0,328
54,1990,R2,1990&#185;,3,Grade 12,MN:MN,MAT,12,MRPCM,NC,North Carolina,TOTAL,All students,1,All students,999.0,0,328
55,1990,R2,1990&#185;,3,Grade 12,SD:SD,MAT,12,MRPCM,NC,North Carolina,TOTAL,All students,1,All students,999.0,0,328
56,1990,R2,1990&#185;,3,Grade 12,MN:MN,MAT,12,MRPCM,ND,North Dakota,TOTAL,All students,1,All students,999.0,0,328
57,1990,R2,1990&#185;,3,Grade 12,SD:SD,MAT,12,MRPCM,ND,North Dakota,TOTAL,All students,1,All students,999.0,0,328
58,1990,R2,1990&#185;,3,Grade 12,MN:MN,MAT,12,MRPCM,NE,Nebraska,TOTAL,All students,1,All students,999.0,0,328
59,1990,R2,1990&#185;,3,Grade 12,SD:SD,MAT,12,MRPCM,NE,Nebraska,TOTAL,All students,1,All students,999.0,0,328
60,1990,R2,1990&#185;,3,Grade 12,MN:MN,MAT,12,MRPCM,NH,New Hampshire,TOTAL,All students,1,All students,999.0,0,328
61,1990,R2,1990&#185;,3,Grade 12,SD:SD,MAT,12,MRPCM,NH,New Hampshire,TOTAL,All students,1,All students,999.0,0,328
62,1990,R2,1990&#185;,3,Grade 12,MN:MN,MAT,12,MRPCM,NJ,New Jersey,TOTAL,All students,1,All students,999.0,0,328
63,1990,R2,1990&#185;,3,Grade 12,SD:SD,MAT,12,MRPCM,NJ,New Jersey,TOTAL,All students,1,All students,999.0,0,328
64,1990,R2,1990&#185;,3,Grade 12,MN:MN,MAT,12,MRPCM,NM,New Mexico,TOTAL,All students,1,All students,999.0,0,328
65,1990,R2,1990&#185;,3,Grade 12,SD:SD,MAT,12,MRPCM,NM,New Mexico,TOTAL,All students,1,All students,999.0,0,328
66,1990,R2,1990&#185;,3,Grade 12,MN:MN,MAT,12,MRPCM,NP,National public,TOTAL,All students,1,All students,293.625905631896,1,8
67,1990,R2,1990&#185;,3,Grade 12,SD:SD,MAT,12,MRPCM,NP,National public,TOTAL,All students,1,All students,36.0372001855464,1,8
68,1990,R2,1990&#185;,3,Grade 12,MN:MN,MAT,12,MRPCM,NR,National private,TOTAL,All students,1,All students,299.525963583357,1,8
69,1990,R2,1990&#185;,3,Grade 12,SD:SD,MAT,12,MRPCM,NR,National private,TOTAL,All students,1,All students,31.9190750071559,1,8
70,1990,R2,1990&#185;,3,Grade 12,MN:MN,MAT,12,MRPCM,NT,National,TOTAL,All students,1,All students,294.153373070861,1,8
71,1990,R2,1990&#185;,3,Grade 12,SD:SD,MAT,12,MRPCM,NT,National,TOTAL,All students,1,All students,35.7282423537317,1,8
72,1990,R2,1990&#185;,3,Grade 12,MN:MN,MAT,12,MRPCM,NV,Nevada,TOTAL,All students,1,All students,999.0,0,328
73,1990,R2,1990&#185;,3,Grade 12,SD:SD,MAT,12,MRPCM,NV,Nevada,TOTAL,All students,1,All students,999.0,0,328
74,1990,R2,1990&#185;,3,Grade 12,MN:MN,MAT,12,MRPCM,NY,New York,TOTAL,All students,1,All students,999.0,0,328
75,1990,R2,1990&#185;,3,Grade 12,SD:SD,MAT,12,MRPCM,NY,New York,TOTAL,All students,1,All students,999.0,0,328
76,1990,R2,1990&#185;,3,Grade 12,MN:MN,MAT,12,MRPCM,OH,Ohio,TOTAL,All students,1,All students,999.0,0,328
77,1990,R2,1990&#185;,3,Grade 12,SD:SD,MAT,12,MRPCM,OH,Ohio,TOTAL,All students,1,All students,999.0,0,328
78,1990,R2,1990&#185;,3,Grade 12,MN:MN,MAT,12,MRPCM,OK,Oklahoma,TOTAL,All students,1,All students,999.0,0,328
79,1990,R2,1990&#185;,3,Grade 12,SD:SD,MAT,12,MRPCM,OK,Oklahoma,TOTAL,All students,1,All students,999.0,0,328
80,1990,R2,1990&#185;,3,Grade 12,MN:MN,MAT,12,MRPCM,OR,Oregon,TOTAL,All students,1,All students,999.0,0,328
81,1990,R2,1990&#185;,3,Grade 12,SD:SD,MAT,12,MRPCM,OR,Oregon,TOTAL,All students,1,All students,999.0,0,328
82,1990,R2,1990&#185;,3,Grade 12,MN:MN,MAT,12,MRPCM,PA,Pennsylvania,TOTAL,All students,1,All students,999.0,0,328
83,1990,R2,1990&#185;,3,Grade 12,SD:SD,MAT,12,MRPCM,PA,Pennsylvania,TOTAL,All students,1,All students,999.0,0,328
84,1990,R2,1990&#185;,3,Grade 12,MN:MN,MAT,12,MRPCM,RI,Rhode Island,TOTAL,All students,1,All students,999.0,0,328
85,1990,R2,1990&#185;,3,Grade 12,SD:SD,MAT,12,MRPCM,RI,Rhode Island,TOTAL,All students,1,All students,999.0,0,328
86,1990,R2,1990&#185;,3,Grade 12,MN:MN,MAT,12,MRPCM,SC,South Carolina,TOTAL,All students,1,All students,999.0,0,328
87,1990,R2,1990&#185;,3,Grade 12,SD:SD,MAT,12,MRPCM,SC,South Carolina,TOTAL,All students,1,All students,999.0,0,328
88,1990,R2,1990&#185;,3,Grade 12,MN:MN,MAT,12,MRPCM,SD,South Dakota,TOTAL,All students,1,All students,999.0,0,328
89,1990,R2,1990&#185;,3,Grade 12,SD:SD,MAT,12,MRPCM,SD,South Dakota,TOTAL,All students,1,All students,999.0,0,328
90,1990,R2,1990&#185;,3,Grade 12,MN:MN,MAT,12,MRPCM,TN,Tennessee,TOTAL,All students,1,All students,999.0,0,328
91,1990,R2,1990&#185;,3,Grade 12,SD:SD,MAT,12,MRPCM,TN,Tennessee,TOTAL,All students,1,All students,999.0,0,328
92,1990,R2,1990&#185;,3,Grade 12,MN:MN,MAT,12,MRPCM,TX,Texas,TOTAL,All students,1,All students,999.0,0,328
93,1990,R2,1990&#185;,3,Grade 12,SD:SD,MAT,12,MRPCM,TX,Texas,TOTAL,All students,1,All students,999.0,0,328
94,1990,R2,1990&#185;,3,Grade 12,MN:MN,MAT,12,MRPCM,UT,Utah,TOTAL,All students,1,All students,999.0,0,328
95,1990,R2,1990&#185;,3,Grade 12,SD:SD,MAT,12,MRPCM,UT,Utah,TOTAL,All students,1,All students,999.0,0,328
96,1990,R2,1990&#185;,3,Grade 12,MN:MN,MAT,12,MRPCM,VA,Virginia,TOTAL,All students,1,All students,999.0,0,328
97,1990,R2,1990&#185;,3,Grade 12,SD:SD,MAT,12,MRPCM,VA,Virginia,TOTAL,All students,1,All students,999.0,0,328
98,1990,R2,1990&#185;,3,Grade 12,MN:MN,MAT,12,MRPCM,VT,Vermont,TOTAL,All students,1,All students,999.0,0,328
99,1990,R2,1990&#185;,3,Grade 12,SD:SD,MAT,12,MRPCM,VT,Vermont,TOTAL,All students,1,All students,999.0,0,328
100,1990,R2,1990&#185;,3,Grade 12,MN:MN,MAT,12,MRPCM,WA,Washington,TOTAL,All students,1,All students,999.0,0,328
101,1990,R2,1990&#185;,3,Grade 12,SD:SD,MAT,12,MRPCM,WA,Washington,TOTAL,All students,1,All students,999.0,0,328
102,1990,R2,1990&#185;,3,Grade 12,MN:MN,MAT,12,MRPCM,WI,Wisconsin,TOTAL,All students,1,All students,999.0,0,328
103,1990,R2,1990&#185;,3,Grade 12,SD:SD,MAT,12,MRPCM,WI,Wisconsin,TOTAL,All students,1,All students,999.0,0,328
104,1990,R2,1990&#185;,3,Grade 12,MN:MN,MAT,12,MRPCM,WV,West Virginia,TOTAL,All students,1,All students,999.0,0,328
105,1990,R2,1990&#185;,3,Grade 12,SD:SD,MAT,12,MRPCM,WV,West Virginia,TOTAL,All students,1,All students,999.0,0,328
106,1990,R2,1990&#185;,3,Grade 12,MN:MN,MAT,12,MRPCM,WY,Wyoming,TOTAL,All students,1,All students,999.0,0,328
107,1990,R2,1990&#185;,3,Grade 12,SD:SD,MAT,12,MRPCM,WY,Wyoming,TOTAL,All students,1,All students,999.0,0,328
108,1992,R2,1992&#185;,3,Grade 12,MN:MN,MAT,12,MRPCM,AK,Alaska,TOTAL,All students,1,All students,999.0,0,328
109,1992,R2,1992&#185;,3,Grade 12,SD:SD,MAT,12,MRPCM,AK,Alaska,TOTAL,All students,1,All students,999.0,0,328
110,1992,R2,1992&#185;,3,Grade 12,MN:MN,MAT,12,MRPCM,AL,Alabama,TOTAL,All students,1,All students,999.0,0,328
111,1992,R2,1992&#185;,3,Grade 12,SD:SD,MAT,12,MRPCM,AL,Alabama,TOTAL,All students,1,All students,999.0,0,328
112,1992,R2,1992&#185;,3,Grade 12,MN:MN,MAT,12,MRPCM,AR,Arkansas,TOTAL,All students,1,All students,999.0,0,328
113,1992,R2,1992&#185;,3,Grade 12,SD:SD,MAT,12,MRPCM,AR,Arkansas,TOTAL,All students,1,All students,999.0,0,328
114,1992,R2,1992&#185;,3,Grade 12,MN:MN,MAT,12,MRPCM,AZ,Arizona,TOTAL,All students,1,All students,999.0,0,328
115,1992,R2,1992&#185;,3,Grade 12,SD:SD,MAT,12,MRPCM,AZ,Arizona,TOTAL,All students,1,All students,999.0,0,328
116,1992,R2,1992&#185;,3,Grade 12,MN:MN,MAT,12,MRPCM,CA,California,TOTAL,All students,1,All students,999.0,0,328
117,1992,R2,1992&#185;,3,Grade 12,SD:SD,MAT,12,MRPCM,CA,California,TOTAL,All students,1,All students,999.0,0,328
118,1992,R2,1992&#185;,3,Grade 12,MN:MN,MAT,12,MRPCM,CO,Colorado,TOTAL,All students,1,All students,999.0,0,328
119,1992,R2,1992&#185;,3,Grade 12,SD:SD,MAT,12,MRPCM,CO,Colorado,TOTAL,All students,1,All students,999.0,0,328
120,1992,R2,1992&#185;,3,Grade 12,MN:MN,MAT,12,MRPCM,CT,Connecticut,TOTAL,All students,1,All students,999.0,0,328
121,1992,R2,1992&#185;,3,Grade 12,SD:SD,MAT,12,MRPCM,CT,Connecticut,TOTAL,All students,1,All students,999.0,0,328
122,1992,R2,1992&#185;,3,Grade 12,MN:MN,MAT,12,MRPCM,DC,District of Columbia,TOTAL,All students,1,All students,999.0,0,328
123,1992,R2,1992&#185;,3,Grade 12,SD:SD,MAT,12,MRPCM,DC,District of Columbia,TOTAL,All students,1,All students,999.0,0,328
124,1992,R2,1992&#185;,3,Grade 12,MN:MN,MAT,12,MRPCM,DE,Delaware,TOTAL,All students,1,All students,999.0,0,328
125,1992,R2,1992&#185;,3,Grade 12,SD:SD,MAT,12,MRPCM,DE,Delaware,TOTAL,All students,1,All students,999.0,0,328
126,1992,R2,1992&#185;,3,Grade 12,MN:MN,MAT,12,MRPCM,FL,Florida,TOTAL,All students,1,All students,999.0,0,328
127,1992,R2,1992&#185;,3,Grade 12,SD:SD,MAT,12,MRPCM,FL,Florida,TOTAL,All students,1,All students,999.0,0,328
128,1992,R2,1992&#185;,3,Grade 12,MN:MN,MAT,12,MRPCM,GA,Georgia,TOTAL,All students,1,All students,999.0,0,328
129,1992,R2,1992&#185;,3,Grade 12,SD:SD,MAT,12,MRPCM,GA,Georgia,TOTAL,All students,1,All students,999.0,0,328
130,1992,R2,1992&#185;,3,Grade 12,MN:MN,MAT,12,MRPCM,HI,Hawaii,TOTAL,All students,1,All students,999.0,0,328
131,1992,R2,1992&#185;,3,Grade 12,SD:SD,MAT,12,MRPCM,HI,Hawaii,TOTAL,All students,1,All students,999.0,0,328
132,1992,R2,1992&#185;,3,Grade 12,MN:MN,MAT,12,MRPCM,IA,Iowa,TOTAL,All students,1,All students,999.0,0,328
133,1992,R2,1992&#185;,3,Grade 12,SD:SD,MAT,12,MRPCM,IA,Iowa,TOTAL,All students,1,All students,999.0,0,328
134,1992,R2,1992&#185;,3,Grade 12,MN:MN,MAT,12,MRPCM,ID,Idaho,TOTAL,All students,1,All students,999.0,0,328
135,1992,R2,1992&#185;,3,Grade 12,SD:SD,MAT,12,MRPCM,ID,Idaho,TOTAL,All students,1,All students,999.0,0,328
136,1992,R2,1992&#185;,3,Grade 12,MN:MN,MAT,12,MRPCM,IL,Illinois,TOTAL,All students,1,All students,999.0,0,328
137,1992,R2,1992&#185;,3,Grade 12,SD:SD,MAT,12,MRPCM,IL,Illinois,TOTAL,All students,1,All students,999.0,0,328
138,1992,R2,1992&#185;,3,Grade 12,MN:MN,MAT,12,MRPCM,IN,Indiana,TOTAL,All students,1,All students,999.0,0,328
139,1992,R2,1992&#185;,3,Grade 12,SD:SD,MAT,12,MRPCM,IN,Indiana,TOTAL,All students,1,All students,999.0,0,328
140,1992,R2,1992&#185;,3,Grade 12,MN:MN,MAT,12,MRPCM,KS,Kansas,TOTAL,All students,1,All students,999.0,0,328
141,1992,R2,1992&#185;,3,Grade 12,SD:SD,MAT,12,MRPCM,KS,Kansas,TOTAL,All students,1,All students,999.0,0,328
142,1992,R2,1992&#185;,3,Grade 12,MN:MN,MAT,12,MRPCM,KY,Kentucky,TOTAL,All students,1,All students,999.0,0,328
143,1992,R2,1992&#185;,3,Grade 12,SD:SD,MAT,12,MRPCM,KY,Kentucky,TOTAL,All students,1,All students,999.0,0,328
144,1992,R2,1992&#185;,3,Grade 12,MN:MN,MAT,12,MRPCM,LA,Louisiana,TOTAL,All students,1,All students,999.0,0,328
145,1992,R2,1992&#185;,3,Grade 12,SD:SD,MAT,12,MRPCM,LA,Louisiana,TOTAL,All students,1,All students,999.0,0,328
146,1992,R2,1992&#185;,3,Grade 12,MN:MN,MAT,12,MRPCM,MA,Massachusetts,TOTAL,All students,1,All students,999.0,0,328
147,1992,R2,1992&#185;,3,Grade 12,SD:SD,MAT,12,MRPCM,MA,Massachusetts,TOTAL,All students,1,All students,999.0,0,328
148,1992,R2,1992&#185;,3,Grade 12,MN:MN,MAT,12,MRPCM,MD,Maryland,TOTAL,All students,1,All students,999.0,0,328
149,1992,R2,1992&#185;,3,Grade 12,SD:SD,MAT,12,MRPCM,MD,Maryland,TOTAL,All students,1,All students,999.0,0,328
150,1992,R2,1992&#185;,3,Grade 12,MN:MN,MAT,12,MRPCM,ME,Maine,TOTAL,All students,1,All students,999.0,0,328
151,1992,R2,1992&#185;,3,Grade 12,SD:SD,MAT,12,MRPCM,ME,Maine,TOTAL,All students,1,All students,999.0,0,328
152,1992,R2,1992&#185;,3,Grade 12,MN:MN,MAT,12,MRPCM,MI,Michigan,TOTAL,All students,1,All students,999.0,0,328
153,1992,R2,1992&#185;,3,Grade 12,SD:SD,MAT,12,MRPCM,MI,Michigan,TOTAL,All students,1,All students,999.0,0,328
154,1992,R2,1992&#185;,3,Grade 12,MN:MN,MAT,12,MRPCM,MN,Minnesota,TOTAL,All students,1,All students,999.0,0,328
155,1992,R2,1992&#185;,3,Grade 12,SD:SD,MAT,12,MRPCM,MN,Minnesota,TOTAL,All students,1,All students,999.0,0,328
156,1992,R2,1992&#185;,3,Grade 12,MN:MN,MAT,12,MRPCM,MO,Missouri,TOTAL,All students,1,All students,999.0,0,328
157,1992,R2,1992&#185;,3,Grade 12,SD:SD,MAT,12,MRPCM,MO,Missouri,TOTAL,All students,1,All students,999.0,0,328
158,1992,R2,1992&#185;,3,Grade 12,MN:MN,MAT,12,MRPCM,MS,Mississippi,TOTAL,All students,1,All students,999.0,0,328
159,1992,R2,1992&#185;,3,Grade 12,SD:SD,MAT,12,MRPCM,MS,Mississippi,TOTAL,All students,1,All students,999.0,0,328
160,1992,R2,1992&#185;,3,Grade 12,MN:MN,MAT,12,MRPCM,MT,Montana,TOTAL,All students,1,All students,999.0,0,328
161,1992,R2,1992&#185;,3,Grade 12,SD:SD,MAT,12,MRPCM,MT,Montana,TOTAL,All students,1,All students,999.0,0,328
162,1992,R2,1992&#185;,3,Grade 12,MN:MN,MAT,12,MRPCM,NC,North Carolina,TOTAL,All students,1,All students,999.0,0,328
163,1992,R2,1992&#185;,3,Grade 12,SD:SD,MAT,12,MRPCM,NC,North Carolina,TOTAL,All students,1,All students,999.0,0,328
164,1992,R2,1992&#185;,3,Grade 12,MN:MN,MAT,12,MRPCM,ND,North Dakota,TOTAL,All students,1,All students,999.0,0,328
165,1992,R2,1992&#185;,3,Grade 12,SD:SD,MAT,12,MRPCM,ND,North Dakota,TOTAL,All students,1,All students,999.0,0,328
166,1992,R2,1992&#185;,3,Grade 12,MN:MN,MAT,12,MRPCM,NE,Nebraska,TOTAL,All students,1,All students,999.0,0,328
167,1992,R2,1992&#185;,3,Grade 12,SD:SD,MAT,12,MRPCM,NE,Nebraska,TOTAL,All students,1,All students,999.0,0,328
168,1992,R2,1992&#185;,3,Grade 12,MN:MN,MAT,12,MRPCM,NH,New Hampshire,TOTAL,All students,1,All students,999.0,0,328
169,1992,R2,1992&#185;,3,Grade 12,SD:SD,MAT,12,MRPCM,NH,New Hampshire,TOTAL,All students,1,All students,999.0,0,328
170,1992,R2,1992&#185;,3,Grade 12,MN:MN,MAT,12,MRPCM,NJ,New Jersey,TOTAL,All students,1,All students,999.0,0,328
171,1992,R2,1992&#185;,3,Grade 12,SD:SD,MAT,12,MRPCM,NJ,New Jersey,TOTAL,All students,1,All students,999.0,0,328
172,1992,R2,1992&#185;,3,Grade 12,MN:MN,MAT,12,MRPCM,NM,New Mexico,TOTAL,All students,1,All students,999.0,0,328
173,1992,R2,1992&#185;,3,Grade 12,SD:SD,MAT,12,MRPCM,NM,New Mexico,TOTAL,All students,1,All students,999.0,0,328
174,1992,R2,1992&#185;,3,Grade 12,MN:MN,MAT,12,MRPCM,NP,National public,TOTAL,All students,1,All students,297.353230510041,1,8
175,1992,R2,1992&#185;,3,Grade 12,SD:SD,MAT,12,MRPCM,NP,National public,TOTAL,All students,1,All students,33.8216409484898,1,8
176,1992,R2,1992&#185;,3,Grade 12,MN:MN,MAT,12,MRPCM,NR,National private,TOTAL,All students,1,All students,314.013734133951,1,8
177,1992,R2,1992&#185;,3,Grade 12,SD:SD,MAT,12,MRPCM,NR,National private,TOTAL,All students,1,All students,30.868492610782,1,8
178,1992,R2,1992&#185;,3,Grade 12,MN:MN,MAT,12,MRPCM,NT,National,TOTAL,All students,1,All students,299.49938386374,1,8
179,1992,R2,1992&#185;,3,Grade 12,SD:SD,MAT,12,MRPCM,NT,National,TOTAL,All students,1,All students,33.918298195509,1,8
180,1992,R2,1992&#185;,3,Grade 12,MN:MN,MAT,12,MRPCM,NV,Nevada,TOTAL,All students,1,All students,999.0,0,328
181,1992,R2,1992&#185;,3,Grade 12,SD:SD,MAT,12,MRPCM,NV,Nevada,TOTAL,All students,1,All students,999.0,0,328
182,1992,R2,1992&#185;,3,Grade 12,MN:MN,MAT,12,MRPCM,NY,New York,TOTAL,All students,1,All students,999.0,0,328
183,1992,R2,1992&#185;,3,Grade 12,SD:SD,MAT,12,MRPCM,NY,New York,TOTAL,All students,1,All students,999.0,0,328
184,1992,R2,1992&#185;,3,Grade 12,MN:MN,MAT,12,MRPCM,OH,Ohio,TOTAL,All students,1,All students,999.0,0,328
185,1992,R2,1992&#185;,3,Grade 12,SD:SD,MAT,12,MRPCM,OH,Ohio,TOTAL,All students,1,All students,999.0,0,328
186,1992,R2,1992&#185;,3,Grade 12,MN:MN,MAT,12,MRPCM,OK,Oklahoma,TOTAL,All students,1,All students,999.0,0,328
187,1992,R2,1992&#185;,3,Grade 12,SD:SD,MAT,12,MRPCM,OK,Oklahoma,TOTAL,All students,1,All students,999.0,0,328
188,1992,R2,1992&#185;,3,Grade 12,MN:MN,MAT,12,MRPCM,OR,Oregon,TOTAL,All students,1,All students,999.0,0,328
189,1992,R2,1992&#185;,3,Grade 12,SD:SD,MAT,12,MRPCM,OR,Oregon,TOTAL,All students,1,All students,999.0,0,328
190,1992,R2,1992&#185;,3,Grade 12,MN:MN,MAT,12,MRPCM,PA,Pennsylvania,TOTAL,All students,1,All students,999.0,0,328
191,1992,R2,1992&#185;,3,Grade 12,SD:SD,MAT,12,MRPCM,PA,Pennsylvania,TOTAL,All students,1,All students,999.0,0,328
192,1992,R2,1992&#185;,3,Grade 12,MN:MN,MAT,12,MRPCM,RI,Rhode Island,TOTAL,All students,1,All students,999.0,0,328
193,1992,R2,1992&#185;,3,Grade 12,SD:SD,MAT,12,MRPCM,RI,Rhode Island,TOTAL,All students,1,All students,999.0,0,328
194,1992,R2,1992&#185;,3,Grade 12,MN:MN,MAT,12,MRPCM,SC,South Carolina,TOTAL,All students,1,All students,999.0,0,328
195,1992,R2,1992&#185;,3,Grade 12,SD:SD,MAT,12,MRPCM,SC,South Carolina,TOTAL,All students,1,All students,999.0,0,328
196,1992,R2,1992&#185;,3,Grade 12,MN:MN,MAT,12,MRPCM,SD,South Dakota,TOTAL,All students,1,All students,999.0,0,328
197,1992,R2,1992&#185;,3,Grade 12,SD:SD,MAT,12,MRPCM,SD,South Dakota,TOTAL,All students,1,All students,999.0,0,328
198,1992,R2,1992&#185;,3,Grade 12,MN:MN,MAT,12,MRPCM,TN,Tennessee,TOTAL,All students,1,All students,999.0,0,328
199,1992,R2,1992&#185;,3,Grade 12,SD:SD,MAT,12,MRPCM,TN,Tennessee,TOTAL,All students,1,All students,999.0,0,328
200,1992,R2,1992&#185;,3,Grade 12,MN:MN,MAT,12,MRPCM,TX,Texas,TOTAL,All students,1,All students,999.0,0,328
201,1992,R2,1992&#185;,3,Grade 12,SD:SD,MAT,12,MRPCM,TX,Texas,TOTAL,All students,1,All students,999.0,0,328
202,1992,R2,1992&#185;,3,Grade 12,MN:MN,MAT,12,MRPCM,UT,Utah,TOTAL,All students,1,All students,999.0,0,328
203,1992,R2,1992&#185;,3,Grade 12,SD:SD,MAT,12,MRPCM,UT,Utah,TOTAL,All students,1,All students,999.0,0,328
204,1992,R2,1992&#185;,3,Grade 12,MN:MN,MAT,12,MRPCM,VA,Virginia,TOTAL,All students,1,All students,999.0,0,328
205,1992,R2,1992&#185;,3,Grade 12,SD:SD,MAT,12,MRPCM,VA,Virginia,TOTAL,All students,1,All students,999.0,0,328
206,1992,R2,1992&#185;,3,Grade 12,MN:MN,MAT,12,MRPCM,VT,Vermont,TOTAL,All students,1,All students,999.0,0,328
207,1992,R2,1992&#185;,3,Grade 12,SD:SD,MAT,12,MRPCM,VT,Vermont,TOTAL,All students,1,All students,999.0,0,328
208,1992,R2,1992&#185;,3,Grade 12,MN:MN,MAT,12,MRPCM,WA,Washington,TOTAL,All students,1,All students,999.0,0,328
209,1992,R2,1992&#185;,3,Grade 12,SD:SD,MAT,12,MRPCM,WA,Washington,TOTAL,All students,1,All students,999.0,0,328
210,1992,R2,1992&#185;,3,Grade 12,MN:MN,MAT,12,MRPCM,WI,Wisconsin,TOTAL,All students,1,All students,999.0,0,328
211,1992,R2,1992&#185;,3,Grade 12,SD:SD,MAT,12,MRPCM,WI,Wisconsin,TOTAL,All students,1,All students,999.0,0,328
212,1992,R2,1992&#185;,3,Grade 12,MN:MN,MAT,12,MRPCM,WV,West Virginia,TOTAL,All students,1,All students,999.0,0,328
213,1992,R2,1992&#185;,3,Grade 12,SD:SD,MAT,12,MRPCM,WV,West Virginia,TOTAL,All students,1,All students,999.0,0,328
214,1992,R2,1992&#185;,3,Grade 12,MN:MN,MAT,12,MRPCM,WY,Wyoming,TOTAL,All students,1,All students,999.0,0,328
215,1992,R2,1992&#185;,3,Grade 12,SD:SD,MAT,12,MRPCM,WY,Wyoming,TOTAL,All students,1,All students,999.0,0,328
216,1996,R2,1996&#185;,3,Grade 12,MN:MN,MAT,12,MRPCM,AK,Alaska,TOTAL,All students,1,All students,999.0,0,328
217,1996,R2,1996&#185;,3,Grade 12,SD:SD,MAT,12,MRPCM,AK,Alaska,TOTAL,All students,1,All students,999.0,0,328
218,1996,R2,1996&#185;,3,Grade 12,MN:MN,MAT,12,MRPCM,AL,Alabama,TOTAL,All students,1,All students,999.0,0,328
219,1996,R2,1996&#185;,3,Grade 12,SD:SD,MAT,12,MRPCM,AL,Alabama,TOTAL,All students,1,All students,999.0,0,328
220,1996,R2,1996&#185;,3,Grade 12,MN:MN,MAT,12,MRPCM,AR,Arkansas,TOTAL,All students,1,All students,999.0,0,328
221,1996,R2,1996&#185;,3,Grade 12,SD:SD,MAT,12,MRPCM,AR,Arkansas,TOTAL,All students,1,All students,999.0,0,328
222,1996,R2,1996&#185;,3,Grade 12,MN:MN,MAT,12,MRPCM,AZ,Arizona,TOTAL,All students,1,All students,999.0,0,328
223,1996,R2,1996&#185;,3,Grade 12,SD:SD,MAT,12,MRPCM,AZ,Arizona,TOTAL,All students,1,All students,999.0,0,328
224,1996,R2,1996&#185;,3,Grade 12,MN:MN,MAT,12,MRPCM,CA,California,TOTAL,All students,1,All students,999.0,0,328
225,1996,R2,1996&#185;,3,Grade 12,SD:SD,MAT,12,MRPCM,CA,California,TOTAL,All students,1,All students,999.0,0,328
226,1996,R2,1996&#185;,3,Grade 12,MN:MN,MAT,12,MRPCM,CO,Colorado,TOTAL,All students,1,All students,999.0,0,328
227,1996,R2,1996&#185;,3,Grade 12,SD:SD,MAT,12,MRPCM,CO,Colorado,TOTAL,All students,1,All students,999.0,0,328
228,1996,R2,1996&#185;,3,Grade 12,MN:MN,MAT,12,MRPCM,CT,Connecticut,TOTAL,All students,1,All students,999.0,0,328
229,1996,R2,1996&#185;,3,Grade 12,SD:SD,MAT,12,MRPCM,CT,Connecticut,TOTAL,All students,1,All students,999.0,0,328
230,1996,R2,1996&#185;,3,Grade 12,MN:MN,MAT,12,MRPCM,DC,District of Columbia,TOTAL,All students,1,All students,999.0,0,328
231,1996,R2,1996&#185;,3,Grade 12,SD:SD,MAT,12,MRPCM,DC,District of Columbia,TOTAL,All students,1,All students,999.0,0,328
232,1996,R2,1996&#185;,3,Grade 12,MN:MN,MAT,12,MRPCM,DE,Delaware,TOTAL,All students,1,All students,999.0,0,328
233,1996,R2,1996&#185;,3,Grade 12,SD:SD,MAT,12,MRPCM,DE,Delaware,TOTAL,All students,1,All students,999.0,0,328
234,1996,R2,1996&#185;,3,Grade 12,MN:MN,MAT,12,MRPCM,FL,Florida,TOTAL,All students,1,All students,999.0,0,328
235,1996,R2,1996&#185;,3,Grade 12,SD:SD,MAT,12,MRPCM,FL,Florida,TOTAL,All students,1,All students,999.0,0,328
236,1996,R2,1996&#185;,3,Grade 12,MN:MN,MAT,12,MRPCM,GA,Georgia,TOTAL,All students,1,All students,999.0,0,328
237,1996,R2,1996&#185;,3,Grade 12,SD:SD,MAT,12,MRPCM,GA,Georgia,TOTAL,All students,1,All students,999.0,0,328
238,1996,R2,1996&#185;,3,Grade 12,MN:MN,MAT,12,MRPCM,HI,Hawaii,TOTAL,All students,1,All students,999.0,0,328
239,1996,R2,1996&#185;,3,Grade 12,SD:SD,MAT,12,MRPCM,HI,Hawaii,TOTAL,All students,1,All students,999.0,0,328
240,1996,R2,1996&#185;,3,Grade 12,MN:MN,MAT,12,MRPCM,IA,Iowa,TOTAL,All students,1,All students,999.0,0,328
241,1996,R2,1996&#185;,3,Grade 12,SD:SD,MAT,12,MRPCM,IA,Iowa,TOTAL,All students,1,All students,999.0,0,328
242,1996,R2,1996&#185;,3,Grade 12,MN:MN,MAT,12,MRPCM,ID,Idaho,TOTAL,All students,1,All students,999.0,0,328
243,1996,R2,1996&#185;,3,Grade 12,SD:SD,MAT,12,MRPCM,ID,Idaho,TOTAL,All students,1,All students,999.0,0,328
244,1996,R2,1996&#185;,3,Grade 12,MN:MN,MAT,12,MRPCM,IL,Illinois,TOTAL,All students,1,All students,999.0,0,328
245,1996,R2,1996&#185;,3,Grade 12,SD:SD,MAT,12,MRPCM,IL,Illinois,TOTAL,All students,1,All students,999.0,0,328
246,1996,R2,1996&#185;,3,Grade 12,MN:MN,MAT,12,MRPCM,IN,Indiana,TOTAL,All students,1,All students,999.0,0,328
247,1996,R2,1996&#185;,3,Grade 12,SD:SD,MAT,12,MRPCM,IN,Indiana,TOTAL,All students,1,All students,999.0,0,328
248,1996,R2,1996&#185;,3,Grade 12,MN:MN,MAT,12,MRPCM,KS,Kansas,TOTAL,All students,1,All students,999.0,0,328
249,1996,R2,1996&#185;,3,Grade 12,SD:SD,MAT,12,MRPCM,KS,Kansas,TOTAL,All students,1,All students,999.0,0,328
250,1996,R2,1996&#185;,3,Grade 12,MN:MN,MAT,12,MRPCM,KY,Kentucky,TOTAL,All students,1,All students,999.0,0,328
251,1996,R2,1996&#185;,3,Grade 12,SD:SD,MAT,12,MRPCM,KY,Kentucky,TOTAL,All students,1,All students,999.0,0,328
252,1996,R2,1996&#185;,3,Grade 12,MN:MN,MAT,12,MRPCM,LA,Louisiana,TOTAL,All students,1,All students,999.0,0,328
253,1996,R2,1996&#185;,3,Grade 12,SD:SD,MAT,12,MRPCM,LA,Louisiana,TOTAL,All students,1,All students,999.0,0,328
254,1996,R2,1996&#185;,3,Grade 12,MN:MN,MAT,12,MRPCM,MA,Massachusetts,TOTAL,All students,1,All students,999.0,0,328
255,1996,R2,1996&#185;,3,Grade 12,SD:SD,MAT,12,MRPCM,MA,Massachusetts,TOTAL,All students,1,All students,999.0,0,328
256,1996,R2,1996&#185;,3,Grade 12,MN:MN,MAT,12,MRPCM,MD,Maryland,TOTAL,All students,1,All students,999.0,0,328
257,1996,R2,1996&#185;,3,Grade 12,SD:SD,MAT,12,MRPCM,MD,Maryland,TOTAL,All students,1,All students,999.0,0,328
258,1996,R2,1996&#185;,3,Grade 12,MN:MN,MAT,12,MRPCM,ME,Maine,TOTAL,All students,1,All students,999.0,0,328
259,1996,R2,1996&#185;,3,Grade 12,SD:SD,MAT,12,MRPCM,ME,Maine,TOTAL,All students,1,All students,999.0,0,328
260,1996,R2,1996&#185;,3,Grade 12,MN:MN,MAT,12,MRPCM,MI,Michigan,TOTAL,All students,1,All students,999.0,0,328
261,1996,R2,1996&#185;,3,Grade 12,SD:SD,MAT,12,MRPCM,MI,Michigan,TOTAL,All students,1,All students,999.0,0,328
262,1996,R2,1996&#185;,3,Grade 12,MN:MN,MAT,12,MRPCM,MN,Minnesota,TOTAL,All students,1,All students,999.0,0,328
263,1996,R2,1996&#185;,3,Grade 12,SD:SD,MAT,12,MRPCM,MN,Minnesota,TOTAL,All students,1,All students,999.0,0,328
264,1996,R2,1996&#185;,3,Grade 12,MN:MN,MAT,12,MRPCM,MO,Missouri,TOTAL,All students,1,All students,999.0,0,328
265,1996,R2,1996&#185;,3,Grade 12,SD:SD,MAT,12,MRPCM,MO,Missouri,TOTAL,All students,1,All students,999.0,0,328
266,1996,R2,1996&#185;,3,Grade 12,MN:MN,MAT,12,MRPCM,MS,Mississippi,TOTAL,All students,1,All students,999.0,0,328
267,1996,R2,1996&#185;,3,Grade 12,SD:SD,MAT,12,MRPCM,MS,Mississippi,TOTAL,All students,1,All students,999.0,0,328
268,1996,R2,1996&#185;,3,Grade 12,MN:MN,MAT,12,MRPCM,MT,Montana,TOTAL,All students,1,All students,999.0,0,328
269,1996,R2,1996&#185;,3,Grade 12,SD:SD,MAT,12,MRPCM,MT,Montana,TOTAL,All students,1,All students,999.0,0,328
270,1996,R2,1996&#185;,3,Grade 12,MN:MN,MAT,12,MRPCM,NC,North Carolina,TOTAL,All students,1,All students,999.0,0,328
271,1996,R2,1996&#185;,3,Grade 12,SD:SD,MAT,12,MRPCM,NC,North Carolina,TOTAL,All students,1,All students,999.0,0,328
272,1996,R2,1996&#185;,3,Grade 12,MN:MN,MAT,12,MRPCM,ND,North Dakota,TOTAL,All students,1,All students,999.0,0,328
273,1996,R2,1996&#185;,3,Grade 12,SD:SD,MAT,12,MRPCM,ND,North Dakota,TOTAL,All students,1,All students,999.0,0,328
274,1996,R2,1996&#185;,3,Grade 12,MN:MN,MAT,12,MRPCM,NE,Nebraska,TOTAL,All students,1,All students,999.0,0,328
275,1996,R2,1996&#185;,3,Grade 12,SD:SD,MAT,12,MRPCM,NE,Nebraska,TOTAL,All students,1,All students,999.0,0,328
276,1996,R2,1996&#185;,3,Grade 12,MN:MN,MAT,12,MRPCM,NH,New Hampshire,TOTAL,All students,1,All students,999.0,0,328
277,1996,R2,1996&#185;,3,Grade 12,SD:SD,MAT,12,MRPCM,NH,New Hampshire,TOTAL,All students,1,All students,999.0,0,328
278,1996,R2,1996&#185;,3,Grade 12,MN:MN,MAT,12,MRPCM,NJ,New Jersey,TOTAL,All students,1,All students,999.0,0,328
279,1996,R2,1996&#185;,3,Grade 12,SD:SD,MAT,12,MRPCM,NJ,New Jersey,TOTAL,All students,1,All students,999.0,0,328
280,1996,R2,1996&#185;,3,Grade 12,MN:MN,MAT,12,MRPCM,NM,New Mexico,TOTAL,All students,1,All students,999.0,0,328
281,1996,R2,1996&#185;,3,Grade 12,SD:SD,MAT,12,MRPCM,NM,New Mexico,TOTAL,All students,1,All students,999.0,0,328
282,1996,R2,1996&#185;,3,Grade 12,MN:MN,MAT,12,MRPCM,NP,National public,TOTAL,All students,1,All students,302.861418194892,1,8
283,1996,R2,1996&#185;,3,Grade 12,SD:SD,MAT,12,MRPCM,NP,National public,TOTAL,All students,1,All students,32.3366163982724,1,8
284,1996,R2,1996&#185;,3,Grade 12,MN:MN,MAT,12,MRPCM,NR,National private,TOTAL,All students,1,All students,314.463253823193,1,8
285,1996,R2,1996&#185;,3,Grade 12,SD:SD,MAT,12,MRPCM,NR,National private,TOTAL,All students,1,All students,28.4136902965357,1,8
286,1996,R2,1996&#185;,3,Grade 12,MN:MN,MAT,12,MRPCM,NT,National,TOTAL,All students,1,All students,304.044645157844,1,8
287,1996,R2,1996&#185;,3,Grade 12,SD:SD,MAT,12,MRPCM,NT,National,TOTAL,All students,1,All students,32.1657067717205,1,8
288,1996,R2,1996&#185;,3,Grade 12,MN:MN,MAT,12,MRPCM,NV,Nevada,TOTAL,All students,1,All students,999.0,0,328
289,1996,R2,1996&#185;,3,Grade 12,SD:SD,MAT,12,MRPCM,NV,Nevada,TOTAL,All students,1,All students,999.0,0,328
290,1996,R2,1996&#185;,3,Grade 12,MN:MN,MAT,12,MRPCM,NY,New York,TOTAL,All students,1,All students,999.0,0,328
291,1996,R2,1996&#185;,3,Grade 12,SD:SD,MAT,12,MRPCM,NY,New York,TOTAL,All students,1,All students,999.0,0,328
292,1996,R2,1996&#185;,3,Grade 12,MN:MN,MAT,12,MRPCM,OH,Ohio,TOTAL,All students,1,All students,999.0,0,328
293,1996,R2,1996&#185;,3,Grade 12,SD:SD,MAT,12,MRPCM,OH,Ohio,TOTAL,All students,1,All students,999.0,0,328
294,1996,R2,1996&#185;,3,Grade 12,MN:MN,MAT,12,MRPCM,OK,Oklahoma,TOTAL,All students,1,All students,999.0,0,328
295,1996,R2,1996&#185;,3,Grade 12,SD:SD,MAT,12,MRPCM,OK,Oklahoma,TOTAL,All students,1,All students,999.0,0,328
296,1996,R2,1996&#185;,3,Grade 12,MN:MN,MAT,12,MRPCM,OR,Oregon,TOTAL,All students,1,All students,999.0,0,328
297,1996,R2,1996&#185;,3,Grade 12,SD:SD,MAT,12,MRPCM,OR,Oregon,TOTAL,All students,1,All students,999.0,0,328
298,1996,R2,1996&#185;,3,Grade 12,MN:MN,MAT,12,MRPCM,PA,Pennsylvania,TOTAL,All students,1,All students,999.0,0,328
299,1996,R2,1996&#185;,3,Grade 12,SD:SD,MAT,12,MRPCM,PA,Pennsylvania,TOTAL,All students,1,All students,999.0,0,328
300,1996,R2,1996&#185;,3,Grade 12,MN:MN,MAT,12,MRPCM,RI,Rhode Island,TOTAL,All students,1,All students,999.0,0,328
301,1996,R2,1996&#185;,3,Grade 12,SD:SD,MAT,12,MRPCM,RI,Rhode Island,TOTAL,All students,1,All students,999.0,0,328
302,1996,R2,1996&#185;,3,Grade 12,MN:MN,MAT,12,MRPCM,SC,South Carolina,TOTAL,All students,1,All students,999.0,0,328
303,1996,R2,1996&#185;,3,Grade 12,SD:SD,MAT,12,MRPCM,SC,South Carolina,TOTAL,All students,1,All students,999.0,0,328
304,1996,R2,1996&#185;,3,Grade 12,MN:MN,MAT,12,MRPCM,SD,South Dakota,TOTAL,All students,1,All students,999.0,0,328
305,1996,R2,1996&#185;,3,Grade 12,SD:SD,MAT,12,MRPCM,SD,South Dakota,TOTAL,All students,1,All students,999.0,0,328
306,1996,R2,1996&#185;,3,Grade 12,MN:MN,MAT,12,MRPCM,TN,Tennessee,TOTAL,All students,1,All students,999.0,0,328
307,1996,R2,1996&#185;,3,Grade 12,SD:SD,MAT,12,MRPCM,TN,Tennessee,TOTAL,All students,1,All students,999.0,0,328
308,1996,R2,1996&#185;,3,Grade 12,MN:MN,MAT,12,MRPCM,TX,Texas,TOTAL,All students,1,All students,999.0,0,328
309,1996,R2,1996&#185;,3,Grade 12,SD:SD,MAT,12,MRPCM,TX,Texas,TOTAL,All students,1,All students,999.0,0,328
310,1996,R2,1996&#185;,3,Grade 12,MN:MN,MAT,12,MRPCM,UT,Utah,TOTAL,All students,1,All students,999.0,0,328
311,1996,R2,1996&#185;,3,Grade 12,SD:SD,MAT,12,MRPCM,UT,Utah,TOTAL,All students,1,All students,999.0,0,328
312,1996,R2,1996&#185;,3,Grade 12,MN:MN,MAT,12,MRPCM,VA,Virginia,TOTAL,All students,1,All students,999.0,0,328
313,1996,R2,1996&#185;,3,Grade 12,SD:SD,MAT,12,MRPCM,VA,Virginia,TOTAL,All students,1,All students,999.0,0,328
314,1996,R2,1996&#185;,3,Grade 12,MN:MN,MAT,12,MRPCM,VT,Vermont,TOTAL,All students,1,All students,999.0,0,328
315,1996,R2,1996&#185;,3,Grade 12,SD:SD,MAT,12,MRPCM,VT,Vermont,TOTAL,All students,1,All students,999.0,0,328
316,1996,R2,1996&#185;,3,Grade 12,MN:MN,MAT,12,MRPCM,WA,Washington,TOTAL,All students,1,All students,999.0,0,328
317,1996,R2,1996&#185;,3,Grade 12,SD:SD,MAT,12,MRPCM,WA,Washington,TOTAL,All students,1,All students,999.0,0,328
318,1996,R2,1996&#185;,3,Grade 12,MN:MN,MAT,12,MRPCM,WI,Wisconsin,TOTAL,All students,1,All students,999.0,0,328
319,1996,R2,1996&#185;,3,Grade 12,SD:SD,MAT,12,MRPCM,WI,Wisconsin,TOTAL,All students,1,All students,999.0,0,328
320,1996,R2,1996&#185;,3,Grade 12,MN:MN,MAT,12,MRPCM,WV,West Virginia,TOTAL,All students,1,All students,999.0,0,328
321,1996,R2,1996&#185;,3,Grade 12,SD:SD,MAT,12,MRPCM,WV,West Virginia,TOTAL,All students,1,All students,999.0,0,328
322,1996,R2,1996&#185;,3,Grade 12,MN:MN,MAT,12,MRPCM,WY,Wyoming,TOTAL,All students,1,All students,999.0,0,328
323,1996,R2,1996&#185;,3,Grade 12,SD:SD,MAT,12,MRPCM,WY,Wyoming,TOTAL,All students,1,All students,999.0,0,328
324,2000,R3,2000,3,Grade 12,MN:MN,MAT,12,MRPCM,AK,Alaska,TOTAL,All students,1,All students,999.0,0,320
325,2000,R3,2000,3,Grade 12,SD:SD,MAT,12,MRPCM,AK,Alaska,TOTAL,All students,1,All students,999.0,0,320
326,2000,R3,2000,3,Grade 12,MN:MN,MAT,12,MRPCM,AL,Alabama,TOTAL,All students,1,All students,999.0,0,320
327,2000,R3,2000,3,Grade 12,SD:SD,MAT,12,MRPCM,AL,Alabama,TOTAL,All students,1,All students,999.0,0,320
328,2000,R3,2000,3,Grade 12,MN:MN,MAT,12,MRPCM,AR,Arkansas,TOTAL,All students,1,All students,999.0,0,320
329,2000,R3,2000,3,Grade 12,SD:SD,MAT,12,MRPCM,AR,Arkansas,TOTAL,All students,1,All students,999.0,0,320
330,2000,R3,2000,3,Grade 12,MN:MN,MAT,12,MRPCM,AZ,Arizona,TOTAL,All students,1,All students,999.0,0,320
331,2000,R3,2000,3,Grade 12,SD:SD,MAT,12,MRPCM,AZ,Arizona,TOTAL,All students,1,All students,999.0,0,320
332,2000,R3,2000,3,Grade 12,MN:MN,MAT,12,MRPCM,CA,California,TOTAL,All students,1,All students,999.0,0,320
333,2000,R3,2000,3,Grade 12,SD:SD,MAT,12,MRPCM,CA,California,TOTAL,All students,1,All students,999.0,0,320
334,2000,R3,2000,3,Grade 12,MN:MN,MAT,12,MRPCM,CO,Colorado,TOTAL,All students,1,All students,999.0,0,320
335,2000,R3,2000,3,Grade 12,SD:SD,MAT,12,MRPCM,CO,Colorado,TOTAL,All students,1,All students,999.0,0,320
336,2000,R3,2000,3,Grade 12,MN:MN,MAT,12,MRPCM,CT,Connecticut,TOTAL,All students,1,All students,999.0,0,320
337,2000,R3,2000,3,Grade 12,SD:SD,MAT,12,MRPCM,CT,Connecticut,TOTAL,All students,1,All students,999.0,0,320
338,2000,R3,2000,3,Grade 12,MN:MN,MAT,12,MRPCM,DC,District of Columbia,TOTAL,All students,1,All students,999.0,0,320
339,2000,R3,2000,3,Grade 12,SD:SD,MAT,12,MRPCM,DC,District of Columbia,TOTAL,All students,1,All students,999.0,0,320
340,2000,R3,2000,3,Grade 12,MN:MN,MAT,12,MRPCM,DE,Delaware,TOTAL,All students,1,All students,999.0,0,320
341,2000,R3,2000,3,Grade 12,SD:SD,MAT,12,MRPCM,DE,Delaware,TOTAL,All students,1,All students,999.0,0,320
342,2000,R3,2000,3,Grade 12,MN:MN,MAT,12,MRPCM,FL,Florida,TOTAL,All students,1,All students,999.0,0,320
343,2000,R3,2000,3,Grade 12,SD:SD,MAT,12,MRPCM,FL,Florida,TOTAL,All students,1,All students,999.0,0,320
344,2000,R3,2000,3,Grade 12,MN:MN,MAT,12,MRPCM,GA,Georgia,TOTAL,All students,1,All students,999.0,0,320
345,2000,R3,2000,3,Grade 12,SD:SD,MAT,12,MRPCM,GA,Georgia,TOTAL,All students,1,All students,999.0,0,320
346,2000,R3,2000,3,Grade 12,MN:MN,MAT,12,MRPCM,HI,Hawaii,TOTAL,All students,1,All students,999.0,0,320
347,2000,R3,2000,3,Grade 12,SD:SD,MAT,12,MRPCM,HI,Hawaii,TOTAL,All students,1,All students,999.0,0,320
348,2000,R3,2000,3,Grade 12,MN:MN,MAT,12,MRPCM,IA,Iowa,TOTAL,All students,1,All students,999.0,0,320
349,2000,R3,2000,3,Grade 12,SD:SD,MAT,12,MRPCM,IA,Iowa,TOTAL,All students,1,All students,999.0,0,320
350,2000,R3,2000,3,Grade 12,MN:MN,MAT,12,MRPCM,ID,Idaho,TOTAL,All students,1,All students,999.0,0,320
351,2000,R3,2000,3,Grade 12,SD:SD,MAT,12,MRPCM,ID,Idaho,TOTAL,All students,1,All students,999.0,0,320
352,2000,R3,2000,3,Grade 12,MN:MN,MAT,12,MRPCM,IL,Illinois,TOTAL,All students,1,All students,999.0,0,320
353,2000,R3,2000,3,Grade 12,SD:SD,MAT,12,MRPCM,IL,Illinois,TOTAL,All students,1,All students,999.0,0,320
354,2000,R3,2000,3,Grade 12,MN:MN,MAT,12,MRPCM,IN,Indiana,TOTAL,All students,1,All students,999.0,0,320
355,2000,R3,2000,3,Grade 12,SD:SD,MAT,12,MRPCM,IN,Indiana,TOTAL,All students,1,All students,999.0,0,320
356,2000,R3,2000,3,Grade 12,MN:MN,MAT,12,MRPCM,KS,Kansas,TOTAL,All students,1,All students,999.0,0,320
357,2000,R3,2000,3,Grade 12,SD:SD,MAT,12,MRPCM,KS,Kansas,TOTAL,All students,1,All students,999.0,0,320
358,2000,R3,2000,3,Grade 12,MN:MN,MAT,12,MRPCM,KY,Kentucky,TOTAL,All students,1,All students,999.0,0,320
359,2000,R3,2000,3,Grade 12,SD:SD,MAT,12,MRPCM,KY,Kentucky,TOTAL,All students,1,All students,999.0,0,320
360,2000,R3,2000,3,Grade 12,MN:MN,MAT,12,MRPCM,LA,Louisiana,TOTAL,All students,1,All students,999.0,0,320
361,2000,R3,2000,3,Grade 12,SD:SD,MAT,12,MRPCM,LA,Louisiana,TOTAL,All students,1,All students,999.0,0,320
362,2000,R3,2000,3,Grade 12,MN:MN,MAT,12,MRPCM,MA,Massachusetts,TOTAL,All students,1,All students,999.0,0,320
363,2000,R3,2000,3,Grade 12,SD:SD,MAT,12,MRPCM,MA,Massachusetts,TOTAL,All students,1,All students,999.0,0,320
364,2000,R3,2000,3,Grade 12,MN:MN,MAT,12,MRPCM,MD,Maryland,TOTAL,All students,1,All students,999.0,0,320
365,2000,R3,2000,3,Grade 12,SD:SD,MAT,12,MRPCM,MD,Maryland,TOTAL,All students,1,All students,999.0,0,320
366,2000,R3,2000,3,Grade 12,MN:MN,MAT,12,MRPCM,ME,Maine,TOTAL,All students,1,All students,999.0,0,320
367,2000,R3,2000,3,Grade 12,SD:SD,MAT,12,MRPCM,ME,Maine,TOTAL,All students,1,All students,999.0,0,320
368,2000,R3,2000,3,Grade 12,MN:MN,MAT,12,MRPCM,MI,Michigan,TOTAL,All students,1,All students,999.0,0,320
369,2000,R3,2000,3,Grade 12,SD:SD,MAT,12,MRPCM,MI,Michigan,TOTAL,All students,1,All students,999.0,0,320
370,2000,R3,2000,3,Grade 12,MN:MN,MAT,12,MRPCM,MN,Minnesota,TOTAL,All students,1,All students,999.0,0,320
371,2000,R3,2000,3,Grade 12,SD:SD,MAT,12,MRPCM,MN,Minnesota,TOTAL,All students,1,All students,999.0,0,320
372,2000,R3,2000,3,Grade 12,MN:MN,MAT,12,MRPCM,MO,Missouri,TOTAL,All students,1,All students,999.0,0,320
373,2000,R3,2000,3,Grade 12,SD:SD,MAT,12,MRPCM,MO,Missouri,TOTAL,All students,1,All students,999.0,0,320
374,2000,R3,2000,3,Grade 12,MN:MN,MAT,12,MRPCM,MS,Mississippi,TOTAL,All students,1,All students,999.0,0,320
375,2000,R3,2000,3,Grade 12,SD:SD,MAT,12,MRPCM,MS,Mississippi,TOTAL,All students,1,All students,999.0,0,320
376,2000,R3,2000,3,Grade 12,MN:MN,MAT,12,MRPCM,MT,Montana,TOTAL,All students,1,All students,999.0,0,320
377,2000,R3,2000,3,Grade 12,SD:SD,MAT,12,MRPCM,MT,Montana,TOTAL,All students,1,All students,999.0,0,320
378,2000,R3,2000,3,Grade 12,MN:MN,MAT,12,MRPCM,NC,North Carolina,TOTAL,All students,1,All students,999.0,0,320
379,2000,R3,2000,3,Grade 12,SD:SD,MAT,12,MRPCM,NC,North Carolina,TOTAL,All students,1,All students,999.0,0,320
380,2000,R3,2000,3,Grade 12,MN:MN,MAT,12,MRPCM,ND,North Dakota,TOTAL,All students,1,All students,999.0,0,320
381,2000,R3,2000,3,Grade 12,SD:SD,MAT,12,MRPCM,ND,North Dakota,TOTAL,All students,1,All students,999.0,0,320
382,2000,R3,2000,3,Grade 12,MN:MN,MAT,12,MRPCM,NE,Nebraska,TOTAL,All students,1,All students,999.0,0,320
383,2000,R3,2000,3,Grade 12,SD:SD,MAT,12,MRPCM,NE,Nebraska,TOTAL,All students,1,All students,999.0,0,320
384,2000,R3,2000,3,Grade 12,MN:MN,MAT,12,MRPCM,NH,New Hampshire,TOTAL,All students,1,All students,999.0,0,320
385,2000,R3,2000,3,Grade 12,SD:SD,MAT,12,MRPCM,NH,New Hampshire,TOTAL,All students,1,All students,999.0,0,320
386,2000,R3,2000,3,Grade 12,MN:MN,MAT,12,MRPCM,NJ,New Jersey,TOTAL,All students,1,All students,999.0,0,320
387,2000,R3,2000,3,Grade 12,SD:SD,MAT,12,MRPCM,NJ,New Jersey,TOTAL,All students,1,All students,999.0,0,320
388,2000,R3,2000,3,Grade 12,MN:MN,MAT,12,MRPCM,NM,New Mexico,TOTAL,All students,1,All students,999.0,0,320
389,2000,R3,2000,3,Grade 12,SD:SD,MAT,12,MRPCM,NM,New Mexico,TOTAL,All students,1,All students,999.0,0,320
390,2000,R3,2000,3,Grade 12,MN:MN,MAT,12,MRPCM,NP,National public,TOTAL,All students,1,All students,298.793175012275,1,0
391,2000,R3,2000,3,Grade 12,SD:SD,MAT,12,MRPCM,NP,National public,TOTAL,All students,1,All students,35.7604527441644,1,0
392,2000,R3,2000,3,Grade 12,MN:MN,MAT,12,MRPCM,NR,National private,TOTAL,All students,1,All students,314.813040144679,1,0
393,2000,R3,2000,3,Grade 12,SD:SD,MAT,12,MRPCM,NR,National private,TOTAL,All students,1,All students,31.1537460349984,1,0
394,2000,R3,2000,3,Grade 12,MN:MN,MAT,12,MRPCM,NT,National,TOTAL,All students,1,All students,300.209653007699,1,0
395,2000,R3,2000,3,Grade 12,SD:SD,MAT,12,MRPCM,NT,National,TOTAL,All students,1,All students,35.668564337458,1,0
396,2000,R3,2000,3,Grade 12,MN:MN,MAT,12,MRPCM,NV,Nevada,TOTAL,All students,1,All students,999.0,0,320
397,2000,R3,2000,3,Grade 12,SD:SD,MAT,12,MRPCM,NV,Nevada,TOTAL,All students,1,All students,999.0,0,320
398,2000,R3,2000,3,Grade 12,MN:MN,MAT,12,MRPCM,NY,New York,TOTAL,All students,1,All students,999.0,0,320
399,2000,R3,2000,3,Grade 12,SD:SD,MAT,12,MRPCM,NY,New York,TOTAL,All students,1,All students,999.0,0,320
400,2000,R3,2000,3,Grade 12,MN:MN,MAT,12,MRPCM,OH,Ohio,TOTAL,All students,1,All students,999.0,0,320
401,2000,R3,2000,3,Grade 12,SD:SD,MAT,12,MRPCM,OH,Ohio,TOTAL,All students,1,All students,999.0,0,320
402,2000,R3,2000,3,Grade 12,MN:MN,MAT,12,MRPCM,OK,Oklahoma,TOTAL,All students,1,All students,999.0,0,320
403,2000,R3,2000,3,Grade 12,SD:SD,MAT,12,MRPCM,OK,Oklahoma,TOTAL,All students,1,All students,999.0,0,320
404,2000,R3,2000,3,Grade 12,MN:MN,MAT,12,MRPCM,OR,Oregon,TOTAL,All students,1,All students,999.0,0,320
405,2000,R3,2000,3,Grade 12,SD:SD,MAT,12,MRPCM,OR,Oregon,TOTAL,All students,1,All students,999.0,0,320
406,2000,R3,2000,3,Grade 12,MN:MN,MAT,12,MRPCM,PA,Pennsylvania,TOTAL,All students,1,All students,999.0,0,320
407,2000,R3,2000,3,Grade 12,SD:SD,MAT,12,MRPCM,PA,Pennsylvania,TOTAL,All students,1,All students,999.0,0,320
408,2000,R3,2000,3,Grade 12,MN:MN,MAT,12,MRPCM,RI,Rhode Island,TOTAL,All students,1,All students,999.0,0,320
409,2000,R3,2000,3,Grade 12,SD:SD,MAT,12,MRPCM,RI,Rhode Island,TOTAL,All students,1,All students,999.0,0,320
410,2000,R3,2000,3,Grade 12,MN:MN,MAT,12,MRPCM,SC,South Carolina,TOTAL,All students,1,All students,999.0,0,320
411,2000,R3,2000,3,Grade 12,SD:SD,MAT,12,MRPCM,SC,South Carolina,TOTAL,All students,1,All students,999.0,0,320
412,2000,R3,2000,3,Grade 12,MN:MN,MAT,12,MRPCM,SD,South Dakota,TOTAL,All students,1,All students,999.0,0,320
413,2000,R3,2000,3,Grade 12,SD:SD,MAT,12,MRPCM,SD,South Dakota,TOTAL,All students,1,All students,999.0,0,320
414,2000,R3,2000,3,Grade 12,MN:MN,MAT,12,MRPCM,TN,Tennessee,TOTAL,All students,1,All students,999.0,0,320
415,2000,R3,2000,3,Grade 12,SD:SD,MAT,12,MRPCM,TN,Tennessee,TOTAL,All students,1,All students,999.0,0,320
416,2000,R3,2000,3,Grade 12,MN:MN,MAT,12,MRPCM,TX,Texas,TOTAL,All students,1,All students,999.0,0,320
417,2000,R3,2000,3,Grade 12,SD:SD,MAT,12,MRPCM,TX,Texas,TOTAL,All students,1,All students,999.0,0,320
418,2000,R3,2000,3,Grade 12,MN:MN,MAT,12,MRPCM,UT,Utah,TOTAL,All students,1,All students,999.0,0,320
419,2000,R3,2000,3,Grade 12,SD:SD,MAT,12,MRPCM,UT,Utah,TOTAL,All students,1,All students,999.0,0,320
420,2000,R3,2000,3,Grade 12,MN:MN,MAT,12,MRPCM,VA,Virginia,TOTAL,All students,1,All students,999.0,0,320
421,2000,R3,2000,3,Grade 12,SD:SD,MAT,12,MRPCM,VA,Virginia,TOTAL,All students,1,All students,999.0,0,320
422,2000,R3,2000,3,Grade 12,MN:MN,MAT,12,MRPCM,VT,Vermont,TOTAL,All students,1,All students,999.0,0,320
423,2000,R3,2000,3,Grade 12,SD:SD,MAT,12,MRPCM,VT,Vermont,TOTAL,All students,1,All students,999.0,0,320
424,2000,R3,2000,3,Grade 12,MN:MN,MAT,12,MRPCM,WA,Washington,TOTAL,All students,1,All students,999.0,0,320
425,2000,R3,2000,3,Grade 12,SD:SD,MAT,12,MRPCM,WA,Washington,TOTAL,All students,1,All students,999.0,0,320
426,2000,R3,2000,3,Grade 12,MN:MN,MAT,12,MRPCM,WI,Wisconsin,TOTAL,All students,1,All students,999.0,0,320
427,2000,R3,2000,3,Grade 12,SD:SD,MAT,12,MRPCM,WI,Wisconsin,TOTAL,All students,1,All students,999.0,0,320
428,2000,R3,2000,3,Grade 12,MN:MN,MAT,12,MRPCM,WV,West Virginia,TOTAL,All students,1,All students,999.0,0,320
429,2000,R3,2000,3,Grade 12,SD:SD,MAT,12,MRPCM,WV,West Virginia,TOTAL,All students,1,All students,999.0,0,320
430,2000,R3,2000,3,Grade 12,MN:MN,MAT,12,MRPCM,WY,Wyoming,TOTAL,All students,1,All students,999.0,0,320
431,2000,R3,2000,3,Grade 12,SD:SD,MAT,12,MRPCM,WY,Wyoming,TOTAL,All students,1,All students,999.0,0,320
0,2005,R3,2005,3,Grade 12,MN:MN,MAT,12,MWPCM,AK,Alaska,TOTAL,All students,1,All students,999.0,0,320
1,2005,R3,2005,3,Grade 12,SD:SD,MAT,12,MWPCM,AK,Alaska,TOTAL,All students,1,All students,999.0,0,320
2,2005,R3,2005,3,Grade 12,MN:MN,MAT,12,MWPCM,AL,Alabama,TOTAL,All students,1,All students,999.0,0,320
3,2005,R3,2005,3,Grade 12,SD:SD,MAT,12,MWPCM,AL,Alabama,TOTAL,All students,1,All students,999.0,0,320
4,2005,R3,2005,3,Grade 12,MN:MN,MAT,12,MWPCM,AR,Arkansas,TOTAL,All students,1,All students,999.0,0,320
5,2005,R3,2005,3,Grade 12,SD:SD,MAT,12,MWPCM,AR,Arkansas,TOTAL,All students,1,All students,999.0,0,320
6,2005,R3,2005,3,Grade 12,MN:MN,MAT,12,MWPCM,AZ,Arizona,TOTAL,All students,1,All students,999.0,0,320
7,2005,R3,2005,3,Grade 12,SD:SD,MAT,12,MWPCM,AZ,Arizona,TOTAL,All students,1,All students,999.0,0,320
8,2005,R3,2005,3,Grade 12,MN:MN,MAT,12,MWPCM,CA,California,TOTAL,All students,1,All students,999.0,0,320
9,2005,R3,2005,3,Grade 12,SD:SD,MAT,12,MWPCM,CA,California,TOTAL,All students,1,All students,999.0,0,320
10,2005,R3,2005,3,Grade 12,MN:MN,MAT,12,MWPCM,CO,Colorado,TOTAL,All students,1,All students,999.0,0,320
11,2005,R3,2005,3,Grade 12,SD:SD,MAT,12,MWPCM,CO,Colorado,TOTAL,All students,1,All students,999.0,0,320
12,2005,R3,2005,3,Grade 12,MN:MN,MAT,12,MWPCM,CT,Connecticut,TOTAL,All students,1,All students,999.0,0,320
13,2005,R3,2005,3,Grade 12,SD:SD,MAT,12,MWPCM,CT,Connecticut,TOTAL,All students,1,All students,999.0,0,320
14,2005,R3,2005,3,Grade 12,MN:MN,MAT,12,MWPCM,DC,District of Columbia,TOTAL,All students,1,All students,999.0,0,320
15,2005,R3,2005,3,Grade 12,SD:SD,MAT,12,MWPCM,DC,District of Columbia,TOTAL,All students,1,All students,999.0,0,320
16,2005,R3,2005,3,Grade 12,MN:MN,MAT,12,MWPCM,DE,Delaware,TOTAL,All students,1,All students,999.0,0,320
17,2005,R3,2005,3,Grade 12,SD:SD,MAT,12,MWPCM,DE,Delaware,TOTAL,All students,1,All students,999.0,0,320
18,2005,R3,2005,3,Grade 12,MN:MN,MAT,12,MWPCM,FL,Florida,TOTAL,All students,1,All students,999.0,0,320
19,2005,R3,2005,3,Grade 12,SD:SD,MAT,12,MWPCM,FL,Florida,TOTAL,All students,1,All students,999.0,0,320
20,2005,R3,2005,3,Grade 12,MN:MN,MAT,12,MWPCM,GA,Georgia,TOTAL,All students,1,All students,999.0,0,320
21,2005,R3,2005,3,Grade 12,SD:SD,MAT,12,MWPCM,GA,Georgia,TOTAL,All students,1,All students,999.0,0,320
22,2005,R3,2005,3,Grade 12,MN:MN,MAT,12,MWPCM,HI,Hawaii,TOTAL,All students,1,All students,999.0,0,320
23,2005,R3,2005,3,Grade 12,SD:SD,MAT,12,MWPCM,HI,Hawaii,TOTAL,All students,1,All students,999.0,0,320
24,2005,R3,2005,3,Grade 12,MN:MN,MAT,12,MWPCM,IA,Iowa,TOTAL,All students,1,All students,999.0,0,320
25,2005,R3,2005,3,Grade 12,SD:SD,MAT,12,MWPCM,IA,Iowa,TOTAL,All students,1,All students,999.0,0,320
26,2005,R3,2005,3,Grade 12,MN:MN,MAT,12,MWPCM,ID,Idaho,TOTAL,All students,1,All students,999.0,0,320
27,2005,R3,2005,3,Grade 12,SD:SD,MAT,12,MWPCM,ID,Idaho,TOTAL,All students,1,All students,999.0,0,320
28,2005,R3,2005,3,Grade 12,MN:MN,MAT,12,MWPCM,IL,Illinois,TOTAL,All students,1,All students,999.0,0,320
29,2005,R3,2005,3,Grade 12,SD:SD,MAT,12,MWPCM,IL,Illinois,TOTAL,All students,1,All students,999.0,0,320
30,2005,R3,2005,3,Grade 12,MN:MN,MAT,12,MWPCM,IN,Indiana,TOTAL,All students,1,All students,999.0,0,320
31,2005,R3,2005,3,Grade 12,SD:SD,MAT,12,MWPCM,IN,Indiana,TOTAL,All students,1,All students,999.0,0,320
32,2005,R3,2005,3,Grade 12,MN:MN,MAT,12,MWPCM,KS,Kansas,TOTAL,All students,1,All students,999.0,0,320
33,2005,R3,2005,3,Grade 12,SD:SD,MAT,12,MWPCM,KS,Kansas,TOTAL,All students,1,All students,999.0,0,320
34,2005,R3,2005,3,Grade 12,MN:MN,MAT,12,MWPCM,KY,Kentucky,TOTAL,All students,1,All students,999.0,0,320
35,2005,R3,2005,3,Grade 12,SD:SD,MAT,12,MWPCM,KY,Kentucky,TOTAL,All students,1,All students,999.0,0,320
36,2005,R3,2005,3,Grade 12,MN:MN,MAT,12,MWPCM,LA,Louisiana,TOTAL,All students,1,All students,999.0,0,320
37,2005,R3,2005,3,Grade 12,SD:SD,MAT,12,MWPCM,LA,Louisiana,TOTAL,All students,1,All students,999.0,0,320
38,2005,R3,2005,3,Grade 12,MN:MN,MAT,12,MWPCM,MA,Massachusetts,TOTAL,All students,1,All students,999.0,0,320
39,2005,R3,2005,3,Grade 12,SD:SD,MAT,12,MWPCM,MA,Massachusetts,TOTAL,All students,1,All students,999.0,0,320
40,2005,R3,2005,3,Grade 12,MN:MN,MAT,12,MWPCM,MD,Maryland,TOTAL,All students,1,All students,999.0,0,320
41,2005,R3,2005,3,Grade 12,SD:SD,MAT,12,MWPCM,MD,Maryland,TOTAL,All students,1,All students,999.0,0,320
42,2005,R3,2005,3,Grade 12,MN:MN,MAT,12,MWPCM,ME,Maine,TOTAL,All students,1,All students,999.0,0,320
43,2005,R3,2005,3,Grade 12,SD:SD,MAT,12,MWPCM,ME,Maine,TOTAL,All students,1,All students,999.0,0,320
44,2005,R3,2005,3,Grade 12,MN:MN,MAT,12,MWPCM,MI,Michigan,TOTAL,All students,1,All students,999.0,0,320
45,2005,R3,2005,3,Grade 12,SD:SD,MAT,12,MWPCM,MI,Michigan,TOTAL,All students,1,All students,999.0,0,320
46,2005,R3,2005,3,Grade 12,MN:MN,MAT,12,MWPCM,MN,Minnesota,TOTAL,All students,1,All students,999.0,0,320
47,2005,R3,2005,3,Grade 12,SD:SD,MAT,12,MWPCM,MN,Minnesota,TOTAL,All students,1,All students,999.0,0,320
48,2005,R3,2005,3,Grade 12,MN:MN,MAT,12,MWPCM,MO,Missouri,TOTAL,All students,1,All students,999.0,0,320
49,2005,R3,2005,3,Grade 12,SD:SD,MAT,12,MWPCM,MO,Missouri,TOTAL,All students,1,All students,999.0,0,320
50,2005,R3,2005,3,Grade 12,MN:MN,MAT,12,MWPCM,MS,Mississippi,TOTAL,All students,1,All students,999.0,0,320
51,2005,R3,2005,3,Grade 12,SD:SD,MAT,12,MWPCM,MS,Mississippi,TOTAL,All students,1,All students,999.0,0,320
52,2005,R3,2005,3,Grade 12,MN:MN,MAT,12,MWPCM,MT,Montana,TOTAL,All students,1,All students,999.0,0,320
53,2005,R3,2005,3,Grade 12,SD:SD,MAT,12,MWPCM,MT,Montana,TOTAL,All students,1,All students,999.0,0,320
54,2005,R3,2005,3,Grade 12,MN:MN,MAT,12,MWPCM,NC,North Carolina,TOTAL,All students,1,All students,999.0,0,320
55,2005,R3,2005,3,Grade 12,SD:SD,MAT,12,MWPCM,NC,North Carolina,TOTAL,All students,1,All students,999.0,0,320
56,2005,R3,2005,3,Grade 12,MN:MN,MAT,12,MWPCM,ND,North Dakota,TOTAL,All students,1,All students,999.0,0,320
57,2005,R3,2005,3,Grade 12,SD:SD,MAT,12,MWPCM,ND,North Dakota,TOTAL,All students,1,All students,999.0,0,320
58,2005,R3,2005,3,Grade 12,MN:MN,MAT,12,MWPCM,NE,Nebraska,TOTAL,All students,1,All students,999.0,0,320
59,2005,R3,2005,3,Grade 12,SD:SD,MAT,12,MWPCM,NE,Nebraska,TOTAL,All students,1,All students,999.0,0,320
60,2005,R3,2005,3,Grade 12,MN:MN,MAT,12,MWPCM,NH,New Hampshire,TOTAL,All students,1,All students,999.0,0,320
61,2005,R3,2005,3,Grade 12,SD:SD,MAT,12,MWPCM,NH,New Hampshire,TOTAL,All students,1,All students,999.0,0,320
62,2005,R3,2005,3,Grade 12,MN:MN,MAT,12,MWPCM,NJ,New Jersey,TOTAL,All students,1,All students,999.0,0,320
63,2005,R3,2005,3,Grade 12,SD:SD,MAT,12,MWPCM,NJ,New Jersey,TOTAL,All students,1,All students,999.0,0,320
64,2005,R3,2005,3,Grade 12,MN:MN,MAT,12,MWPCM,NM,New Mexico,TOTAL,All students,1,All students,999.0,0,320
65,2005,R3,2005,3,Grade 12,SD:SD,MAT,12,MWPCM,NM,New Mexico,TOTAL,All students,1,All students,999.0,0,320
66,2005,R3,2005,3,Grade 12,MN:MN,MAT,12,MWPCM,NP,National public,TOTAL,All students,1,All students,148.550552418938,1,0
67,2005,R3,2005,3,Grade 12,SD:SD,MAT,12,MWPCM,NP,National public,TOTAL,All students,1,All students,33.8716849344342,1,0
68,2005,R3,2005,3,Grade 12,MN:MN,MAT,12,MWPCM,NR,National private,TOTAL,All students,1,All students,999.0,0,288
69,2005,R3,2005,3,Grade 12,SD:SD,MAT,12,MWPCM,NR,National private,TOTAL,All students,1,All students,999.0,0,288
70,2005,R3,2005,3,Grade 12,MN:MN,MAT,12,MWPCM,NT,National,TOTAL,All students,1,All students,150.000213805812,1,0
71,2005,R3,2005,3,Grade 12,SD:SD,MAT,12,MWPCM,NT,National,TOTAL,All students,1,All students,33.9491978430726,1,0
72,2005,R3,2005,3,Grade 12,MN:MN,MAT,12,MWPCM,NV,Nevada,TOTAL,All students,1,All students,999.0,0,320
73,2005,R3,2005,3,Grade 12,SD:SD,MAT,12,MWPCM,NV,Nevada,TOTAL,All students,1,All students,999.0,0,320
74,2005,R3,2005,3,Grade 12,MN:MN,MAT,12,MWPCM,NY,New York,TOTAL,All students,1,All students,999.0,0,320
75,2005,R3,2005,3,Grade 12,SD:SD,MAT,12,MWPCM,NY,New York,TOTAL,All students,1,All students,999.0,0,320
76,2005,R3,2005,3,Grade 12,MN:MN,MAT,12,MWPCM,OH,Ohio,TOTAL,All students,1,All students,999.0,0,320
77,2005,R3,2005,3,Grade 12,SD:SD,MAT,12,MWPCM,OH,Ohio,TOTAL,All students,1,All students,999.0,0,320
78,2005,R3,2005,3,Grade 12,MN:MN,MAT,12,MWPCM,OK,Oklahoma,TOTAL,All students,1,All students,999.0,0,320
79,2005,R3,2005,3,Grade 12,SD:SD,MAT,12,MWPCM,OK,Oklahoma,TOTAL,All students,1,All students,999.0,0,320
80,2005,R3,2005,3,Grade 12,MN:MN,MAT,12,MWPCM,OR,Oregon,TOTAL,All students,1,All students,999.0,0,320
81,2005,R3,2005,3,Grade 12,SD:SD,MAT,12,MWPCM,OR,Oregon,TOTAL,All students,1,All students,999.0,0,320
82,2005,R3,2005,3,Grade 12,MN:MN,MAT,12,MWPCM,PA,Pennsylvania,TOTAL,All students,1,All students,999.0,0,320
83,2005,R3,2005,3,Grade 12,SD:SD,MAT,12,MWPCM,PA,Pennsylvania,TOTAL,All students,1,All students,999.0,0,320
84,2005,R3,2005,3,Grade 12,MN:MN,MAT,12,MWPCM,RI,Rhode Island,TOTAL,All students,1,All students,999.0,0,320
85,2005,R3,2005,3,Grade 12,SD:SD,MAT,12,MWPCM,RI,Rhode Island,TOTAL,All students,1,All students,999.0,0,320
86,2005,R3,2005,3,Grade 12,MN:MN,MAT,12,MWPCM,SC,South Carolina,TOTAL,All students,1,All students,999.0,0,320
87,2005,R3,2005,3,Grade 12,SD:SD,MAT,12,MWPCM,SC,South Carolina,TOTAL,All students,1,All students,999.0,0,320
88,2005,R3,2005,3,Grade 12,MN:MN,MAT,12,MWPCM,SD,South Dakota,TOTAL,All students,1,All students,999.0,0,320
89,2005,R3,2005,3,Grade 12,SD:SD,MAT,12,MWPCM,SD,South Dakota,TOTAL,All students,1,All students,999.0,0,320
90,2005,R3,2005,3,Grade 12,MN:MN,MAT,12,MWPCM,TN,Tennessee,TOTAL,All students,1,All students,999.0,0,320
91,2005,R3,2005,3,Grade 12,SD:SD,MAT,12,MWPCM,TN,Tennessee,TOTAL,All students,1,All students,999.0,0,320
92,2005,R3,2005,3,Grade 12,MN:MN,MAT,12,MWPCM,TX,Texas,TOTAL,All students,1,All students,999.0,0,320
93,2005,R3,2005,3,Grade 12,SD:SD,MAT,12,MWPCM,TX,Texas,TOTAL,All students,1,All students,999.0,0,320
94,2005,R3,2005,3,Grade 12,MN:MN,MAT,12,MWPCM,UT,Utah,TOTAL,All students,1,All students,999.0,0,320
95,2005,R3,2005,3,Grade 12,SD:SD,MAT,12,MWPCM,UT,Utah,TOTAL,All students,1,All students,999.0,0,320
96,2005,R3,2005,3,Grade 12,MN:MN,MAT,12,MWPCM,VA,Virginia,TOTAL,All students,1,All students,999.0,0,320
97,2005,R3,2005,3,Grade 12,SD:SD,MAT,12,MWPCM,VA,Virginia,TOTAL,All students,1,All students,999.0,0,320
98,2005,R3,2005,3,Grade 12,MN:MN,MAT,12,MWPCM,VT,Vermont,TOTAL,All students,1,All students,999.0,0,320
99,2005,R3,2005,3,Grade 12,SD:SD,MAT,12,MWPCM,VT,Vermont,TOTAL,All students,1,All students,999.0,0,320
100,2005,R3,2005,3,Grade 12,MN:MN,MAT,12,MWPCM,WA,Washington,TOTAL,All students,1,All students,999.0,0,320
101,2005,R3,2005,3,Grade 12,SD:SD,MAT,12,MWPCM,WA,Washington,TOTAL,All students,1,All students,999.0,0,320
102,2005,R3,2005,3,Grade 12,MN:MN,MAT,12,MWPCM,WI,Wisconsin,TOTAL,All students,1,All students,999.0,0,320
103,2005,R3,2005,3,Grade 12,SD:SD,MAT,12,MWPCM,WI,Wisconsin,TOTAL,All students,1,All students,999.0,0,320
104,2005,R3,2005,3,Grade 12,MN:MN,MAT,12,MWPCM,WV,West Virginia,TOTAL,All students,1,All students,999.0,0,320
105,2005,R3,2005,3,Grade 12,SD:SD,MAT,12,MWPCM,WV,West Virginia,TOTAL,All students,1,All students,999.0,0,320
106,2005,R3,2005,3,Grade 12,MN:MN,MAT,12,MWPCM,WY,Wyoming,TOTAL,All students,1,All students,999.0,0,320
107,2005,R3,2005,3,Grade 12,SD:SD,MAT,12,MWPCM,WY,Wyoming,TOTAL,All students,1,All students,999.0,0,320
108,2009,R3,2009,3,Grade 12,MN:MN,MAT,12,MWPCM,AK,Alaska,TOTAL,All students,1,All students,999.0,0,320
109,2009,R3,2009,3,Grade 12,SD:SD,MAT,12,MWPCM,AK,Alaska,TOTAL,All students,1,All students,999.0,0,320
110,2009,R3,2009,3,Grade 12,MN:MN,MAT,12,MWPCM,AL,Alabama,TOTAL,All students,1,All students,999.0,0,320
111,2009,R3,2009,3,Grade 12,SD:SD,MAT,12,MWPCM,AL,Alabama,TOTAL,All students,1,All students,999.0,0,320
112,2009,R3,2009,3,Grade 12,MN:MN,MAT,12,MWPCM,AR,Arkansas,TOTAL,All students,1,All students,145.799368882096,1,0
113,2009,R3,2009,3,Grade 12,SD:SD,MAT,12,MWPCM,AR,Arkansas,TOTAL,All students,1,All students,30.2388168377713,1,0
114,2009,R3,2009,3,Grade 12,MN:MN,MAT,12,MWPCM,AZ,Arizona,TOTAL,All students,1,All students,999.0,0,320
115,2009,R3,2009,3,Grade 12,SD:SD,MAT,12,MWPCM,AZ,Arizona,TOTAL,All students,1,All students,999.0,0,320
116,2009,R3,2009,3,Grade 12,MN:MN,MAT,12,MWPCM,CA,California,TOTAL,All students,1,All students,999.0,0,320
117,2009,R3,2009,3,Grade 12,SD:SD,MAT,12,MWPCM,CA,California,TOTAL,All students,1,All students,999.0,0,320
118,2009,R3,2009,3,Grade 12,MN:MN,MAT,12,MWPCM,CO,Colorado,TOTAL,All students,1,All students,999.0,0,320
119,2009,R3,2009,3,Grade 12,SD:SD,MAT,12,MWPCM,CO,Colorado,TOTAL,All students,1,All students,999.0,0,320
120,2009,R3,2009,3,Grade 12,MN:MN,MAT,12,MWPCM,CT,Connecticut,TOTAL,All students,1,All students,156.448414973267,1,0
121,2009,R3,2009,3,Grade 12,SD:SD,MAT,12,MWPCM,CT,Connecticut,TOTAL,All students,1,All students,33.672295494211,1,0
122,2009,R3,2009,3,Grade 12,MN:MN,MAT,12,MWPCM,DC,District of Columbia,TOTAL,All students,1,All students,999.0,0,320
123,2009,R3,2009,3,Grade 12,SD:SD,MAT,12,MWPCM,DC,District of Columbia,TOTAL,All students,1,All students,999.0,0,320
124,2009,R3,2009,3,Grade 12,MN:MN,MAT,12,MWPCM,DE,Delaware,TOTAL,All students,1,All students,999.0,0,320
125,2009,R3,2009,3,Grade 12,SD:SD,MAT,12,MWPCM,DE,Delaware,TOTAL,All students,1,All students,999.0,0,320
126,2009,R3,2009,3,Grade 12,MN:MN,MAT,12,MWPCM,FL,Florida,TOTAL,All students,1,All students,148.068236737563,1,0
127,2009,R3,2009,3,Grade 12,SD:SD,MAT,12,MWPCM,FL,Florida,TOTAL,All students,1,All students,30.6717155902047,1,0
128,2009,R3,2009,3,Grade 12,MN:MN,MAT,12,MWPCM,GA,Georgia,TOTAL,All students,1,All students,999.0,0,320
129,2009,R3,2009,3,Grade 12,SD:SD,MAT,12,MWPCM,GA,Georgia,TOTAL,All students,1,All students,999.0,0,320
130,2009,R3,2009,3,Grade 12,MN:MN,MAT,12,MWPCM,HI,Hawaii,TOTAL,All students,1,All students,999.0,0,320
131,2009,R3,2009,3,Grade 12,SD:SD,MAT,12,MWPCM,HI,Hawaii,TOTAL,All students,1,All students,999.0,0,320
132,2009,R3,2009,3,Grade 12,MN:MN,MAT,12,MWPCM,IA,Iowa,TOTAL,All students,1,All students,156.219752919633,1,0
133,2009,R3,2009,3,Grade 12,SD:SD,MAT,12,MWPCM,IA,Iowa,TOTAL,All students,1,All students,28.6491653446879,1,0
134,2009,R3,2009,3,Grade 12,MN:MN,MAT,12,MWPCM,ID,Idaho,TOTAL,All students,1,All students,152.539585498173,1,0
135,2009,R3,2009,3,Grade 12,SD:SD,MAT,12,MWPCM,ID,Idaho,TOTAL,All students,1,All students,30.519350769322,1,0
136,2009,R3,2009,3,Grade 12,MN:MN,MAT,12,MWPCM,IL,Illinois,TOTAL,All students,1,All students,154.182582916769,1,0
137,2009,R3,2009,3,Grade 12,SD:SD,MAT,12,MWPCM,IL,Illinois,TOTAL,All students,1,All students,32.5019463634152,1,0
138,2009,R3,2009,3,Grade 12,MN:MN,MAT,12,MWPCM,IN,Indiana,TOTAL,All students,1,All students,999.0,0,320
139,2009,R3,2009,3,Grade 12,SD:SD,MAT,12,MWPCM,IN,Indiana,TOTAL,All students,1,All students,999.0,0,320
140,2009,R3,2009,3,Grade 12,MN:MN,MAT,12,MWPCM,KS,Kansas,TOTAL,All students,1,All students,999.0,0,320
141,2009,R3,2009,3,Grade 12,SD:SD,MAT,12,MWPCM,KS,Kansas,TOTAL,All students,1,All students,999.0,0,320
142,2009,R3,2009,3,Grade 12,MN:MN,MAT,12,MWPCM,KY,Kentucky,TOTAL,All students,1,All students,999.0,0,320
143,2009,R3,2009,3,Grade 12,SD:SD,MAT,12,MWPCM,KY,Kentucky,TOTAL,All students,1,All students,999.0,0,320
144,2009,R3,2009,3,Grade 12,MN:MN,MAT,12,MWPCM,LA,Louisiana,TOTAL,All students,1,All students,999.0,0,320
145,2009,R3,2009,3,Grade 12,SD:SD,MAT,12,MWPCM,LA,Louisiana,TOTAL,All students,1,All students,999.0,0,320
146,2009,R3,2009,3,Grade 12,MN:MN,MAT,12,MWPCM,MA,Massachusetts,TOTAL,All students,1,All students,162.65448333744,1,0
147,2009,R3,2009,3,Grade 12,SD:SD,MAT,12,MWPCM,MA,Massachusetts,TOTAL,All students,1,All students,33.4322848671228,1,0
148,2009,R3,2009,3,Grade 12,MN:MN,MAT,12,MWPCM,MD,Maryland,TOTAL,All students,1,All students,999.0,0,320
149,2009,R3,2009,3,Grade 12,SD:SD,MAT,12,MWPCM,MD,Maryland,TOTAL,All students,1,All students,999.0,0,320
150,2009,R3,2009,3,Grade 12,MN:MN,MAT,12,MWPCM,ME,Maine,TOTAL,All students,1,All students,999.0,0,320
151,2009,R3,2009,3,Grade 12,SD:SD,MAT,12,MWPCM,ME,Maine,TOTAL,All students,1,All students,999.0,0,320
152,2009,R3,2009,3,Grade 12,MN:MN,MAT,12,MWPCM,MI,Michigan,TOTAL,All students,1,All students,999.0,0,320
153,2009,R3,2009,3,Grade 12,SD:SD,MAT,12,MWPCM,MI,Michigan,TOTAL,All students,1,All students,999.0,0,320
154,2009,R3,2009,3,Grade 12,MN:MN,MAT,12,MWPCM,MN,Minnesota,TOTAL,All students,1,All students,999.0,0,320
155,2009,R3,2009,3,Grade 12,SD:SD,MAT,12,MWPCM,MN,Minnesota,TOTAL,All students,1,All students,999.0,0,320
156,2009,R3,2009,3,Grade 12,MN:MN,MAT,12,MWPCM,MO,Missouri,TOTAL,All students,1,All students,999.0,0,320
157,2009,R3,2009,3,Grade 12,SD:SD,MAT,12,MWPCM,MO,Missouri,TOTAL,All students,1,All students,999.0,0,320
158,2009,R3,2009,3,Grade 12,MN:MN,MAT,12,MWPCM,MS,Mississippi,TOTAL,All students,1,All students,999.0,0,320
159,2009,R3,2009,3,Grade 12,SD:SD,MAT,12,MWPCM,MS,Mississippi,TOTAL,All students,1,All students,999.0,0,320
160,2009,R3,2009,3,Grade 12,MN:MN,MAT,12,MWPCM,MT,Montana,TOTAL,All students,1,All students,999.0,0,320
161,2009,R3,2009,3,Grade 12,SD:SD,MAT,12,MWPCM,MT,Montana,TOTAL,All students,1,All students,999.0,0,320
162,2009,R3,2009,3,Grade 12,MN:MN,MAT,12,MWPCM,NC,North Carolina,TOTAL,All students,1,All students,999.0,0,320
163,2009,R3,2009,3,Grade 12,SD:SD,MAT,12,MWPCM,NC,North Carolina,TOTAL,All students,1,All students,999.0,0,320
164,2009,R3,2009,3,Grade 12,MN:MN,MAT,12,MWPCM,ND,North Dakota,TOTAL,All students,1,All students,999.0,0,320
165,2009,R3,2009,3,Grade 12,SD:SD,MAT,12,MWPCM,ND,North Dakota,TOTAL,All students,1,All students,999.0,0,320
166,2009,R3,2009,3,Grade 12,MN:MN,MAT,12,MWPCM,NE,Nebraska,TOTAL,All students,1,All students,999.0,0,320
167,2009,R3,2009,3,Grade 12,SD:SD,MAT,12,MWPCM,NE,Nebraska,TOTAL,All students,1,All students,999.0,0,320
168,2009,R3,2009,3,Grade 12,MN:MN,MAT,12,MWPCM,NH,New Hampshire,TOTAL,All students,1,All students,160.433782333954,1,0
169,2009,R3,2009,3,Grade 12,SD:SD,MAT,12,MWPCM,NH,New Hampshire,TOTAL,All students,1,All students,31.8341824450593,1,0
170,2009,R3,2009,3,Grade 12,MN:MN,MAT,12,MWPCM,NJ,New Jersey,TOTAL,All students,1,All students,156.349495844494,1,0
171,2009,R3,2009,3,Grade 12,SD:SD,MAT,12,MWPCM,NJ,New Jersey,TOTAL,All students,1,All students,35.2844270114756,1,0
172,2009,R3,2009,3,Grade 12,MN:MN,MAT,12,MWPCM,NM,New Mexico,TOTAL,All students,1,All students,999.0,0,320
173,2009,R3,2009,3,Grade 12,SD:SD,MAT,12,MWPCM,NM,New Mexico,TOTAL,All students,1,All students,999.0,0,320
174,2009,R3,2009,3,Grade 12,MN:MN,MAT,12,MWPCM,NP,National public,TOTAL,All students,1,All students,152.302943686907,1,0
175,2009,R3,2009,3,Grade 12,SD:SD,MAT,12,MWPCM,NP,National public,TOTAL,All students,1,All students,33.7164499895419,1,0
176,2009,R3,2009,3,Grade 12,MN:MN,MAT,12,MWPCM,NR,National private,TOTAL,All students,1,All students,999.0,0,288
177,2009,R3,2009,3,Grade 12,SD:SD,MAT,12,MWPCM,NR,National private,TOTAL,All students,1,All students,999.0,0,288
178,2009,R3,2009,3,Grade 12,MN:MN,MAT,12,MWPCM,NT,National,TOTAL,All students,1,All students,153.30517440721,1,0
179,2009,R3,2009,3,Grade 12,SD:SD,MAT,12,MWPCM,NT,National,TOTAL,All students,1,All students,33.7468994853685,1,0
180,2009,R3,2009,3,Grade 12,MN:MN,MAT,12,MWPCM,NV,Nevada,TOTAL,All students,1,All students,999.0,0,320
181,2009,R3,2009,3,Grade 12,SD:SD,MAT,12,MWPCM,NV,Nevada,TOTAL,All students,1,All students,999.0,0,320
182,2009,R3,2009,3,Grade 12,MN:MN,MAT,12,MWPCM,NY,New York,TOTAL,All students,1,All students,999.0,0,320
183,2009,R3,2009,3,Grade 12,SD:SD,MAT,12,MWPCM,NY,New York,TOTAL,All students,1,All students,999.0,0,320
184,2009,R3,2009,3,Grade 12,MN:MN,MAT,12,MWPCM,OH,Ohio,TOTAL,All students,1,All students,999.0,0,320
185,2009,R3,2009,3,Grade 12,SD:SD,MAT,12,MWPCM,OH,Ohio,TOTAL,All students,1,All students,999.0,0,320
186,2009,R3,2009,3,Grade 12,MN:MN,MAT,12,MWPCM,OK,Oklahoma,TOTAL,All students,1,All students,999.0,0,320
187,2009,R3,2009,3,Grade 12,SD:SD,MAT,12,MWPCM,OK,Oklahoma,TOTAL,All students,1,All students,999.0,0,320
188,2009,R3,2009,3,Grade 12,MN:MN,MAT,12,MWPCM,OR,Oregon,TOTAL,All students,1,All students,999.0,0,320
189,2009,R3,2009,3,Grade 12,SD:SD,MAT,12,MWPCM,OR,Oregon,TOTAL,All students,1,All students,999.0,0,320
190,2009,R3,2009,3,Grade 12,MN:MN,MAT,12,MWPCM,PA,Pennsylvania,TOTAL,All students,1,All students,999.0,0,320
191,2009,R3,2009,3,Grade 12,SD:SD,MAT,12,MWPCM,PA,Pennsylvania,TOTAL,All students,1,All students,999.0,0,320
192,2009,R3,2009,3,Grade 12,MN:MN,MAT,12,MWPCM,RI,Rhode Island,TOTAL,All students,1,All students,999.0,0,320
193,2009,R3,2009,3,Grade 12,SD:SD,MAT,12,MWPCM,RI,Rhode Island,TOTAL,All students,1,All students,999.0,0,320
194,2009,R3,2009,3,Grade 12,MN:MN,MAT,12,MWPCM,SC,South Carolina,TOTAL,All students,1,All students,999.0,0,320
195,2009,R3,2009,3,Grade 12,SD:SD,MAT,12,MWPCM,SC,South Carolina,TOTAL,All students,1,All students,999.0,0,320
196,2009,R3,2009,3,Grade 12,MN:MN,MAT,12,MWPCM,SD,South Dakota,TOTAL,All students,1,All students,159.706214230429,1,0
197,2009,R3,2009,3,Grade 12,SD:SD,MAT,12,MWPCM,SD,South Dakota,TOTAL,All students,1,All students,26.9410079670308,1,0
198,2009,R3,2009,3,Grade 12,MN:MN,MAT,12,MWPCM,TN,Tennessee,TOTAL,All students,1,All students,999.0,0,320
199,2009,R3,2009,3,Grade 12,SD:SD,MAT,12,MWPCM,TN,Tennessee,TOTAL,All students,1,All students,999.0,0,320
200,2009,R3,2009,3,Grade 12,MN:MN,MAT,12,MWPCM,TX,Texas,TOTAL,All students,1,All students,999.0,0,320
201,2009,R3,2009,3,Grade 12,SD:SD,MAT,12,MWPCM,TX,Texas,TOTAL,All students,1,All students,999.0,0,320
202,2009,R3,2009,3,Grade 12,MN:MN,MAT,12,MWPCM,UT,Utah,TOTAL,All students,1,All students,999.0,0,320
203,2009,R3,2009,3,Grade 12,SD:SD,MAT,12,MWPCM,UT,Utah,TOTAL,All students,1,All students,999.0,0,320
204,2009,R3,2009,3,Grade 12,MN:MN,MAT,12,MWPCM,VA,Virginia,TOTAL,All students,1,All students,999.0,0,320
205,2009,R3,2009,3,Grade 12,SD:SD,MAT,12,MWPCM,VA,Virginia,TOTAL,All students,1,All students,999.0,0,320
206,2009,R3,2009,3,Grade 12,MN:MN,MAT,12,MWPCM,VT,Vermont,TOTAL,All students,1,All students,999.0,0,320
207,2009,R3,2009,3,Grade 12,SD:SD,MAT,12,MWPCM,VT,Vermont,TOTAL,All students,1,All students,999.0,0,320
208,2009,R3,2009,3,Grade 12,MN:MN,MAT,12,MWPCM,WA,Washington,TOTAL,All students,1,All students,999.0,0,320
209,2009,R3,2009,3,Grade 12,SD:SD,MAT,12,MWPCM,WA,Washington,TOTAL,All students,1,All students,999.0,0,320
210,2009,R3,2009,3,Grade 12,MN:MN,MAT,12,MWPCM,WI,Wisconsin,TOTAL,All students,1,All students,999.0,0,320
211,2009,R3,2009,3,Grade 12,SD:SD,MAT,12,MWPCM,WI,Wisconsin,TOTAL,All students,1,All students,999.0,0,320
212,2009,R3,2009,3,Grade 12,MN:MN,MAT,12,MWPCM,WV,West Virginia,TOTAL,All students,1,All students,141.387908154937,1,0
213,2009,R3,2009,3,Grade 12,SD:SD,MAT,12,MWPCM,WV,West Virginia,TOTAL,All students,1,All students,31.5681374399907,1,0
214,2009,R3,2009,3,Grade 12,MN:MN,MAT,12,MWPCM,WY,Wyoming,TOTAL,All students,1,All students,999.0,0,320
215,2009,R3,2009,3,Grade 12,SD:SD,MAT,12,MWPCM,WY,Wyoming,TOTAL,All students,1,All students,999.0,0,320
216,2013,R3,2013,3,Grade 12,MN:MN,MAT,12,MWPCM,AK,Alaska,TOTAL,All students,1,All students,999.0,0,320
217,2013,R3,2013,3,Grade 12,SD:SD,MAT,12,MWPCM,AK,Alaska,TOTAL,All students,1,All students,999.0,0,320
218,2013,R3,2013,3,Grade 12,MN:MN,MAT,12,MWPCM,AL,Alabama,TOTAL,All students,1,All students,999.0,0,320
219,2013,R3,2013,3,Grade 12,SD:SD,MAT,12,MWPCM,AL,Alabama,TOTAL,All students,1,All students,999.0,0,320
220,2013,R3,2013,3,Grade 12,MN:MN,MAT,12,MWPCM,AR,Arkansas,TOTAL,All students,1,All students,149.695151495917,1,0
221,2013,R3,2013,3,Grade 12,SD:SD,MAT,12,MWPCM,AR,Arkansas,TOTAL,All students,1,All students,28.6497891109792,1,0
222,2013,R3,2013,3,Grade 12,MN:MN,MAT,12,MWPCM,AZ,Arizona,TOTAL,All students,1,All students,999.0,0,320
223,2013,R3,2013,3,Grade 12,SD:SD,MAT,12,MWPCM,AZ,Arizona,TOTAL,All students,1,All students,999.0,0,320
224,2013,R3,2013,3,Grade 12,MN:MN,MAT,12,MWPCM,CA,California,TOTAL,All students,1,All students,999.0,0,320
225,2013,R3,2013,3,Grade 12,SD:SD,MAT,12,MWPCM,CA,California,TOTAL,All students,1,All students,999.0,0,320
226,2013,R3,2013,3,Grade 12,MN:MN,MAT,12,MWPCM,CO,Colorado,TOTAL,All students,1,All students,999.0,0,320
227,2013,R3,2013,3,Grade 12,SD:SD,MAT,12,MWPCM,CO,Colorado,TOTAL,All students,1,All students,999.0,0,320
228,2013,R3,2013,3,Grade 12,MN:MN,MAT,12,MWPCM,CT,Connecticut,TOTAL,All students,1,All students,160.305384927436,1,0
229,2013,R3,2013,3,Grade 12,SD:SD,MAT,12,MWPCM,CT,Connecticut,TOTAL,All students,1,All students,33.2845624330771,1,0
230,2013,R3,2013,3,Grade 12,MN:MN,MAT,12,MWPCM,DC,District of Columbia,TOTAL,All students,1,All students,999.0,0,320
231,2013,R3,2013,3,Grade 12,SD:SD,MAT,12,MWPCM,DC,District of Columbia,TOTAL,All students,1,All students,999.0,0,320
232,2013,R3,2013,3,Grade 12,MN:MN,MAT,12,MWPCM,DE,Delaware,TOTAL,All students,1,All students,999.0,0,320
233,2013,R3,2013,3,Grade 12,SD:SD,MAT,12,MWPCM,DE,Delaware,TOTAL,All students,1,All students,999.0,0,320
234,2013,R3,2013,3,Grade 12,MN:MN,MAT,12,MWPCM,FL,Florida,TOTAL,All students,1,All students,148.56572924071,1,0
235,2013,R3,2013,3,Grade 12,SD:SD,MAT,12,MWPCM,FL,Florida,TOTAL,All students,1,All students,31.7061581786576,1,0
236,2013,R3,2013,3,Grade 12,MN:MN,MAT,12,MWPCM,GA,Georgia,TOTAL,All students,1,All students,999.0,0,320
237,2013,R3,2013,3,Grade 12,SD:SD,MAT,12,MWPCM,GA,Georgia,TOTAL,All students,1,All students,999.0,0,320
238,2013,R3,2013,3,Grade 12,MN:MN,MAT,12,MWPCM,HI,Hawaii,TOTAL,All students,1,All students,999.0,0,320
239,2013,R3,2013,3,Grade 12,SD:SD,MAT,12,MWPCM,HI,Hawaii,TOTAL,All students,1,All students,999.0,0,320
240,2013,R3,2013,3,Grade 12,MN:MN,MAT,12,MWPCM,IA,Iowa,TOTAL,All students,1,All students,155.898720875767,1,0
241,2013,R3,2013,3,Grade 12,SD:SD,MAT,12,MWPCM,IA,Iowa,TOTAL,All students,1,All students,30.2578966822858,1,0
242,2013,R3,2013,3,Grade 12,MN:MN,MAT,12,MWPCM,ID,Idaho,TOTAL,All students,1,All students,155.514526959776,1,0
243,2013,R3,2013,3,Grade 12,SD:SD,MAT,12,MWPCM,ID,Idaho,TOTAL,All students,1,All students,29.3936338013822,1,0
244,2013,R3,2013,3,Grade 12,MN:MN,MAT,12,MWPCM,IL,Illinois,TOTAL,All students,1,All students,153.898270969417,1,0
245,2013,R3,2013,3,Grade 12,SD:SD,MAT,12,MWPCM,IL,Illinois,TOTAL,All students,1,All students,34.6160629967167,1,0
246,2013,R3,2013,3,Grade 12,MN:MN,MAT,12,MWPCM,IN,Indiana,TOTAL,All students,1,All students,999.0,0,320
247,2013,R3,2013,3,Grade 12,SD:SD,MAT,12,MWPCM,IN,Indiana,TOTAL,All students,1,All students,999.0,0,320
248,2013,R3,2013,3,Grade 12,MN:MN,MAT,12,MWPCM,KS,Kansas,TOTAL,All students,1,All students,999.0,0,320
249,2013,R3,2013,3,Grade 12,SD:SD,MAT,12,MWPCM,KS,Kansas,TOTAL,All students,1,All students,999.0,0,320
250,2013,R3,2013,3,Grade 12,MN:MN,MAT,12,MWPCM,KY,Kentucky,TOTAL,All students,1,All students,999.0,0,320
251,2013,R3,2013,3,Grade 12,SD:SD,MAT,12,MWPCM,KY,Kentucky,TOTAL,All students,1,All students,999.0,0,320
252,2013,R3,2013,3,Grade 12,MN:MN,MAT,12,MWPCM,LA,Louisiana,TOTAL,All students,1,All students,999.0,0,320
253,2013,R3,2013,3,Grade 12,SD:SD,MAT,12,MWPCM,LA,Louisiana,TOTAL,All students,1,All students,999.0,0,320
254,2013,R3,2013,3,Grade 12,MN:MN,MAT,12,MWPCM,MA,Massachusetts,TOTAL,All students,1,All students,161.111427045616,1,0
255,2013,R3,2013,3,Grade 12,SD:SD,MAT,12,MWPCM,MA,Massachusetts,TOTAL,All students,1,All students,32.9721973038484,1,0
256,2013,R3,2013,3,Grade 12,MN:MN,MAT,12,MWPCM,MD,Maryland,TOTAL,All students,1,All students,999.0,0,320
257,2013,R3,2013,3,Grade 12,SD:SD,MAT,12,MWPCM,MD,Maryland,TOTAL,All students,1,All students,999.0,0,320
258,2013,R3,2013,3,Grade 12,MN:MN,MAT,12,MWPCM,ME,Maine,TOTAL,All students,1,All students,999.0,0,320
259,2013,R3,2013,3,Grade 12,SD:SD,MAT,12,MWPCM,ME,Maine,TOTAL,All students,1,All students,999.0,0,320
260,2013,R3,2013,3,Grade 12,MN:MN,MAT,12,MWPCM,MI,Michigan,TOTAL,All students,1,All students,153.979312822453,1,0
261,2013,R3,2013,3,Grade 12,SD:SD,MAT,12,MWPCM,MI,Michigan,TOTAL,All students,1,All students,31.3448969182666,1,0
262,2013,R3,2013,3,Grade 12,MN:MN,MAT,12,MWPCM,MN,Minnesota,TOTAL,All students,1,All students,999.0,0,320
263,2013,R3,2013,3,Grade 12,SD:SD,MAT,12,MWPCM,MN,Minnesota,TOTAL,All students,1,All students,999.0,0,320
264,2013,R3,2013,3,Grade 12,MN:MN,MAT,12,MWPCM,MO,Missouri,TOTAL,All students,1,All students,999.0,0,320
265,2013,R3,2013,3,Grade 12,SD:SD,MAT,12,MWPCM,MO,Missouri,TOTAL,All students,1,All students,999.0,0,320
266,2013,R3,2013,3,Grade 12,MN:MN,MAT,12,MWPCM,MS,Mississippi,TOTAL,All students,1,All students,999.0,0,320
267,2013,R3,2013,3,Grade 12,SD:SD,MAT,12,MWPCM,MS,Mississippi,TOTAL,All students,1,All students,999.0,0,320
268,2013,R3,2013,3,Grade 12,MN:MN,MAT,12,MWPCM,MT,Montana,TOTAL,All students,1,All students,999.0,0,320
269,2013,R3,2013,3,Grade 12,SD:SD,MAT,12,MWPCM,MT,Montana,TOTAL,All students,1,All students,999.0,0,320
270,2013,R3,2013,3,Grade 12,MN:MN,MAT,12,MWPCM,NC,North Carolina,TOTAL,All students,1,All students,999.0,0,320
271,2013,R3,2013,3,Grade 12,SD:SD,MAT,12,MWPCM,NC,North Carolina,TOTAL,All students,1,All students,999.0,0,320
272,2013,R3,2013,3,Grade 12,MN:MN,MAT,12,MWPCM,ND,North Dakota,TOTAL,All students,1,All students,999.0,0,320
273,2013,R3,2013,3,Grade 12,SD:SD,MAT,12,MWPCM,ND,North Dakota,TOTAL,All students,1,All students,999.0,0,320
274,2013,R3,2013,3,Grade 12,MN:MN,MAT,12,MWPCM,NE,Nebraska,TOTAL,All students,1,All students,999.0,0,320
275,2013,R3,2013,3,Grade 12,SD:SD,MAT,12,MWPCM,NE,Nebraska,TOTAL,All students,1,All students,999.0,0,320
276,2013,R3,2013,3,Grade 12,MN:MN,MAT,12,MWPCM,NH,New Hampshire,TOTAL,All students,1,All students,160.561105856736,1,0
277,2013,R3,2013,3,Grade 12,SD:SD,MAT,12,MWPCM,NH,New Hampshire,TOTAL,All students,1,All students,31.6167108032005,1,0
278,2013,R3,2013,3,Grade 12,MN:MN,MAT,12,MWPCM,NJ,New Jersey,TOTAL,All students,1,All students,159.258655060511,1,0
279,2013,R3,2013,3,Grade 12,SD:SD,MAT,12,MWPCM,NJ,New Jersey,TOTAL,All students,1,All students,33.8421229264705,1,0
280,2013,R3,2013,3,Grade 12,MN:MN,MAT,12,MWPCM,NM,New Mexico,TOTAL,All students,1,All students,999.0,0,320
281,2013,R3,2013,3,Grade 12,SD:SD,MAT,12,MWPCM,NM,New Mexico,TOTAL,All students,1,All students,999.0,0,320
282,2013,R3,2013,3,Grade 12,MN:MN,MAT,12,MWPCM,NP,National public,TOTAL,All students,1,All students,152.421721856576,1,0
283,2013,R3,2013,3,Grade 12,SD:SD,MAT,12,MWPCM,NP,National public,TOTAL,All students,1,All students,33.5306335832997,1,0
284,2013,R3,2013,3,Grade 12,MN:MN,MAT,12,MWPCM,NR,National private,TOTAL,All students,1,All students,999.0,0,288
285,2013,R3,2013,3,Grade 12,SD:SD,MAT,12,MWPCM,NR,National private,TOTAL,All students,1,All students,999.0,0,288
286,2013,R3,2013,3,Grade 12,MN:MN,MAT,12,MWPCM,NT,National,TOTAL,All students,1,All students,153.46296273079,1,0
287,2013,R3,2013,3,Grade 12,SD:SD,MAT,12,MWPCM,NT,National,TOTAL,All students,1,All students,33.4968797387382,1,0
288,2013,R3,2013,3,Grade 12,MN:MN,MAT,12,MWPCM,NV,Nevada,TOTAL,All students,1,All students,999.0,0,320
289,2013,R3,2013,3,Grade 12,SD:SD,MAT,12,MWPCM,NV,Nevada,TOTAL,All students,1,All students,999.0,0,320
290,2013,R3,2013,3,Grade 12,MN:MN,MAT,12,MWPCM,NY,New York,TOTAL,All students,1,All students,999.0,0,320
291,2013,R3,2013,3,Grade 12,SD:SD,MAT,12,MWPCM,NY,New York,TOTAL,All students,1,All students,999.0,0,320
292,2013,R3,2013,3,Grade 12,MN:MN,MAT,12,MWPCM,OH,Ohio,TOTAL,All students,1,All students,999.0,0,320
293,2013,R3,2013,3,Grade 12,SD:SD,MAT,12,MWPCM,OH,Ohio,TOTAL,All students,1,All students,999.0,0,320
294,2013,R3,2013,3,Grade 12,MN:MN,MAT,12,MWPCM,OK,Oklahoma,TOTAL,All students,1,All students,999.0,0,320
295,2013,R3,2013,3,Grade 12,SD:SD,MAT,12,MWPCM,OK,Oklahoma,TOTAL,All students,1,All students,999.0,0,320
296,2013,R3,2013,3,Grade 12,MN:MN,MAT,12,MWPCM,OR,Oregon,TOTAL,All students,1,All students,999.0,0,320
297,2013,R3,2013,3,Grade 12,SD:SD,MAT,12,MWPCM,OR,Oregon,TOTAL,All students,1,All students,999.0,0,320
298,2013,R3,2013,3,Grade 12,MN:MN,MAT,12,MWPCM,PA,Pennsylvania,TOTAL,All students,1,All students,999.0,0,320
299,2013,R3,2013,3,Grade 12,SD:SD,MAT,12,MWPCM,PA,Pennsylvania,TOTAL,All students,1,All students,999.0,0,320
300,2013,R3,2013,3,Grade 12,MN:MN,MAT,12,MWPCM,RI,Rhode Island,TOTAL,All students,1,All students,999.0,0,320
301,2013,R3,2013,3,Grade 12,SD:SD,MAT,12,MWPCM,RI,Rhode Island,TOTAL,All students,1,All students,999.0,0,320
302,2013,R3,2013,3,Grade 12,MN:MN,MAT,12,MWPCM,SC,South Carolina,TOTAL,All students,1,All students,999.0,0,320
303,2013,R3,2013,3,Grade 12,SD:SD,MAT,12,MWPCM,SC,South Carolina,TOTAL,All students,1,All students,999.0,0,320
304,2013,R3,2013,3,Grade 12,MN:MN,MAT,12,MWPCM,SD,South Dakota,TOTAL,All students,1,All students,159.484992542643,1,0
305,2013,R3,2013,3,Grade 12,SD:SD,MAT,12,MWPCM,SD,South Dakota,TOTAL,All students,1,All students,27.1073117576178,1,0
306,2013,R3,2013,3,Grade 12,MN:MN,MAT,12,MWPCM,TN,Tennessee,TOTAL,All students,1,All students,144.948573226142,1,0
307,2013,R3,2013,3,Grade 12,SD:SD,MAT,12,MWPCM,TN,Tennessee,TOTAL,All students,1,All students,32.2551759694184,1,0
308,2013,R3,2013,3,Grade 12,MN:MN,MAT,12,MWPCM,TX,Texas,TOTAL,All students,1,All students,999.0,0,320
309,2013,R3,2013,3,Grade 12,SD:SD,MAT,12,MWPCM,TX,Texas,TOTAL,All students,1,All students,999.0,0,320
310,2013,R3,2013,3,Grade 12,MN:MN,MAT,12,MWPCM,UT,Utah,TOTAL,All students,1,All students,999.0,0,320
311,2013,R3,2013,3,Grade 12,SD:SD,MAT,12,MWPCM,UT,Utah,TOTAL,All students,1,All students,999.0,0,320
312,2013,R3,2013,3,Grade 12,MN:MN,MAT,12,MWPCM,VA,Virginia,TOTAL,All students,1,All students,999.0,0,320
313,2013,R3,2013,3,Grade 12,SD:SD,MAT,12,MWPCM,VA,Virginia,TOTAL,All students,1,All students,999.0,0,320
314,2013,R3,2013,3,Grade 12,MN:MN,MAT,12,MWPCM,VT,Vermont,TOTAL,All students,1,All students,999.0,0,320
315,2013,R3,2013,3,Grade 12,SD:SD,MAT,12,MWPCM,VT,Vermont,TOTAL,All students,1,All students,999.0,0,320
316,2013,R3,2013,3,Grade 12,MN:MN,MAT,12,MWPCM,WA,Washington,TOTAL,All students,1,All students,999.0,0,320
317,2013,R3,2013,3,Grade 12,SD:SD,MAT,12,MWPCM,WA,Washington,TOTAL,All students,1,All students,999.0,0,320
318,2013,R3,2013,3,Grade 12,MN:MN,MAT,12,MWPCM,WI,Wisconsin,TOTAL,All students,1,All students,999.0,0,320
319,2013,R3,2013,3,Grade 12,SD:SD,MAT,12,MWPCM,WI,Wisconsin,TOTAL,All students,1,All students,999.0,0,320
320,2013,R3,2013,3,Grade 12,MN:MN,MAT,12,MWPCM,WV,West Virginia,TOTAL,All students,1,All students,144.59123909074,1,0
321,2013,R3,2013,3,Grade 12,SD:SD,MAT,12,MWPCM,WV,West Virginia,TOTAL,All students,1,All students,29.146157833285,1,0
322,2013,R3,2013,3,Grade 12,MN:MN,MAT,12,MWPCM,WY,Wyoming,TOTAL,All students,1,All students,999.0,0,320
323,2013,R3,2013,3,Grade 12,SD:SD,MAT,12,MWPCM,WY,Wyoming,TOTAL,All students,1,All students,999.0,0,320
324,2015,R3,2015,3,Grade 12,MN:MN,MAT,12,MWPCM,AK,Alaska,TOTAL,All students,1,All students,999.0,0,320
325,2015,R3,2015,3,Grade 12,SD:SD,MAT,12,MWPCM,AK,Alaska,TOTAL,All students,1,All students,999.0,0,320
326,2015,R3,2015,3,Grade 12,MN:MN,MAT,12,MWPCM,AL,Alabama,TOTAL,All students,1,All students,999.0,0,320
327,2015,R3,2015,3,Grade 12,SD:SD,MAT,12,MWPCM,AL,Alabama,TOTAL,All students,1,All students,999.0,0,320
328,2015,R3,2015,3,Grade 12,MN:MN,MAT,12,MWPCM,AR,Arkansas,TOTAL,All students,1,All students,999.0,0,320
329,2015,R3,2015,3,Grade 12,SD:SD,MAT,12,MWPCM,AR,Arkansas,TOTAL,All students,1,All students,999.0,0,320
330,2015,R3,2015,3,Grade 12,MN:MN,MAT,12,MWPCM,AZ,Arizona,TOTAL,All students,1,All students,999.0,0,320
331,2015,R3,2015,3,Grade 12,SD:SD,MAT,12,MWPCM,AZ,Arizona,TOTAL,All students,1,All students,999.0,0,320
332,2015,R3,2015,3,Grade 12,MN:MN,MAT,12,MWPCM,CA,California,TOTAL,All students,1,All students,999.0,0,320
333,2015,R3,2015,3,Grade 12,SD:SD,MAT,12,MWPCM,CA,California,TOTAL,All students,1,All students,999.0,0,320
334,2015,R3,2015,3,Grade 12,MN:MN,MAT,12,MWPCM,CO,Colorado,TOTAL,All students,1,All students,999.0,0,320
335,2015,R3,2015,3,Grade 12,SD:SD,MAT,12,MWPCM,CO,Colorado,TOTAL,All students,1,All students,999.0,0,320
336,2015,R3,2015,3,Grade 12,MN:MN,MAT,12,MWPCM,CT,Connecticut,TOTAL,All students,1,All students,999.0,0,320
337,2015,R3,2015,3,Grade 12,SD:SD,MAT,12,MWPCM,CT,Connecticut,TOTAL,All students,1,All students,999.0,0,320
338,2015,R3,2015,3,Grade 12,MN:MN,MAT,12,MWPCM,DC,District of Columbia,TOTAL,All students,1,All students,999.0,0,320
339,2015,R3,2015,3,Grade 12,SD:SD,MAT,12,MWPCM,DC,District of Columbia,TOTAL,All students,1,All students,999.0,0,320
340,2015,R3,2015,3,Grade 12,MN:MN,MAT,12,MWPCM,DE,Delaware,TOTAL,All students,1,All students,999.0,0,320
341,2015,R3,2015,3,Grade 12,SD:SD,MAT,12,MWPCM,DE,Delaware,TOTAL,All students,1,All students,999.0,0,320
342,2015,R3,2015,3,Grade 12,MN:MN,MAT,12,MWPCM,FL,Florida,TOTAL,All students,1,All students,999.0,0,320
343,2015,R3,2015,3,Grade 12,SD:SD,MAT,12,MWPCM,FL,Florida,TOTAL,All students,1,All students,999.0,0,320
344,2015,R3,2015,3,Grade 12,MN:MN,MAT,12,MWPCM,GA,Georgia,TOTAL,All students,1,All students,999.0,0,320
345,2015,R3,2015,3,Grade 12,SD:SD,MAT,12,MWPCM,GA,Georgia,TOTAL,All students,1,All students,999.0,0,320
346,2015,R3,2015,3,Grade 12,MN:MN,MAT,12,MWPCM,HI,Hawaii,TOTAL,All students,1,All students,999.0,0,320
347,2015,R3,2015,3,Grade 12,SD:SD,MAT,12,MWPCM,HI,Hawaii,TOTAL,All students,1,All students,999.0,0,320
348,2015,R3,2015,3,Grade 12,MN:MN,MAT,12,MWPCM,IA,Iowa,TOTAL,All students,1,All students,999.0,0,320
349,2015,R3,2015,3,Grade 12,SD:SD,MAT,12,MWPCM,IA,Iowa,TOTAL,All students,1,All students,999.0,0,320
350,2015,R3,2015,3,Grade 12,MN:MN,MAT,12,MWPCM,ID,Idaho,TOTAL,All students,1,All students,999.0,0,320
351,2015,R3,2015,3,Grade 12,SD:SD,MAT,12,MWPCM,ID,Idaho,TOTAL,All students,1,All students,999.0,0,320
352,2015,R3,2015,3,Grade 12,MN:MN,MAT,12,MWPCM,IL,Illinois,TOTAL,All students,1,All students,999.0,0,320
353,2015,R3,2015,3,Grade 12,SD:SD,MAT,12,MWPCM,IL,Illinois,TOTAL,All students,1,All students,999.0,0,320
354,2015,R3,2015,3,Grade 12,MN:MN,MAT,12,MWPCM,IN,Indiana,TOTAL,All students,1,All students,999.0,0,320
355,2015,R3,2015,3,Grade 12,SD:SD,MAT,12,MWPCM,IN,Indiana,TOTAL,All students,1,All students,999.0,0,320
356,2015,R3,2015,3,Grade 12,MN:MN,MAT,12,MWPCM,KS,Kansas,TOTAL,All students,1,All students,999.0,0,320
357,2015,R3,2015,3,Grade 12,SD:SD,MAT,12,MWPCM,KS,Kansas,TOTAL,All students,1,All students,999.0,0,320
358,2015,R3,2015,3,Grade 12,MN:MN,MAT,12,MWPCM,KY,Kentucky,TOTAL,All students,1,All students,999.0,0,320
359,2015,R3,2015,3,Grade 12,SD:SD,MAT,12,MWPCM,KY,Kentucky,TOTAL,All students,1,All students,999.0,0,320
360,2015,R3,2015,3,Grade 12,MN:MN,MAT,12,MWPCM,LA,Louisiana,TOTAL,All students,1,All students,999.0,0,320
361,2015,R3,2015,3,Grade 12,SD:SD,MAT,12,MWPCM,LA,Louisiana,TOTAL,All students,1,All students,999.0,0,320
362,2015,R3,2015,3,Grade 12,MN:MN,MAT,12,MWPCM,MA,Massachusetts,TOTAL,All students,1,All students,999.0,0,320
363,2015,R3,2015,3,Grade 12,SD:SD,MAT,12,MWPCM,MA,Massachusetts,TOTAL,All students,1,All students,999.0,0,320
364,2015,R3,2015,3,Grade 12,MN:MN,MAT,12,MWPCM,MD,Maryland,TOTAL,All students,1,All students,999.0,0,320
365,2015,R3,2015,3,Grade 12,SD:SD,MAT,12,MWPCM,MD,Maryland,TOTAL,All students,1,All students,999.0,0,320
366,2015,R3,2015,3,Grade 12,MN:MN,MAT,12,MWPCM,ME,Maine,TOTAL,All students,1,All students,999.0,0,320
367,2015,R3,2015,3,Grade 12,SD:SD,MAT,12,MWPCM,ME,Maine,TOTAL,All students,1,All students,999.0,0,320
368,2015,R3,2015,3,Grade 12,MN:MN,MAT,12,MWPCM,MI,Michigan,TOTAL,All students,1,All students,999.0,0,320
369,2015,R3,2015,3,Grade 12,SD:SD,MAT,12,MWPCM,MI,Michigan,TOTAL,All students,1,All students,999.0,0,320
370,2015,R3,2015,3,Grade 12,MN:MN,MAT,12,MWPCM,MN,Minnesota,TOTAL,All students,1,All students,999.0,0,320
371,2015,R3,2015,3,Grade 12,SD:SD,MAT,12,MWPCM,MN,Minnesota,TOTAL,All students,1,All students,999.0,0,320
372,2015,R3,2015,3,Grade 12,MN:MN,MAT,12,MWPCM,MO,Missouri,TOTAL,All students,1,All students,999.0,0,320
373,2015,R3,2015,3,Grade 12,SD:SD,MAT,12,MWPCM,MO,Missouri,TOTAL,All students,1,All students,999.0,0,320
374,2015,R3,2015,3,Grade 12,MN:MN,MAT,12,MWPCM,MS,Mississippi,TOTAL,All students,1,All students,999.0,0,320
375,2015,R3,2015,3,Grade 12,SD:SD,MAT,12,MWPCM,MS,Mississippi,TOTAL,All students,1,All students,999.0,0,320
376,2015,R3,2015,3,Grade 12,MN:MN,MAT,12,MWPCM,MT,Montana,TOTAL,All students,1,All students,999.0,0,320
377,2015,R3,2015,3,Grade 12,SD:SD,MAT,12,MWPCM,MT,Montana,TOTAL,All students,1,All students,999.0,0,320
378,2015,R3,2015,3,Grade 12,MN:MN,MAT,12,MWPCM,NC,North Carolina,TOTAL,All students,1,All students,999.0,0,320
379,2015,R3,2015,3,Grade 12,SD:SD,MAT,12,MWPCM,NC,North Carolina,TOTAL,All students,1,All students,999.0,0,320
380,2015,R3,2015,3,Grade 12,MN:MN,MAT,12,MWPCM,ND,North Dakota,TOTAL,All students,1,All students,999.0,0,320
381,2015,R3,2015,3,Grade 12,SD:SD,MAT,12,MWPCM,ND,North Dakota,TOTAL,All students,1,All students,999.0,0,320
382,2015,R3,2015,3,Grade 12,MN:MN,MAT,12,MWPCM,NE,Nebraska,TOTAL,All students,1,All students,999.0,0,320
383,2015,R3,2015,3,Grade 12,SD:SD,MAT,12,MWPCM,NE,Nebraska,TOTAL,All students,1,All students,999.0,0,320
384,2015,R3,2015,3,Grade 12,MN:MN,MAT,12,MWPCM,NH,New Hampshire,TOTAL,All students,1,All students,999.0,0,320
385,2015,R3,2015,3,Grade 12,SD:SD,MAT,12,MWPCM,NH,New Hampshire,TOTAL,All students,1,All students,999.0,0,320
386,2015,R3,2015,3,Grade 12,MN:MN,MAT,12,MWPCM,NJ,New Jersey,TOTAL,All students,1,All students,999.0,0,320
387,2015,R3,2015,3,Grade 12,SD:SD,MAT,12,MWPCM,NJ,New Jersey,TOTAL,All students,1,All students,999.0,0,320
388,2015,R3,2015,3,Grade 12,MN:MN,MAT,12,MWPCM,NM,New Mexico,TOTAL,All students,1,All students,999.0,0,320
389,2015,R3,2015,3,Grade 12,SD:SD,MAT,12,MWPCM,NM,New Mexico,TOTAL,All students,1,All students,999.0,0,320
390,2015,R3,2015,3,Grade 12,MN:MN,MAT,12,MWPCM,NP,National public,TOTAL,All students,1,All students,150.073111334568,1,0
391,2015,R3,2015,3,Grade 12,SD:SD,MAT,12,MWPCM,NP,National public,TOTAL,All students,1,All students,34.0603469984791,1,0
392,2015,R3,2015,3,Grade 12,MN:MN,MAT,12,MWPCM,NR,National private,TOTAL,All students,1,All students,999.0,0,288
393,2015,R3,2015,3,Grade 12,SD:SD,MAT,12,MWPCM,NR,National private,TOTAL,All students,1,All students,999.0,0,288
394,2015,R3,2015,3,Grade 12,MN:MN,MAT,12,MWPCM,NT,National,TOTAL,All students,1,All students,151.523587144353,1,0
395,2015,R3,2015,3,Grade 12,SD:SD,MAT,12,MWPCM,NT,National,TOTAL,All students,1,All students,34.4275968992287,1,0
396,2015,R3,2015,3,Grade 12,MN:MN,MAT,12,MWPCM,NV,Nevada,TOTAL,All students,1,All students,999.0,0,320
397,2015,R3,2015,3,Grade 12,SD:SD,MAT,12,MWPCM,NV,Nevada,TOTAL,All students,1,All students,999.0,0,320
398,2015,R3,2015,3,Grade 12,MN:MN,MAT,12,MWPCM,NY,New York,TOTAL,All students,1,All students,999.0,0,320
399,2015,R3,2015,3,Grade 12,SD:SD,MAT,12,MWPCM,NY,New York,TOTAL,All students,1,All students,999.0,0,320
400,2015,R3,2015,3,Grade 12,MN:MN,MAT,12,MWPCM,OH,Ohio,TOTAL,All students,1,All students,999.0,0,320
401,2015,R3,2015,3,Grade 12,SD:SD,MAT,12,MWPCM,OH,Ohio,TOTAL,All students,1,All students,999.0,0,320
402,2015,R3,2015,3,Grade 12,MN:MN,MAT,12,MWPCM,OK,Oklahoma,TOTAL,All students,1,All students,999.0,0,320
403,2015,R3,2015,3,Grade 12,SD:SD,MAT,12,MWPCM,OK,Oklahoma,TOTAL,All students,1,All students,999.0,0,320
404,2015,R3,2015,3,Grade 12,MN:MN,MAT,12,MWPCM,OR,Oregon,TOTAL,All students,1,All students,999.0,0,320
405,2015,R3,2015,3,Grade 12,SD:SD,MAT,12,MWPCM,OR,Oregon,TOTAL,All students,1,All students,999.0,0,320
406,2015,R3,2015,3,Grade 12,MN:MN,MAT,12,MWPCM,PA,Pennsylvania,TOTAL,All students,1,All students,999.0,0,320
407,2015,R3,2015,3,Grade 12,SD:SD,MAT,12,MWPCM,PA,Pennsylvania,TOTAL,All students,1,All students,999.0,0,320
408,2015,R3,2015,3,Grade 12,MN:MN,MAT,12,MWPCM,RI,Rhode Island,TOTAL,All students,1,All students,999.0,0,320
409,2015,R3,2015,3,Grade 12,SD:SD,MAT,12,MWPCM,RI,Rhode Island,TOTAL,All students,1,All students,999.0,0,320
410,2015,R3,2015,3,Grade 12,MN:MN,MAT,12,MWPCM,SC,South Carolina,TOTAL,All students,1,All students,999.0,0,320
411,2015,R3,2015,3,Grade 12,SD:SD,MAT,12,MWPCM,SC,South Carolina,TOTAL,All students,1,All students,999.0,0,320
412,2015,R3,2015,3,Grade 12,MN:MN,MAT,12,MWPCM,SD,South Dakota,TOTAL,All students,1,All students,999.0,0,320
413,2015,R3,2015,3,Grade 12,SD:SD,MAT,12,MWPCM,SD,South Dakota,TOTAL,All students,1,All students,999.0,0,320
414,2015,R3,2015,3,Grade 12,MN:MN,MAT,12,MWPCM,TN,Tennessee,TOTAL,All students,1,All students,999.0,0,320
415,2015,R3,2015,3,Grade 12,SD:SD,MAT,12,MWPCM,TN,Tennessee,TOTAL,All students,1,All students,999.0,0,320
416,2015,R3,2015,3,Grade 12,MN:MN,MAT,12,MWPCM,TX,Texas,TOTAL,All students,1,All students,999.0,0,320
417,2015,R3,2015,3,Grade 12,SD:SD,MAT,12,MWPCM,TX,Texas,TOTAL,All students,1,All students,999.0,0,320
418,2015,R3,2015,3,Grade 12,MN:MN,MAT,12,MWPCM,UT,Utah,TOTAL,All students,1,All students,999.0,0,320
419,2015,R3,2015,3,Grade 12,SD:SD,MAT,12,MWPCM,UT,Utah,TOTAL,All students,1,All students,999.0,0,320
420,2015,R3,2015,3,Grade 12,MN:MN,MAT,12,MWPCM,VA,Virginia,TOTAL,All students,1,All students,999.0,0,320
421,2015,R3,2015,3,Grade 12,SD:SD,MAT,12,MWPCM,VA,Virginia,TOTAL,All students,1,All students,999.0,0,320
422,2015,R3,2015,3,Grade 12,MN:MN,MAT,12,MWPCM,VT,Vermont,TOTAL,All students,1,All students,999.0,0,320
423,2015,R3,2015,3,Grade 12,SD:SD,MAT,12,MWPCM,VT,Vermont,TOTAL,All students,1,All students,999.0,0,320
424,2015,R3,2015,3,Grade 12,MN:MN,MAT,12,MWPCM,WA,Washington,TOTAL,All students,1,All students,999.0,0,320
425,2015,R3,2015,3,Grade 12,SD:SD,MAT,12,MWPCM,WA,Washington,TOTAL,All students,1,All students,999.0,0,320
426,2015,R3,2015,3,Grade 12,MN:MN,MAT,12,MWPCM,WI,Wisconsin,TOTAL,All students,1,All students,999.0,0,320
427,2015,R3,2015,3,Grade 12,SD:SD,MAT,12,MWPCM,WI,Wisconsin,TOTAL,All students,1,All students,999.0,0,320
428,2015,R3,2015,3,Grade 12,MN:MN,MAT,12,MWPCM,WV,West Virginia,TOTAL,All students,1,All students,999.0,0,320
429,2015,R3,2015,3,Grade 12,SD:SD,MAT,12,MWPCM,WV,West Virginia,TOTAL,All students,1,All students,999.0,0,320
430,2015,R3,2015,3,Grade 12,MN:MN,MAT,12,MWPCM,WY,Wyoming,TOTAL,All students,1,All students,999.0,0,320
431,2015,R3,2015,3,Grade 12,SD:SD,MAT,12,MWPCM,WY,Wyoming,TOTAL,All students,1,All students,999.0,0,320
432,2019,R3,2019,3,Grade 12,MN:MN,MAT,12,MWPCM,AK,Alaska,TOTAL,All students,1,All students,999.0,0,320
433,2019,R3,2019,3,Grade 12,SD:SD,MAT,12,MWPCM,AK,Alaska,TOTAL,All students,1,All students,999.0,0,320
434,2019,R3,2019,3,Grade 12,MN:MN,MAT,12,MWPCM,AL,Alabama,TOTAL,All students,1,All students,999.0,0,320
435,2019,R3,2019,3,Grade 12,SD:SD,MAT,12,MWPCM,AL,Alabama,TOTAL,All students,1,All students,999.0,0,320
436,2019,R3,2019,3,Grade 12,MN:MN,MAT,12,MWPCM,AR,Arkansas,TOTAL,All students,1,All students,999.0,0,320
437,2019,R3,2019,3,Grade 12,SD:SD,MAT,12,MWPCM,AR,Arkansas,TOTAL,All students,1,All students,999.0,0,320
438,2019,R3,2019,3,Grade 12,MN:MN,MAT,12,MWPCM,AZ,Arizona,TOTAL,All students,1,All students,999.0,0,320
439,2019,R3,2019,3,Grade 12,SD:SD,MAT,12,MWPCM,AZ,Arizona,TOTAL,All students,1,All students,999.0,0,320
440,2019,R3,2019,3,Grade 12,MN:MN,MAT,12,MWPCM,CA,California,TOTAL,All students,1,All students,999.0,0,320
441,2019,R3,2019,3,Grade 12,SD:SD,MAT,12,MWPCM,CA,California,TOTAL,All students,1,All students,999.0,0,320
442,2019,R3,2019,3,Grade 12,MN:MN,MAT,12,MWPCM,CO,Colorado,TOTAL,All students,1,All students,999.0,0,320
443,2019,R3,2019,3,Grade 12,SD:SD,MAT,12,MWPCM,CO,Colorado,TOTAL,All students,1,All students,999.0,0,320
444,2019,R3,2019,3,Grade 12,MN:MN,MAT,12,MWPCM,CT,Connecticut,TOTAL,All students,1,All students,999.0,0,320
445,2019,R3,2019,3,Grade 12,SD:SD,MAT,12,MWPCM,CT,Connecticut,TOTAL,All students,1,All students,999.0,0,320
446,2019,R3,2019,3,Grade 12,MN:MN,MAT,12,MWPCM,DC,District of Columbia,TOTAL,All students,1,All students,999.0,0,320
447,2019,R3,2019,3,Grade 12,SD:SD,MAT,12,MWPCM,DC,District of Columbia,TOTAL,All students,1,All students,999.0,0,320
448,2019,R3,2019,3,Grade 12,MN:MN,MAT,12,MWPCM,DE,Delaware,TOTAL,All students,1,All students,999.0,0,320
449,2019,R3,2019,3,Grade 12,SD:SD,MAT,12,MWPCM,DE,Delaware,TOTAL,All students,1,All students,999.0,0,320
450,2019,R3,2019,3,Grade 12,MN:MN,MAT,12,MWPCM,FL,Florida,TOTAL,All students,1,All students,999.0,0,320
451,2019,R3,2019,3,Grade 12,SD:SD,MAT,12,MWPCM,FL,Florida,TOTAL,All students,1,All students,999.0,0,320
452,2019,R3,2019,3,Grade 12,MN:MN,MAT,12,MWPCM,GA,Georgia,TOTAL,All students,1,All students,999.0,0,320
453,2019,R3,2019,3,Grade 12,SD:SD,MAT,12,MWPCM,GA,Georgia,TOTAL,All students,1,All students,999.0,0,320
454,2019,R3,2019,3,Grade 12,MN:MN,MAT,12,MWPCM,HI,Hawaii,TOTAL,All students,1,All students,999.0,0,320
455,2019,R3,2019,3,Grade 12,SD:SD,MAT,12,MWPCM,HI,Hawaii,TOTAL,All students,1,All students,999.0,0,320
456,2019,R3,2019,3,Grade 12,MN:MN,MAT,12,MWPCM,IA,Iowa,TOTAL,All students,1,All students,999.0,0,320
457,2019,R3,2019,3,Grade 12,SD:SD,MAT,12,MWPCM,IA,Iowa,TOTAL,All students,1,All students,999.0,0,320
458,2019,R3,2019,3,Grade 12,MN:MN,MAT,12,MWPCM,ID,Idaho,TOTAL,All students,1,All students,999.0,0,320
459,2019,R3,2019,3,Grade 12,SD:SD,MAT,12,MWPCM,ID,Idaho,TOTAL,All students,1,All students,999.0,0,320
460,2019,R3,2019,3,Grade 12,MN:MN,MAT,12,MWPCM,IL,Illinois,TOTAL,All students,1,All students,999.0,0,320
461,2019,R3,2019,3,Grade 12,SD:SD,MAT,12,MWPCM,IL,Illinois,TOTAL,All students,1,All students,999.0,0,320
462,2019,R3,2019,3,Grade 12,MN:MN,MAT,12,MWPCM,IN,Indiana,TOTAL,All students,1,All students,999.0,0,320
463,2019,R3,2019,3,Grade 12,SD:SD,MAT,12,MWPCM,IN,Indiana,TOTAL,All students,1,All students,999.0,0,320
464,2019,R3,2019,3,Grade 12,MN:MN,MAT,12,MWPCM,KS,Kansas,TOTAL,All students,1,All students,999.0,0,320
465,2019,R3,2019,3,Grade 12,SD:SD,MAT,12,MWPCM,KS,Kansas,TOTAL,All students,1,All students,999.0,0,320
466,2019,R3,2019,3,Grade 12,MN:MN,MAT,12,MWPCM,KY,Kentucky,TOTAL,All students,1,All students,999.0,0,320
467,2019,R3,2019,3,Grade 12,SD:SD,MAT,12,MWPCM,KY,Kentucky,TOTAL,All students,1,All students,999.0,0,320
468,2019,R3,2019,3,Grade 12,MN:MN,MAT,12,MWPCM,LA,Louisiana,TOTAL,All students,1,All students,999.0,0,320
469,2019,R3,2019,3,Grade 12,SD:SD,MAT,12,MWPCM,LA,Louisiana,TOTAL,All students,1,All students,999.0,0,320
470,2019,R3,2019,3,Grade 12,MN:MN,MAT,12,MWPCM,MA,Massachusetts,TOTAL,All students,1,All students,999.0,0,320
471,2019,R3,2019,3,Grade 12,SD:SD,MAT,12,MWPCM,MA,Massachusetts,TOTAL,All students,1,All students,999.0,0,320
472,2019,R3,2019,3,Grade 12,MN:MN,MAT,12,MWPCM,MD,Maryland,TOTAL,All students,1,All students,999.0,0,320
473,2019,R3,2019,3,Grade 12,SD:SD,MAT,12,MWPCM,MD,Maryland,TOTAL,All students,1,All students,999.0,0,320
474,2019,R3,2019,3,Grade 12,MN:MN,MAT,12,MWPCM,ME,Maine,TOTAL,All students,1,All students,999.0,0,320
475,2019,R3,2019,3,Grade 12,SD:SD,MAT,12,MWPCM,ME,Maine,TOTAL,All students,1,All students,999.0,0,320
476,2019,R3,2019,3,Grade 12,MN:MN,MAT,12,MWPCM,MI,Michigan,TOTAL,All students,1,All students,999.0,0,320
477,2019,R3,2019,3,Grade 12,SD:SD,MAT,12,MWPCM,MI,Michigan,TOTAL,All students,1,All students,999.0,0,320
478,2019,R3,2019,3,Grade 12,MN:MN,MAT,12,MWPCM,MN,Minnesota,TOTAL,All students,1,All students,999.0,0,320
479,2019,R3,2019,3,Grade 12,SD:SD,MAT,12,MWPCM,MN,Minnesota,TOTAL,All students,1,All students,999.0,0,320
480,2019,R3,2019,3,Grade 12,MN:MN,MAT,12,MWPCM,MO,Missouri,TOTAL,All students,1,All students,999.0,0,320
481,2019,R3,2019,3,Grade 12,SD:SD,MAT,12,MWPCM,MO,Missouri,TOTAL,All students,1,All students,999.0,0,320
482,2019,R3,2019,3,Grade 12,MN:MN,MAT,12,MWPCM,MS,Mississippi,TOTAL,All students,1,All students,999.0,0,320
483,2019,R3,2019,3,Grade 12,SD:SD,MAT,12,MWPCM,MS,Mississippi,TOTAL,All students,1,All students,999.0,0,320
484,2019,R3,2019,3,Grade 12,MN:MN,MAT,12,MWPCM,MT,Montana,TOTAL,All students,1,All students,999.0,0,320
485,2019,R3,2019,3,Grade 12,SD:SD,MAT,12,MWPCM,MT,Montana,TOTAL,All students,1,All students,999.0,0,320
486,2019,R3,2019,3,Grade 12,MN:MN,MAT,12,MWPCM,NC,North Carolina,TOTAL,All students,1,All students,999.0,0,320
487,2019,R3,2019,3,Grade 12,SD:SD,MAT,12,MWPCM,NC,North Carolina,TOTAL,All students,1,All students,999.0,0,320
488,2019,R3,2019,3,Grade 12,MN:MN,MAT,12,MWPCM,ND,North Dakota,TOTAL,All students,1,All students,999.0,0,320
489,2019,R3,2019,3,Grade 12,SD:SD,MAT,12,MWPCM,ND,North Dakota,TOTAL,All students,1,All students,999.0,0,320
490,2019,R3,2019,3,Grade 12,MN:MN,MAT,12,MWPCM,NE,Nebraska,TOTAL,All students,1,All students,999.0,0,320
491,2019,R3,2019,3,Grade 12,SD:SD,MAT,12,MWPCM,NE,Nebraska,TOTAL,All students,1,All students,999.0,0,320
492,2019,R3,2019,3,Grade 12,MN:MN,MAT,12,MWPCM,NH,New Hampshire,TOTAL,All students,1,All students,999.0,0,320
493,2019,R3,2019,3,Grade 12,SD:SD,MAT,12,MWPCM,NH,New Hampshire,TOTAL,All students,1,All students,999.0,0,320
494,2019,R3,2019,3,Grade 12,MN:MN,MAT,12,MWPCM,NJ,New Jersey,TOTAL,All students,1,All students,999.0,0,320
495,2019,R3,2019,3,Grade 12,SD:SD,MAT,12,MWPCM,NJ,New Jersey,TOTAL,All students,1,All students,999.0,0,320
496,2019,R3,2019,3,Grade 12,MN:MN,MAT,12,MWPCM,NM,New Mexico,TOTAL,All students,1,All students,999.0,0,320
497,2019,R3,2019,3,Grade 12,SD:SD,MAT,12,MWPCM,NM,New Mexico,TOTAL,All students,1,All students,999.0,0,320
498,2019,R3,2019,3,Grade 12,MN:MN,MAT,12,MWPCM,NP,National public,TOTAL,All students,1,All students,149.283815023038,1,0
499,2019,R3,2019,3,Grade 12,SD:SD,MAT,12,MWPCM,NP,National public,TOTAL,All students,1,All students,35.6956835330731,1,0
500,2019,R3,2019,3,Grade 12,MN:MN,MAT,12,MWPCM,NR,National private,TOTAL,All students,1,All students,999.0,0,288
501,2019,R3,2019,3,Grade 12,SD:SD,MAT,12,MWPCM,NR,National private,TOTAL,All students,1,All students,999.0,0,288
502,2019,R3,2019,3,Grade 12,MN:MN,MAT,12,MWPCM,NT,National,TOTAL,All students,1,All students,150.283622985397,1,0
503,2019,R3,2019,3,Grade 12,SD:SD,MAT,12,MWPCM,NT,National,TOTAL,All students,1,All students,35.5924022468928,1,0
504,2019,R3,2019,3,Grade 12,MN:MN,MAT,12,MWPCM,NV,Nevada,TOTAL,All students,1,All students,999.0,0,320
505,2019,R3,2019,3,Grade 12,SD:SD,MAT,12,MWPCM,NV,Nevada,TOTAL,All students,1,All students,999.0,0,320
506,2019,R3,2019,3,Grade 12,MN:MN,MAT,12,MWPCM,NY,New York,TOTAL,All students,1,All students,999.0,0,320
507,2019,R3,2019,3,Grade 12,SD:SD,MAT,12,MWPCM,NY,New York,TOTAL,All students,1,All students,999.0,0,320
508,2019,R3,2019,3,Grade 12,MN:MN,MAT,12,MWPCM,OH,Ohio,TOTAL,All students,1,All students,999.0,0,320
509,2019,R3,2019,3,Grade 12,SD:SD,MAT,12,MWPCM,OH,Ohio,TOTAL,All students,1,All students,999.0,0,320
510,2019,R3,2019,3,Grade 12,MN:MN,MAT,12,MWPCM,OK,Oklahoma,TOTAL,All students,1,All students,999.0,0,320
511,2019,R3,2019,3,Grade 12,SD:SD,MAT,12,MWPCM,OK,Oklahoma,TOTAL,All students,1,All students,999.0,0,320
512,2019,R3,2019,3,Grade 12,MN:MN,MAT,12,MWPCM,OR,Oregon,TOTAL,All students,1,All students,999.0,0,320
513,2019,R3,2019,3,Grade 12,SD:SD,MAT,12,MWPCM,OR,Oregon,TOTAL,All students,1,All students,999.0,0,320
514,2019,R3,2019,3,Grade 12,MN:MN,MAT,12,MWPCM,PA,Pennsylvania,TOTAL,All students,1,All students,999.0,0,320
515,2019,R3,2019,3,Grade 12,SD:SD,MAT,12,MWPCM,PA,Pennsylvania,TOTAL,All students,1,All students,999.0,0,320
516,2019,R3,2019,3,Grade 12,MN:MN,MAT,12,MWPCM,RI,Rhode Island,TOTAL,All students,1,All students,999.0,0,320
517,2019,R3,2019,3,Grade 12,SD:SD,MAT,12,MWPCM,RI,Rhode Island,TOTAL,All students,1,All students,999.0,0,320
518,2019,R3,2019,3,Grade 12,MN:MN,MAT,12,MWPCM,SC,South Carolina,TOTAL,All students,1,All students,999.0,0,320
519,2019,R3,2019,3,Grade 12,SD:SD,MAT,12,MWPCM,SC,South Carolina,TOTAL,All students,1,All students,999.0,0,320
520,2019,R3,2019,3,Grade 12,MN:MN,MAT,12,MWPCM,SD,South Dakota,TOTAL,All students,1,All students,999.0,0,320
521,2019,R3,2019,3,Grade 12,SD:SD,MAT,12,MWPCM,SD,South Dakota,TOTAL,All students,1,All students,999.0,0,320
522,2019,R3,2019,3,Grade 12,MN:MN,MAT,12,MWPCM,TN,Tennessee,TOTAL,All students,1,All students,999.0,0,320
523,2019,R3,2019,3,Grade 12,SD:SD,MAT,12,MWPCM,TN,Tennessee,TOTAL,All students,1,All students,999.0,0,320
524,2019,R3,2019,3,Grade 12,MN:MN,MAT,12,MWPCM,TX,Texas,TOTAL,All students,1,All students,999.0,0,320
525,2019,R3,2019,3,Grade 12,SD:SD,MAT,12,MWPCM,TX,Texas,TOTAL,All students,1,All students,999.0,0,320
526,2019,R3,2019,3,Grade 12,MN:MN,MAT,12,MWPCM,UT,Utah,TOTAL,All students,1,All students,999.0,0,320
527,2019,R3,2019,3,Grade 12,SD:SD,MAT,12,MWPCM,UT,Utah,TOTAL,All students,1,All students,999.0,0,320
528,2019,R3,2019,3,Grade 12,MN:MN,MAT,12,MWPCM,VA,Virginia,TOTAL,All students,1,All students,999.0,0,320
529,2019,R3,2019,3,Grade 12,SD:SD,MAT,12,MWPCM,VA,Virginia,TOTAL,All students,1,All students,999.0,0,320
530,2019,R3,2019,3,Grade 12,MN:MN,MAT,12,MWPCM,VT,Vermont,TOTAL,All students,1,All students,999.0,0,320
531,2019,R3,2019,3,Grade 12,SD:SD,MAT,12,MWPCM,VT,Vermont,TOTAL,All students,1,All students,999.0,0,320
532,2019,R3,2019,3,Grade 12,MN:MN,MAT,12,MWPCM,WA,Washington,TOTAL,All students,1,All students,999.0,0,320
533,2019,R3,2019,3,Grade 12,SD:SD,MAT,12,MWPCM,WA,Washington,TOTAL,All students,1,All students,999.0,0,320
534,2019,R3,2019,3,Grade 12,MN:MN,MAT,12,MWPCM,WI,Wisconsin,TOTAL,All students,1,All students,999.0,0,320
535,2019,R3,2019,3,Grade 12,SD:SD,MAT,12,MWPCM,WI,Wisconsin,TOTAL,All students,1,All students,999.0,0,320
536,2019,R3,2019,3,Grade 12,MN:MN,MAT,12,MWPCM,WV,West Virginia,TOTAL,All students,1,All students,999.0,0,320
537,2019,R3,2019,3,Grade 12,SD:SD,MAT,12,MWPCM,WV,West Virginia,TOTAL,All students,1,All students,999.0,0,320
538,2019,R3,2019,3,Grade 12,MN:MN,MAT,12,MWPCM,WY,Wyoming,TOTAL,All students,1,All students,999.0,0,320
539,2019,R3,2019,3,Grade 12,SD:SD,MAT,12,MWPCM,WY,Wyoming,TOTAL,All students,1,All students,999.0,0,320
540,2024,R3,2024,3,Grade 12,MN:MN,MAT,12,MWPCM,AK,Alaska,TOTAL,All students,1,All students,999.0,0,320
541,2024,R3,2024,3,Grade 12,SD:SD,MAT,12,MWPCM,AK,Alaska,TOTAL,All students,1,All students,999.0,0,320
542,2024,R3,2024,3,Grade 12,MN:MN,MAT,12,MWPCM,AL,Alabama,TOTAL,All students,1,All students,999.0,0,320
543,2024,R3,2024,3,Grade 12,SD:SD,MAT,12,MWPCM,AL,Alabama,TOTAL,All students,1,All students,999.0,0,320
544,2024,R3,2024,3,Grade 12,MN:MN,MAT,12,MWPCM,AR,Arkansas,TOTAL,All students,1,All students,999.0,0,320
545,2024,R3,2024,3,Grade 12,SD:SD,MAT,12,MWPCM,AR,Arkansas,TOTAL,All students,1,All students,999.0,0,320
546,2024,R3,2024,3,Grade 12,MN:MN,MAT,12,MWPCM,AZ,Arizona,TOTAL,All students,1,All students,999.0,0,320
547,2024,R3,2024,3,Grade 12,SD:SD,MAT,12,MWPCM,AZ,Arizona,TOTAL,All students,1,All students,999.0,0,320
548,2024,R3,2024,3,Grade 12,MN:MN,MAT,12,MWPCM,CA,California,TOTAL,All students,1,All students,999.0,0,320
549,2024,R3,2024,3,Grade 12,SD:SD,MAT,12,MWPCM,CA,California,TOTAL,All students,1,All students,999.0,0,320
550,2024,R3,2024,3,Grade 12,MN:MN,MAT,12,MWPCM,CO,Colorado,TOTAL,All students,1,All students,999.0,0,320
551,2024,R3,2024,3,Grade 12,SD:SD,MAT,12,MWPCM,CO,Colorado,TOTAL,All students,1,All students,999.0,0,320
552,2024,R3,2024,3,Grade 12,MN:MN,MAT,12,MWPCM,CT,Connecticut,TOTAL,All students,1,All students,999.0,0,320
553,2024,R3,2024,3,Grade 12,SD:SD,MAT,12,MWPCM,CT,Connecticut,TOTAL,All students,1,All students,999.0,0,320
554,2024,R3,2024,3,Grade 12,MN:MN,MAT,12,MWPCM,DC,District of Columbia,TOTAL,All students,1,All students,999.0,0,320
555,2024,R3,2024,3,Grade 12,SD:SD,MAT,12,MWPCM,DC,District of Columbia,TOTAL,All students,1,All students,999.0,0,320
556,2024,R3,2024,3,Grade 12,MN:MN,MAT,12,MWPCM,DE,Delaware,TOTAL,All students,1,All students,999.0,0,320
557,2024,R3,2024,3,Grade 12,SD:SD,MAT,12,MWPCM,DE,Delaware,TOTAL,All students,1,All students,999.0,0,320
558,2024,R3,2024,3,Grade 12,MN:MN,MAT,12,MWPCM,FL,Florida,TOTAL,All students,1,All students,999.0,0,320
559,2024,R3,2024,3,Grade 12,SD:SD,MAT,12,MWPCM,FL,Florida,TOTAL,All students,1,All students,999.0,0,320
560,2024,R3,2024,3,Grade 12,MN:MN,MAT,12,MWPCM,GA,Georgia,TOTAL,All students,1,All students,999.0,0,320
561,2024,R3,2024,3,Grade 12,SD:SD,MAT,12,MWPCM,GA,Georgia,TOTAL,All students,1,All students,999.0,0,320
562,2024,R3,2024,3,Grade 12,MN:MN,MAT,12,MWPCM,HI,Hawaii,TOTAL,All students,1,All students,999.0,0,320
563,2024,R3,2024,3,Grade 12,SD:SD,MAT,12,MWPCM,HI,Hawaii,TOTAL,All students,1,All students,999.0,0,320
564,2024,R3,2024,3,Grade 12,MN:MN,MAT,12,MWPCM,IA,Iowa,TOTAL,All students,1,All students,999.0,0,320
565,2024,R3,2024,3,Grade 12,SD:SD,MAT,12,MWPCM,IA,Iowa,TOTAL,All students,1,All students,999.0,0,320
566,2024,R3,2024,3,Grade 12,MN:MN,MAT,12,MWPCM,ID,Idaho,TOTAL,All students,1,All students,999.0,0,320
567,2024,R3,2024,3,Grade 12,SD:SD,MAT,12,MWPCM,ID,Idaho,TOTAL,All students,1,All students,999.0,0,320
568,2024,R3,2024,3,Grade 12,MN:MN,MAT,12,MWPCM,IL,Illinois,TOTAL,All students,1,All students,999.0,0,320
569,2024,R3,2024,3,Grade 12,SD:SD,MAT,12,MWPCM,IL,Illinois,TOTAL,All students,1,All students,999.0,0,320
570,2024,R3,2024,3,Grade 12,MN:MN,MAT,12,MWPCM,IN,Indiana,TOTAL,All students,1,All students,999.0,0,320
571,2024,R3,2024,3,Grade 12,SD:SD,MAT,12,MWPCM,IN,Indiana,TOTAL,All students,1,All students,999.0,0,320
572,2024,R3,2024,3,Grade 12,MN:MN,MAT,12,MWPCM,KS,Kansas,TOTAL,All students,1,All students,999.0,0,320
573,2024,R3,2024,3,Grade 12,SD:SD,MAT,12,MWPCM,KS,Kansas,TOTAL,All students,1,All students,999.0,0,320
574,2024,R3,2024,3,Grade 12,MN:MN,MAT,12,MWPCM,KY,Kentucky,TOTAL,All students,1,All students,999.0,0,320
575,2024,R3,2024,3,Grade 12,SD:SD,MAT,12,MWPCM,KY,Kentucky,TOTAL,All students,1,All students,999.0,0,320
576,2024,R3,2024,3,Grade 12,MN:MN,MAT,12,MWPCM,LA,Louisiana,TOTAL,All students,1,All students,999.0,0,320
577,2024,R3,2024,3,Grade 12,SD:SD,MAT,12,MWPCM,LA,Louisiana,TOTAL,All students,1,All students,999.0,0,320
578,2024,R3,2024,3,Grade 12,MN:MN,MAT,12,MWPCM,MA,Massachusetts,TOTAL,All students,1,All students,999.0,0,320
579,2024,R3,2024,3,Grade 12,SD:SD,MAT,12,MWPCM,MA,Massachusetts,TOTAL,All students,1,All students,999.0,0,320
580,2024,R3,2024,3,Grade 12,MN:MN,MAT,12,MWPCM,MD,Maryland,TOTAL,All students,1,All students,999.0,0,320
581,2024,R3,2024,3,Grade 12,SD:SD,MAT,12,MWPCM,MD,Maryland,TOTAL,All students,1,All students,999.0,0,320
582,2024,R3,2024,3,Grade 12,MN:MN,MAT,12,MWPCM,ME,Maine,TOTAL,All students,1,All students,999.0,0,320
583,2024,R3,2024,3,Grade 12,SD:SD,MAT,12,MWPCM,ME,Maine,TOTAL,All students,1,All students,999.0,0,320
584,2024,R3,2024,3,Grade 12,MN:MN,MAT,12,MWPCM,MI,Michigan,TOTAL,All students,1,All students,999.0,0,320
585,2024,R3,2024,3,Grade 12,SD:SD,MAT,12,MWPCM,MI,Michigan,TOTAL,All students,1,All students,999.0,0,320
586,2024,R3,2024,3,Grade 12,MN:MN,MAT,12,MWPCM,MN,Minnesota,TOTAL,All students,1,All students,999.0,0,320
587,2024,R3,2024,3,Grade 12,SD:SD,MAT,12,MWPCM,MN,Minnesota,TOTAL,All students,1,All students,999.0,0,320
588,2024,R3,2024,3,Grade 12,MN:MN,MAT,12,MWPCM,MO,Missouri,TOTAL,All students,1,All students,999.0,0,320
589,2024,R3,2024,3,Grade 12,SD:SD,MAT,12,MWPCM,MO,Missouri,TOTAL,All students,1,All students,999.0,0,320
590,2024,R3,2024,3,Grade 12,MN:MN,MAT,12,MWPCM,MS,Mississippi,TOTAL,All students,1,All students,999.0,0,320
591,2024,R3,2024,3,Grade 12,SD:SD,MAT,12,MWPCM,MS,Mississippi,TOTAL,All students,1,All students,999.0,0,320
592,2024,R3,2024,3,Grade 12,MN:MN,MAT,12,MWPCM,MT,Montana,TOTAL,All students,1,All students,999.0,0,320
593,2024,R3,2024,3,Grade 12,SD:SD,MAT,12,MWPCM,MT,Montana,TOTAL,All students,1,All students,999.0,0,320
594,2024,R3,2024,3,Grade 12,MN:MN,MAT,12,MWPCM,NC,North Carolina,TOTAL,All students,1,All students,999.0,0,320
595,2024,R3,2024,3,Grade 12,SD:SD,MAT,12,MWPCM,NC,North Carolina,TOTAL,All students,1,All students,999.0,0,320
596,2024,R3,2024,3,Grade 12,MN:MN,MAT,12,MWPCM,ND,North Dakota,TOTAL,All students,1,All students,999.0,0,320
597,2024,R3,2024,3,Grade 12,SD:SD,MAT,12,MWPCM,ND,North Dakota,TOTAL,All students,1,All students,999.0,0,320
598,2024,R3,2024,3,Grade 12,MN:MN,MAT,12,MWPCM,NE,Nebraska,TOTAL,All students,1,All students,999.0,0,320
599,2024,R3,2024,3,Grade 12,SD:SD,MAT,12,MWPCM,NE,Nebraska,TOTAL,All students,1,All students,999.0,0,320
600,2024,R3,2024,3,Grade 12,MN:MN,MAT,12,MWPCM,NH,New Hampshire,TOTAL,All students,1,All students,999.0,0,320
601,2024,R3,2024,3,Grade 12,SD:SD,MAT,12,MWPCM,NH,New Hampshire,TOTAL,All students,1,All students,999.0,0,320
602,2024,R3,2024,3,Grade 12,MN:MN,MAT,12,MWPCM,NJ,New Jersey,TOTAL,All students,1,All students,999.0,0,320
603,2024,R3,2024,3,Grade 12,SD:SD,MAT,12,MWPCM,NJ,New Jersey,TOTAL,All students,1,All students,999.0,0,320
604,2024,R3,2024,3,Grade 12,MN:MN,MAT,12,MWPCM,NM,New Mexico,TOTAL,All students,1,All students,999.0,0,320
605,2024,R3,2024,3,Grade 12,SD:SD,MAT,12,MWPCM,NM,New Mexico,TOTAL,All students,1,All students,999.0,0,320
606,2024,R3,2024,3,Grade 12,MN:MN,MAT,12,MWPCM,NP,National public,TOTAL,All students,1,All students,145.459552396084,1,0
607,2024,R3,2024,3,Grade 12,SD:SD,MAT,12,MWPCM,NP,National public,TOTAL,All students,1,All students,36.9448726466378,1,0
608,2024,R3,2024,3,Grade 12,MN:MN,MAT,12,MWPCM,NR,National private,TOTAL,All students,1,All students,999.0,0,288
609,2024,R3,2024,3,Grade 12,SD:SD,MAT,12,MWPCM,NR,National private,TOTAL,All students,1,All students,999.0,0,288
610,2024,R3,2024,3,Grade 12,MN:MN,MAT,12,MWPCM,NT,National,TOTAL,All students,1,All students,146.94708804436,1,0
611,2024,R3,2024,3,Grade 12,SD:SD,MAT,12,MWPCM,NT,National,TOTAL,All students,1,All students,37.0298424167342,1,0
612,2024,R3,2024,3,Grade 12,MN:MN,MAT,12,MWPCM,NV,Nevada,TOTAL,All students,1,All students,999.0,0,320
613,2024,R3,2024,3,Grade 12,SD:SD,MAT,12,MWPCM,NV,Nevada,TOTAL,All students,1,All students,999.0,0,320
614,2024,R3,2024,3,Grade 12,MN:MN,MAT,12,MWPCM,NY,New York,TOTAL,All students,1,All students,999.0,0,320
615,2024,R3,2024,3,Grade 12,SD:SD,MAT,12,MWPCM,NY,New York,TOTAL,All students,1,All students,999.0,0,320
616,2024,R3,2024,3,Grade 12,MN:MN,MAT,12,MWPCM,OH,Ohio,TOTAL,All students,1,All students,999.0,0,320
617,2024,R3,2024,3,Grade 12,SD:SD,MAT,12,MWPCM,OH,Ohio,TOTAL,All students,1,All students,999.0,0,320
618,2024,R3,2024,3,Grade 12,MN:MN,MAT,12,MWPCM,OK,Oklahoma,TOTAL,All students,1,All students,999.0,0,320
619,2024,R3,2024,3,Grade 12,SD:SD,MAT,12,MWPCM,OK,Oklahoma,TOTAL,All students,1,All students,999.0,0,320
620,2024,R3,2024,3,Grade 12,MN:MN,MAT,12,MWPCM,OR,Oregon,TOTAL,All students,1,All students,999.0,0,320
621,2024,R3,2024,3,Grade 12,SD:SD,MAT,12,MWPCM,OR,Oregon,TOTAL,All students,1,All students,999.0,0,320
622,2024,R3,2024,3,Grade 12,MN:MN,MAT,12,MWPCM,PA,Pennsylvania,TOTAL,All students,1,All students,999.0,0,320
623,2024,R3,2024,3,Grade 12,SD:SD,MAT,12,MWPCM,PA,Pennsylvania,TOTAL,All students,1,All students,999.0,0,320
624,2024,R3,2024,3,Grade 12,MN:MN,MAT,12,MWPCM,RI,Rhode Island,TOTAL,All students,1,All students,999.0,0,320
625,2024,R3,2024,3,Grade 12,SD:SD,MAT,12,MWPCM,RI,Rhode Island,TOTAL,All students,1,All students,999.0,0,320
626,2024,R3,2024,3,Grade 12,MN:MN,MAT,12,MWPCM,SC,South Carolina,TOTAL,All students,1,All students,999.0,0,320
627,2024,R3,2024,3,Grade 12,SD:SD,MAT,12,MWPCM,SC,South Carolina,TOTAL,All students,1,All students,999.0,0,320
628,2024,R3,2024,3,Grade 12,MN:MN,MAT,12,MWPCM,SD,South Dakota,TOTAL,All students,1,All students,999.0,0,320
629,2024,R3,2024,3,Grade 12,SD:SD,MAT,12,MWPCM,SD,South Dakota,TOTAL,All students,1,All students,999.0,0,320
630,2024,R3,2024,3,Grade 12,MN:MN,MAT,12,MWPCM,TN,Tennessee,TOTAL,All students,1,All students,999.0,0,320
631,2024,R3,2024,3,Grade 12,SD:SD,MAT,12,MWPCM,TN,Tennessee,TOTAL,All students,1,All students,999.0,0,320
632,2024,R3,2024,3,Grade 12,MN:MN,MAT,12,MWPCM,TX,Texas,TOTAL,All students,1,All students,999.0,0,320
633,2024,R3,2024,3,Grade 12,SD:SD,MAT,12,MWPCM,TX,Texas,TOTAL,All students,1,All students,999.0,0,320
634,2024,R3,2024,3,Grade 12,MN:MN,MAT,12,MWPCM,UT,Utah,TOTAL,All students,1,All students,999.0,0,320
635,2024,R3,2024,3,Grade 12,SD:SD,MAT,12,MWPCM,UT,Utah,TOTAL,All students,1,All students,999.0,0,320
636,2024,R3,2024,3,Grade 12,MN:MN,MAT,12,MWPCM,VA,Virginia,TOTAL,All students,1,All students,999.0,0,320
637,2024,R3,2024,3,Grade 12,SD:SD,MAT,12,MWPCM,VA,Virginia,TOTAL,All students,1,All students,999.0,0,320
638,2024,R3,2024,3,Grade 12,MN:MN,MAT,12,MWPCM,VT,Vermont,TOTAL,All students,1,All students,999.0,0,320
639,2024,R3,2024,3,Grade 12,SD:SD,MAT,12,MWPCM,VT,Vermont,TOTAL,All students,1,All students,999.0,0,320
640,2024,R3,2024,3,Grade 12,MN:MN,MAT,12,MWPCM,WA,Washington,TOTAL,All students,1,All students,999.0,0,320
641,2024,R3,2024,3,Grade 12,SD:SD,MAT,12,MWPCM,WA,Washington,TOTAL,All students,1,All students,999.0,0,320
642,2024,R3,2024,3,Grade 12,MN:MN,MAT,12,MWPCM,WI,Wisconsin,TOTAL,All students,1,All students,999.0,0,320
643,2024,R3,2024,3,Grade 12,SD:SD,MAT,12,MWPCM,WI,Wisconsin,TOTAL,All students,1,All students,999.0,0,320
644,2024,R3,2024,3,Grade 12,MN:MN,MAT,12,MWPCM,WV,West Virginia,TOTAL,All students,1,All students,999.0,0,320
645,2024,R3,2024,3,Grade 12,SD:SD,MAT,12,MWPCM,WV,West Virginia,TOTAL,All students,1,All students,999.0,0,320
646,2024,R3,2024,3,Grade 12,MN:MN,MAT,12,MWPCM,WY,Wyoming,TOTAL,All students,1,All students,999.0,0,320
647,2024,R3,2024,3,Grade 12,SD:SD,MAT,12,MWPCM,WY,Wyoming,TOTAL,All students,1,All students,999.0,0,320
0,1992,R2,1992&#185;,1,Grade 4,MN:MN,RED,4,RRPCM,AK,Alaska,TOTAL,All students,1,All students,999.0,0,328
1,1992,R2,1992&#185;,1,Grade 4,SD:SD,RED,4,RRPCM,AK,Alaska,TOTAL,All students,1,All students,999.0,0,328
2,1992,R2,1992&#185;,1,Grade 4,MN:MN,RED,4,RRPCM,AL,Alabama,TOTAL,All students,1,All students,207.358492229747,1,8
3,1992,R2,1992&#185;,1,Grade 4,SD:SD,RED,4,RRPCM,AL,Alabama,TOTAL,All students,1,All students,35.4480283235797,1,8
4,1992,R2,1992&#185;,1,Grade 4,MN:MN,RED,4,RRPCM,AR,Arkansas,TOTAL,All students,1,All students,210.899768304081,1,8
5,1992,R2,1992&#185;,1,Grade 4,SD:SD,RED,4,RRPCM,AR,Arkansas,TOTAL,All students,1,All students,34.9950879951289,1,8
6,1992,R2,1992&#185;,1,Grade 4,MN:MN,RED,4,RRPCM,AZ,Arizona,TOTAL,All students,1,All students,209.40206480544,1,8
7,1992,R2,1992&#185;,1,Grade 4,SD:SD,RED,4,RRPCM,AZ,Arizona,TOTAL,All students,1,All students,34.2171047461839,1,8
8,1992,R2,1992&#185;,1,Grade 4,MN:MN,RED,4,RRPCM,CA,California,TOTAL,All students,1,All students,202.247526392698,1,8
9,1992,R2,1992&#185;,1,Grade 4,SD:SD,RED,4,RRPCM,CA,California,TOTAL,All students,1,All students,40.9204132303749,1,8
10,1992,R2,1992&#185;,1,Grade 4,MN:MN,RED,4,RRPCM,CO,Colorado,TOTAL,All students,1,All students,216.525360492548,1,8
11,1992,R2,1992&#185;,1,Grade 4,SD:SD,RED,4,RRPCM,CO,Colorado,TOTAL,All students,1,All students,31.5759370762081,1,8
12,1992,R2,1992&#185;,1,Grade 4,MN:MN,RED,4,RRPCM,CT,Connecticut,TOTAL,All students,1,All students,221.612642451919,1,8
13,1992,R2,1992&#185;,1,Grade 4,SD:SD,RED,4,RRPCM,CT,Connecticut,TOTAL,All students,1,All students,33.4126142775906,1,8
14,1992,R2,1992&#185;,1,Grade 4,MN:MN,RED,4,RRPCM,DC,District of Columbia,TOTAL,All students,1,All students,188.139887302877,1,8
15,1992,R2,1992&#185;,1,Grade 4,SD:SD,RED,4,RRPCM,DC,District of Columbia,TOTAL,All students,1,All students,38.4548104476035,1,8
16,1992,R2,1992&#185;,1,Grade 4,MN:MN,RED,4,RRPCM,DE,Delaware,TOTAL,All students,1,All students,212.92345013738,1,8
17,1992,R2,1992&#185;,1,Grade 4,SD:SD,RED,4,RRPCM,DE,Delaware,TOTAL,All students,1,All students,34.7422481316226,1,8
18,1992,R2,1992&#185;,1,Grade 4,MN:MN,RED,4,RRPCM,FL,Florida,TOTAL,All students,1,All students,208.308035013525,1,8
19,1992,R2,1992&#185;,1,Grade 4,SD:SD,RED,4,RRPCM,FL,Florida,TOTAL,All students,1,All students,35.5705898670851,1,8
20,1992,R2,1992&#185;,1,Grade 4,MN:MN,RED,4,RRPCM,GA,Georgia,TOTAL,All students,1,All students,212.34088993417,1,8
21,1992,R2,1992&#185;,1,Grade 4,SD:SD,RED,4,RRPCM,GA,Georgia,TOTAL,All students,1,All students,36.0736258347521,1,8
22,1992,R2,1992&#185;,1,Grade 4,MN:MN,RED,4,RRPCM,HI,Hawaii,TOTAL,All students,1,All students,203.426628130352,1,8
23,1992,R2,1992&#185;,1,Grade 4,SD:SD,RED,4,RRPCM,HI,Hawaii,TOTAL,All students,1,All students,36.5847208673512,1,8
24,1992,R2,1992&#185;,1,Grade 4,MN:MN,RED,4,RRPCM,IA,Iowa,TOTAL,All students,1,All students,225.490171445697,1,8
25,1992,R2,1992&#185;,1,Grade 4,SD:SD,RED,4,RRPCM,IA,Iowa,TOTAL,All students,1,All students,30.5461623230839,1,8
26,1992,R2,1992&#185;,1,Grade 4,MN:MN,RED,4,RRPCM,ID,Idaho,TOTAL,All students,1,All students,219.317028208157,1,8
27,1992,R2,1992&#185;,1,Grade 4,SD:SD,RED,4,RRPCM,ID,Idaho,TOTAL,All students,1,All students,30.5313171658217,1,8
28,1992,R2,1992&#185;,1,Grade 4,MN:MN,RED,4,RRPCM,IL,Illinois,TOTAL,All students,1,All students,999.0,0,328
29,1992,R2,1992&#185;,1,Grade 4,SD:SD,RED,4,RRPCM,IL,Illinois,TOTAL,All students,1,All students,999.0,0,328
30,1992,R2,1992&#185;,1,Grade 4,MN:MN,RED,4,RRPCM,IN,Indiana,TOTAL,All students,1,All students,221.146484876227,1,8
31,1992,R2,1992&#185;,1,Grade 4,SD:SD,RED,4,RRPCM,IN,Indiana,TOTAL,All students,1,All students,30.980965229003,1,8
32,1992,R2,1992&#185;,1,Grade 4,MN:MN,RED,4,RRPCM,KS,Kansas,TOTAL,All students,1,All students,999.0,0,328
33,1992,R2,1992&#185;,1,Grade 4,SD:SD,RED,4,RRPCM,KS,Kansas,TOTAL,All students,1,All students,999.0,0,328
34,1992,R2,1992&#185;,1,Grade 4,MN:MN,RED,4,RRPCM,KY,Kentucky,TOTAL,All students,1,All students,212.511666778967,1,8
35,1992,R2,1992&#185;,1,Grade 4,SD:SD,RED,4,RRPCM,KY,Kentucky,TOTAL,All students,1,All students,33.2726974542292,1,8
36,1992,R2,1992&#185;,1,Grade 4,MN:MN,RED,4,RRPCM,LA,Louisiana,TOTAL,All students,1,All students,203.689265435934,1,8
37,1992,R2,1992&#185;,1,Grade 4,SD:SD,RED,4,RRPCM,LA,Louisiana,TOTAL,All students,1,All students,32.9430641256249,1,8
38,1992,R2,1992&#185;,1,Grade 4,MN:MN,RED,4,RRPCM,MA,Massachusetts,TOTAL,All students,1,All students,226.00108924526,1,8
39,1992,R2,1992&#185;,1,Grade 4,SD:SD,RED,4,RRPCM,MA,Massachusetts,TOTAL,All students,1,All students,29.5744735970734,1,8
40,1992,R2,1992&#185;,1,Grade 4,MN:MN,RED,4,RRPCM,MD,Maryland,TOTAL,All students,1,All students,211.04152293468,1,8
41,1992,R2,1992&#185;,1,Grade 4,SD:SD,RED,4,RRPCM,MD,Maryland,TOTAL,All students,1,All students,36.5524188700695,1,8
42,1992,R2,1992&#185;,1,Grade 4,MN:MN,RED,4,RRPCM,ME,Maine,TOTAL,All students,1,All students,226.810122899015,1,8
43,1992,R2,1992&#185;,1,Grade 4,SD:SD,RED,4,RRPCM,ME,Maine,TOTAL,All students,1,All students,28.1017325313997,1,8
44,1992,R2,1992&#185;,1,Grade 4,MN:MN,RED,4,RRPCM,MI,Michigan,TOTAL,All students,1,All students,216.033733125329,1,8
45,1992,R2,1992&#185;,1,Grade 4,SD:SD,RED,4,RRPCM,MI,Michigan,TOTAL,All students,1,All students,32.3824279013468,1,8
46,1992,R2,1992&#185;,1,Grade 4,MN:MN,RED,4,RRPCM,MN,Minnesota,TOTAL,All students,1,All students,220.900719162895,1,8
47,1992,R2,1992&#185;,1,Grade 4,SD:SD,RED,4,RRPCM,MN,Minnesota,TOTAL,All students,1,All students,32.0524304459998,1,8
48,1992,R2,1992&#185;,1,Grade 4,MN:MN,RED,4,RRPCM,MO,Missouri,TOTAL,All students,1,All students,220.049405350833,1,8
49,1992,R2,1992&#185;,1,Grade 4,SD:SD,RED,4,RRPCM,MO,Missouri,TOTAL,All students,1,All students,31.8135512129467,1,8
50,1992,R2,1992&#185;,1,Grade 4,MN:MN,RED,4,RRPCM,MS,Mississippi,TOTAL,All students,1,All students,199.109062398651,1,8
51,1992,R2,1992&#185;,1,Grade 4,SD:SD,RED,4,RRPCM,MS,Mississippi,TOTAL,All students,1,All students,35.2730172361367,1,8
52,1992,R2,1992&#185;,1,Grade 4,MN:MN,RED,4,RRPCM,MT,Montana,TOTAL,All students,1,All students,999.0,0,328
53,1992,R2,1992&#185;,1,Grade 4,SD:SD,RED,4,RRPCM,MT,Montana,TOTAL,All students,1,All students,999.0,0,328
54,1992,R2,1992&#185;,1,Grade 4,MN:MN,RED,4,RRPCM,NC,North Carolina,TOTAL,All students,1,All students,211.545927244246,1,8
55,1992,R2,1992&#185;,1,Grade 4,SD:SD,RED,4,RRPCM,NC,North Carolina,TOTAL,All students,1,All students,36.8345140322199,1,8
56,1992,R2,1992&#185;,1,Grade 4,MN:MN,RED,4,RRPCM,ND,North Dakota,TOTAL,All students,1,All students,225.515950674023,1,8
57,1992,R2,1992&#185;,1,Grade 4,SD:SD,RED,4,RRPCM,ND,North Dakota,TOTAL,All students,1,All students,29.6327220313931,1,8
58,1992,R2,1992&#185;,1,Grade 4,MN:MN,RED,4,RRPCM,NE,Nebraska,TOTAL,All students,1,All students,221.176841973787,1,8
59,1992,R2,1992&#185;,1,Grade 4,SD:SD,RED,4,RRPCM,NE,Nebraska,TOTAL,All students,1,All students,31.7234615485607,1,8
60,1992,R2,1992&#185;,1,Grade 4,MN:MN,RED,4,RRPCM,NH,New Hampshire,TOTAL,All students,1,All students,227.71482466698,1,8
61,1992,R2,1992&#185;,1,Grade 4,SD:SD,RED,4,RRPCM,NH,New Hampshire,TOTAL,All students,1,All students,29.9194938274731,1,8
62,1992,R2,1992&#185;,1,Grade 4,MN:MN,RED,4,RRPCM,NJ,New Jersey,TOTAL,All students,1,All students,222.963653783424,1,8
63,1992,R2,1992&#185;,1,Grade 4,SD:SD,RED,4,RRPCM,NJ,New Jersey,TOTAL,All students,1,All students,33.3113183233343,1,8
64,1992,R2,1992&#185;,1,Grade 4,MN:MN,RED,4,RRPCM,NM,New Mexico,TOTAL,All students,1,All students,210.738443984213,1,8
65,1992,R2,1992&#185;,1,Grade 4,SD:SD,RED,4,RRPCM,NM,New Mexico,TOTAL,All students,1,All students,34.8737103606599,1,8
66,1992,R2,1992&#185;,1,Grade 4,MN:MN,RED,4,RRPCM,NP,National public,TOTAL,All students,1,All students,214.829961267963,1,8
67,1992,R2,1992&#185;,1,Grade 4,SD:SD,RED,4,RRPCM,NP,National public,TOTAL,All students,1,All students,35.6478535167226,1,8
68,1992,R2,1992&#185;,1,Grade 4,MN:MN,RED,4,RRPCM,NR,National private,TOTAL,All students,1,All students,231.840202695362,1,8
69,1992,R2,1992&#185;,1,Grade 4,SD:SD,RED,4,RRPCM,NR,National private,TOTAL,All students,1,All students,31.8328854097593,1,8
70,1992,R2,1992&#185;,1,Grade 4,MN:MN,RED,4,RRPCM,NT,National,TOTAL,All students,1,All students,216.737233780509,1,8
71,1992,R2,1992&#185;,1,Grade 4,SD:SD,RED,4,RRPCM,NT,National,TOTAL,All students,1,All students,35.5743181620102,1,8
72,1992,R2,1992&#185;,1,Grade 4,MN:MN,RED,4,RRPCM,NV,Nevada,TOTAL,All students,1,All students,999.0,0,328
73,1992,R2,1992&#185;,1,Grade 4,SD:SD,RED,4,RRPCM,NV,Nevada,TOTAL,All students,1,All students,999.0,0,328
74,1992,R2,1992&#185;,1,Grade 4,MN:MN,RED,4,RRPCM,NY,New York,TOTAL,All students,1,All students,214.625123268518,1,8
75,1992,R2,1992&#185;,1,Grade 4,SD:SD,RED,4,RRPCM,NY,New York,TOTAL,All students,1,All students,36.1228862962796,1,8
76,1992,R2,1992&#185;,1,Grade 4,MN:MN,RED,4,RRPCM,OH,Ohio,TOTAL,All students,1,All students,217.370297292174,1,8
77,1992,R2,1992&#185;,1,Grade 4,SD:SD,RED,4,RRPCM,OH,Ohio,TOTAL,All students,1,All students,32.5267164010245,1,8
78,1992,R2,1992&#185;,1,Grade 4,MN:MN,RED,4,RRPCM,OK,Oklahoma,TOTAL,All students,1,All students,220.2767769383,1,8
79,1992,R2,1992&#185;,1,Grade 4,SD:SD,RED,4,RRPCM,OK,Oklahoma,TOTAL,All students,1,All students,29.8533725380329,1,8
80,1992,R2,1992&#185;,1,Grade 4,MN:MN,RED,4,RRPCM,OR,Oregon,TOTAL,All students,1,All students,999.0,0,328
81,1992,R2,1992&#185;,1,Grade 4,SD:SD,RED,4,RRPCM,OR,Oregon,TOTAL,All students,1,All students,999.0,0,328
82,1992,R2,1992&#185;,1,Grade 4,MN:MN,RED,4,RRPCM,PA,Pennsylvania,TOTAL,All students,1,All students,220.692652863341,1,8
83,1992,R2,1992&#185;,1,Grade 4,SD:SD,RED,4,RRPCM,PA,Pennsylvania,TOTAL,All students,1,All students,33.0605039126514,1,8
84,1992,R2,1992&#185;,1,Grade 4,MN:MN,RED,4,RRPCM,RI,Rhode Island,TOTAL,All students,1,All students,216.614520670935,1,8
85,1992,R2,1992&#185;,1,Grade 4,SD:SD,RED,4,RRPCM,RI,Rhode Island,TOTAL,All students,1,All students,33.9572758548862,1,8
86,1992,R2,1992&#185;,1,Grade 4,MN:MN,RED,4,RRPCM,SC,South Carolina,TOTAL,All students,1,All students,209.716178357788,1,8
87,1992,R2,1992&#185;,1,Grade 4,SD:SD,RED,4,RRPCM,SC,South Carolina,TOTAL,All students,1,All students,34.5561184428118,1,8
88,1992,R2,1992&#185;,1,Grade 4,MN:MN,RED,4,RRPCM,SD,South Dakota,TOTAL,All students,1,All students,999.0,0,328
89,1992,R2,1992&#185;,1,Grade 4,SD:SD,RED,4,RRPCM,SD,South Dakota,TOTAL,All students,1,All students,999.0,0,328
90,1992,R2,1992&#185;,1,Grade 4,MN:MN,RED,4,RRPCM,TN,Tennessee,TOTAL,All students,1,All students,212.137178512881,1,8
91,1992,R2,1992&#185;,1,Grade 4,SD:SD,RED,4,RRPCM,TN,Tennessee,TOTAL,All students,1,All students,33.5807638432047,1,8
92,1992,R2,1992&#185;,1,Grade 4,MN:MN,RED,4,RRPCM,TX,Texas,TOTAL,All students,1,All students,212.504922222608,1,8
93,1992,R2,1992&#185;,1,Grade 4,SD:SD,RED,4,RRPCM,TX,Texas,TOTAL,All students,1,All students,34.2051172129147,1,8
94,1992,R2,1992&#185;,1,Grade 4,MN:MN,RED,4,RRPCM,UT,Utah,TOTAL,All students,1,All students,220.390231130988,1,8
95,1992,R2,1992&#185;,1,Grade 4,SD:SD,RED,4,RRPCM,UT,Utah,TOTAL,All students,1,All students,30.7642588137836,1,8
96,1992,R2,1992&#185;,1,Grade 4,MN:MN,RED,4,RRPCM,VA,Virginia,TOTAL,All students,1,All students,220.753494580772,1,8
97,1992,R2,1992&#185;,1,Grade 4,SD:SD,RED,4,RRPCM,VA,Virginia,TOTAL,All students,1,All students,32.8738559423546,1,8
98,1992,R2,1992&#185;,1,Grade 4,MN:MN,RED,4,RRPCM,VT,Vermont,TOTAL,All students,1,All students,999.0,0,328
99,1992,R2,1992&#185;,1,Grade 4,SD:SD,RED,4,RRPCM,VT,Vermont,TOTAL,All students,1,All students,999.0,0,328
100,1992,R2,1992&#185;,1,Grade 4,MN:MN,RED,4,RRPCM,WA,Washington,TOTAL,All students,1,All students,999.0,0,328
101,1992,R2,1992&#185;,1,Grade 4,SD:SD,RED,4,RRPCM,WA,Washington,TOTAL,All students,1,All students,999.0,0,328
102,1992,R2,1992&#185;,1,Grade 4,MN:MN,RED,4,RRPCM,WI,Wisconsin,TOTAL,All students,1,All students,223.608070704623,1,8
103,1992,R2,1992&#185;,1,Grade 4,SD:SD,RED,4,RRPCM,WI,Wisconsin,TOTAL,All students,1,All students,30.1451711357448,1,8
104,1992,R2,1992&#185;,1,Grade 4,MN:MN,RED,4,RRPCM,WV,West Virginia,TOTAL,All students,1,All students,215.535595080532,1,8
105,1992,R2,1992&#185;,1,Grade 4,SD:SD,RED,4,RRPCM,WV,West Virginia,TOTAL,All students,1,All students,33.198889941193,1,8
106,1992,R2,1992&#185;,1,Grade 4,MN:MN,RED,4,RRPCM,WY,Wyoming,TOTAL,All students,1,All students,222.983186582396,1,8
107,1992,R2,1992&#185;,1,Grade 4,SD:SD,RED,4,RRPCM,WY,Wyoming,TOTAL,All students,1,All students,30.4049508183836,1,8
108,1994,R2,1994&#185;,1,Grade 4,MN:MN,RED,4,RRPCM,AK,Alaska,TOTAL,All students,1,All students,999.0,0,328
109,1994,R2,1994&#185;,1,Grade 4,SD:SD,RED,4,RRPCM,AK,Alaska,TOTAL,All students,1,All students,999.0,0,328
110,1994,R2,1994&#185;,1,Grade 4,MN:MN,RED,4,RRPCM,AL,Alabama,TOTAL,All students,1,All students,207.963517196451,1,8
111,1994,R2,1994&#185;,1,Grade 4,SD:SD,RED,4,RRPCM,AL,Alabama,TOTAL,All students,1,All students,39.6449910110313,1,8
112,1994,R2,1994&#185;,1,Grade 4,MN:MN,RED,4,RRPCM,AR,Arkansas,TOTAL,All students,1,All students,208.634458392674,1,8
113,1994,R2,1994&#185;,1,Grade 4,SD:SD,RED,4,RRPCM,AR,Arkansas,TOTAL,All students,1,All students,39.3112088966086,1,8
114,1994,R2,1994&#185;,1,Grade 4,MN:MN,RED,4,RRPCM,AZ,Arizona,TOTAL,All students,1,All students,206.212715526558,1,8
115,1994,R2,1994&#185;,1,Grade 4,SD:SD,RED,4,RRPCM,AZ,Arizona,TOTAL,All students,1,All students,43.2009776881894,1,8
116,1994,R2,1994&#185;,1,Grade 4,MN:MN,RED,4,RRPCM,CA,California,TOTAL,All students,1,All students,196.764414122393,1,8
117,1994,R2,1994&#185;,1,Grade 4,SD:SD,RED,4,RRPCM,CA,California,TOTAL,All students,1,All students,44.0769289767962,1,8
118,1994,R2,1994&#185;,1,Grade 4,MN:MN,RED,4,RRPCM,CO,Colorado,TOTAL,All students,1,All students,213.480890325464,1,8
119,1994,R2,1994&#185;,1,Grade 4,SD:SD,RED,4,RRPCM,CO,Colorado,TOTAL,All students,1,All students,39.022716933154,1,8
120,1994,R2,1994&#185;,1,Grade 4,MN:MN,RED,4,RRPCM,CT,Connecticut,TOTAL,All students,1,All students,222.417598625519,1,8
121,1994,R2,1994&#185;,1,Grade 4,SD:SD,RED,4,RRPCM,CT,Connecticut,TOTAL,All students,1,All students,39.9749406509473,1,8
122,1994,R2,1994&#185;,1,Grade 4,MN:MN,RED,4,RRPCM,DC,District of Columbia,TOTAL,All students,1,All students,178.557611651728,1,8
123,1994,R2,1994&#185;,1,Grade 4,SD:SD,RED,4,RRPCM,DC,District of Columbia,TOTAL,All students,1,All students,43.055073782551,1,8
124,1994,R2,1994&#185;,1,Grade 4,MN:MN,RED,4,RRPCM,DE,Delaware,TOTAL,All students,1,All students,206.389051714292,1,8
125,1994,R2,1994&#185;,1,Grade 4,SD:SD,RED,4,RRPCM,DE,Delaware,TOTAL,All students,1,All students,41.7238262670164,1,8
126,1994,R2,1994&#185;,1,Grade 4,MN:MN,RED,4,RRPCM,FL,Florida,TOTAL,All students,1,All students,204.882606345676,1,8
127,1994,R2,1994&#185;,1,Grade 4,SD:SD,RED,4,RRPCM,FL,Florida,TOTAL,All students,1,All students,42.22795957177,1,8
128,1994,R2,1994&#185;,1,Grade 4,MN:MN,RED,4,RRPCM,GA,Georgia,TOTAL,All students,1,All students,206.84417466208,1,8
129,1994,R2,1994&#185;,1,Grade 4,SD:SD,RED,4,RRPCM,GA,Georgia,TOTAL,All students,1,All students,44.4872860130725,1,8
130,1994,R2,1994&#185;,1,Grade 4,MN:MN,RED,4,RRPCM,HI,Hawaii,TOTAL,All students,1,All students,200.88027220468,1,8
131,1994,R2,1994&#185;,1,Grade 4,SD:SD,RED,4,RRPCM,HI,Hawaii,TOTAL,All students,1,All students,42.4897721179362,1,8
132,1994,R2,1994&#185;,1,Grade 4,MN:MN,RED,4,RRPCM,IA,Iowa,TOTAL,All students,1,All students,222.852938978155,1,8
133,1994,R2,1994&#185;,1,Grade 4,SD:SD,RED,4,RRPCM,IA,Iowa,TOTAL,All students,1,All students,34.6126952944765,1,8
134,1994,R2,1994&#185;,1,Grade 4,MN:MN,RED,4,RRPCM,ID,Idaho,TOTAL,All students,1,All students,999.0,0,296
135,1994,R2,1994&#185;,1,Grade 4,SD:SD,RED,4,RRPCM,ID,Idaho,TOTAL,All students,1,All students,999.0,0,296
136,1994,R2,1994&#185;,1,Grade 4,MN:MN,RED,4,RRPCM,IL,Illinois,TOTAL,All students,1,All students,999.0,0,328
137,1994,R2,1994&#185;,1,Grade 4,SD:SD,RED,4,RRPCM,IL,Illinois,TOTAL,All students,1,All students,999.0,0,328
138,1994,R2,1994&#185;,1,Grade 4,MN:MN,RED,4,RRPCM,IN,Indiana,TOTAL,All students,1,All students,219.763257536075,1,8
139,1994,R2,1994&#185;,1,Grade 4,SD:SD,RED,4,RRPCM,IN,Indiana,TOTAL,All students,1,All students,35.745776922613,1,8
140,1994,R2,1994&#185;,1,Grade 4,MN:MN,RED,4,RRPCM,KS,Kansas,TOTAL,All students,1,All students,999.0,0,328
141,1994,R2,1994&#185;,1,Grade 4,SD:SD,RED,4,RRPCM,KS,Kansas,TOTAL,All students,1,All students,999.0,0,328
142,1994,R2,1994&#185;,1,Grade 4,MN:MN,RED,4,RRPCM,KY,Kentucky,TOTAL,All students,1,All students,211.562307283476,1,8
143,1994,R2,1994&#185;,1,Grade 4,SD:SD,RED,4,RRPCM,KY,Kentucky,TOTAL,All students,1,All students,38.5214204833854,1,8
144,1994,R2,1994&#185;,1,Grade 4,MN:MN,RED,4,RRPCM,LA,Louisiana,TOTAL,All students,1,All students,196.76226783783,1,8
145,1994,R2,1994&#185;,1,Grade 4,SD:SD,RED,4,RRPCM,LA,Louisiana,TOTAL,All students,1,All students,38.8497285796088,1,8
146,1994,R2,1994&#185;,1,Grade 4,MN:MN,RED,4,RRPCM,MA,Massachusetts,TOTAL,All students,1,All students,223.16007568135,1,8
147,1994,R2,1994&#185;,1,Grade 4,SD:SD,RED,4,RRPCM,MA,Massachusetts,TOTAL,All students,1,All students,34.2123264780404,1,8
148,1994,R2,1994&#185;,1,Grade 4,MN:MN,RED,4,RRPCM,MD,Maryland,TOTAL,All students,1,All students,209.645496686524,1,8
149,1994,R2,1994&#185;,1,Grade 4,SD:SD,RED,4,RRPCM,MD,Maryland,TOTAL,All students,1,All students,42.896414177478,1,8
150,1994,R2,1994&#185;,1,Grade 4,MN:MN,RED,4,RRPCM,ME,Maine,TOTAL,All students,1,All students,228.380026776111,1,8
151,1994,R2,1994&#185;,1,Grade 4,SD:SD,RED,4,RRPCM,ME,Maine,TOTAL,All students,1,All students,32.1955378320497,1,8
152,1994,R2,1994&#185;,1,Grade 4,MN:MN,RED,4,RRPCM,MI,Michigan,TOTAL,All students,1,All students,999.0,0,296
153,1994,R2,1994&#185;,1,Grade 4,SD:SD,RED,4,RRPCM,MI,Michigan,TOTAL,All students,1,All students,999.0,0,296
154,1994,R2,1994&#185;,1,Grade 4,MN:MN,RED,4,RRPCM,MN,Minnesota,TOTAL,All students,1,All students,218.301709171959,1,8
155,1994,R2,1994&#185;,1,Grade 4,SD:SD,RED,4,RRPCM,MN,Minnesota,TOTAL,All students,1,All students,38.2248404382723,1,8
156,1994,R2,1994&#185;,1,Grade 4,MN:MN,RED,4,RRPCM,MO,Missouri,TOTAL,All students,1,All students,216.898079209576,1,8
157,1994,R2,1994&#185;,1,Grade 4,SD:SD,RED,4,RRPCM,MO,Missouri,TOTAL,All students,1,All students,38.2163423394366,1,8
158,1994,R2,1994&#185;,1,Grade 4,MN:MN,RED,4,RRPCM,MS,Mississippi,TOTAL,All students,1,All students,201.529327838956,1,8
159,1994,R2,1994&#185;,1,Grade 4,SD:SD,RED,4,RRPCM,MS,Mississippi,TOTAL,All students,1,All students,39.4863626448569,1,8
160,1994,R2,1994&#185;,1,Grade 4,MN:MN,RED,4,RRPCM,MT,Montana,TOTAL,All students,1,All students,222.301419050803,1,8
161,1994,R2,1994&#185;,1,Grade 4,SD:SD,RED,4,RRPCM,MT,Montana,TOTAL,All students,1,All students,34.2199913068393,1,8
162,1994,R2,1994&#185;,1,Grade 4,MN:MN,RED,4,RRPCM,NC,North Carolina,TOTAL,All students,1,All students,214.358085541861,1,8
163,1994,R2,1994&#185;,1,Grade 4,SD:SD,RED,4,RRPCM,NC,North Carolina,TOTAL,All students,1,All students,40.2390776031733,1,8
164,1994,R2,1994&#185;,1,Grade 4,MN:MN,RED,4,RRPCM,ND,North Dakota,TOTAL,All students,1,All students,225.23908328463,1,8
165,1994,R2,1994&#185;,1,Grade 4,SD:SD,RED,4,RRPCM,ND,North Dakota,TOTAL,All students,1,All students,33.3759092728746,1,8
166,1994,R2,1994&#185;,1,Grade 4,MN:MN,RED,4,RRPCM,NE,Nebraska,TOTAL,All students,1,All students,220.034963055612,1,8
167,1994,R2,1994&#185;,1,Grade 4,SD:SD,RED,4,RRPCM,NE,Nebraska,TOTAL,All students,1,All students,38.1463265064477,1,8
168,1994,R2,1994&#185;,1,Grade 4,MN:MN,RED,4,RRPCM,NH,New Hampshire,TOTAL,All students,1,All students,223.466139521211,1,8
169,1994,R2,1994&#185;,1,Grade 4,SD:SD,RED,4,RRPCM,NH,New Hampshire,TOTAL,All students,1,All students,34.856621260379,1,8
170,1994,R2,1994&#185;,1,Grade 4,MN:MN,RED,4,RRPCM,NJ,New Jersey,TOTAL,All students,1,All students,219.390468316229,1,8
171,1994,R2,1994&#185;,1,Grade 4,SD:SD,RED,4,RRPCM,NJ,New Jersey,TOTAL,All students,1,All students,37.900169607997,1,8
172,1994,R2,1994&#185;,1,Grade 4,MN:MN,RED,4,RRPCM,NM,New Mexico,TOTAL,All students,1,All students,204.535910683103,1,8
173,1994,R2,1994&#185;,1,Grade 4,SD:SD,RED,4,RRPCM,NM,New Mexico,TOTAL,All students,1,All students,40.2420038960663,1,8
174,1994,R2,1994&#185;,1,Grade 4,MN:MN,RED,4,RRPCM,NP,National public,TOTAL,All students,1,All students,212.333467075468,1,8
175,1994,R2,1994&#185;,1,Grade 4,SD:SD,RED,4,RRPCM,NP,National public,TOTAL,All students,1,All students,40.8930664319946,1,8
176,1994,R2,1994&#185;,1,Grade 4,MN:MN,RED,4,RRPCM,NR,National private,TOTAL,All students,1,All students,230.971437265547,1,8
177,1994,R2,1994&#185;,1,Grade 4,SD:SD,RED,4,RRPCM,NR,National private,TOTAL,All students,1,All students,33.3561252940009,1,8
178,1994,R2,1994&#185;,1,Grade 4,MN:MN,RED,4,RRPCM,NT,National,TOTAL,All students,1,All students,214.261426003004,1,8
179,1994,R2,1994&#185;,1,Grade 4,SD:SD,RED,4,RRPCM,NT,National,TOTAL,All students,1,All students,40.5788456689667,1,8
180,1994,R2,1994&#185;,1,Grade 4,MN:MN,RED,4,RRPCM,NV,Nevada,TOTAL,All students,1,All students,999.0,0,328
181,1994,R2,1994&#185;,1,Grade 4,SD:SD,RED,4,RRPCM,NV,Nevada,TOTAL,All students,1,All students,999.0,0,328
182,1994,R2,1994&#185;,1,Grade 4,MN:MN,RED,4,RRPCM,NY,New York,TOTAL,All students,1,All students,211.74092082461,1,8
183,1994,R2,1994&#185;,1,Grade 4,SD:SD,RED,4,RRPCM,NY,New York,TOTAL,All students,1,All students,40.0931734314638,1,8
184,1994,R2,1994&#185;,1,Grade 4,MN:MN,RED,4,RRPCM,OH,Ohio,TOTAL,All students,1,All students,999.0,0,328
185,1994,R2,1994&#185;,1,Grade 4,SD:SD,RED,4,RRPCM,OH,Ohio,TOTAL,All students,1,All students,999.0,0,328
186,1994,R2,1994&#185;,1,Grade 4,MN:MN,RED,4,RRPCM,OK,Oklahoma,TOTAL,All students,1,All students,999.0,0,328
187,1994,R2,1994&#185;,1,Grade 4,SD:SD,RED,4,RRPCM,OK,Oklahoma,TOTAL,All students,1,All students,999.0,0,328
188,1994,R2,1994&#185;,1,Grade 4,MN:MN,RED,4,RRPCM,OR,Oregon,TOTAL,All students,1,All students,999.0,0,328
189,1994,R2,1994&#185;,1,Grade 4,SD:SD,RED,4,RRPCM,OR,Oregon,TOTAL,All students,1,All students,999.0,0,328
190,1994,R2,1994&#185;,1,Grade 4,MN:MN,RED,4,RRPCM,PA,Pennsylvania,TOTAL,All students,1,All students,215.268341493165,1,8
191,1994,R2,1994&#185;,1,Grade 4,SD:SD,RED,4,RRPCM,PA,Pennsylvania,TOTAL,All students,1,All students,39.4557330202455,1,8
192,1994,R2,1994&#185;,1,Grade 4,MN:MN,RED,4,RRPCM,RI,Rhode Island,TOTAL,All students,1,All students,219.940097703478,1,8
193,1994,R2,1994&#185;,1,Grade 4,SD:SD,RED,4,RRPCM,RI,Rhode Island,TOTAL,All students,1,All students,35.7896299554997,1,8
194,1994,R2,1994&#185;,1,Grade 4,MN:MN,RED,4,RRPCM,SC,South Carolina,TOTAL,All students,1,All students,203.416190261787,1,8
195,1994,R2,1994&#185;,1,Grade 4,SD:SD,RED,4,RRPCM,SC,South Carolina,TOTAL,All students,1,All students,39.5147050192627,1,8
196,1994,R2,1994&#185;,1,Grade 4,MN:MN,RED,4,RRPCM,SD,South Dakota,TOTAL,All students,1,All students,999.0,0,328
197,1994,R2,1994&#185;,1,Grade 4,SD:SD,RED,4,RRPCM,SD,South Dakota,TOTAL,All students,1,All students,999.0,0,328
198,1994,R2,1994&#185;,1,Grade 4,MN:MN,RED,4,RRPCM,TN,Tennessee,TOTAL,All students,1,All students,212.531394061172,1,8
199,1994,R2,1994&#185;,1,Grade 4,SD:SD,RED,4,RRPCM,TN,Tennessee,TOTAL,All students,1,All students,38.4797152055281,1,8
200,1994,R2,1994&#185;,1,Grade 4,MN:MN,RED,4,RRPCM,TX,Texas,TOTAL,All students,1,All students,212.394311044766,1,8
201,1994,R2,1994&#185;,1,Grade 4,SD:SD,RED,4,RRPCM,TX,Texas,TOTAL,All students,1,All students,38.5050156764352,1,8
202,1994,R2,1994&#185;,1,Grade 4,MN:MN,RED,4,RRPCM,UT,Utah,TOTAL,All students,1,All students,217.330392762367,1,8
203,1994,R2,1994&#185;,1,Grade 4,SD:SD,RED,4,RRPCM,UT,Utah,TOTAL,All students,1,All students,37.0729009788813,1,8
204,1994,R2,1994&#185;,1,Grade 4,MN:MN,RED,4,RRPCM,VA,Virginia,TOTAL,All students,1,All students,213.457285928432,1,8
205,1994,R2,1994&#185;,1,Grade 4,SD:SD,RED,4,RRPCM,VA,Virginia,TOTAL,All students,1,All students,37.734826577647,1,8
206,1994,R2,1994&#185;,1,Grade 4,MN:MN,RED,4,RRPCM,VT,Vermont,TOTAL,All students,1,All students,999.0,0,328
207,1994,R2,1994&#185;,1,Grade 4,SD:SD,RED,4,RRPCM,VT,Vermont,TOTAL,All students,1,All students,999.0,0,328
208,1994,R2,1994&#185;,1,Grade 4,MN:MN,RED,4,RRPCM,WA,Washington,TOTAL,All students,1,All students,212.695385844034,1,8
209,1994,R2,1994&#185;,1,Grade 4,SD:SD,RED,4,RRPCM,WA,Washington,TOTAL,All students,1,All students,38.8380236688045,1,8
210,1994,R2,1994&#185;,1,Grade 4,MN:MN,RED,4,RRPCM,WI,Wisconsin,TOTAL,All students,1,All students,224.174545295572,1,8
211,1994,R2,1994&#185;,1,Grade 4,SD:SD,RED,4,RRPCM,WI,Wisconsin,TOTAL,All students,1,All students,31.8836685230375,1,8
212,1994,R2,1994&#185;,1,Grade 4,MN:MN,RED,4,RRPCM,WV,West Virginia,TOTAL,All students,1,All students,213.146934703516,1,8
213,1994,R2,1994&#185;,1,Grade 4,SD:SD,RED,4,RRPCM,WV,West Virginia,TOTAL,All students,1,All students,37.0905081304657,1,8
214,1994,R2,1994&#185;,1,Grade 4,MN:MN,RED,4,RRPCM,WY,Wyoming,TOTAL,All students,1,All students,221.185555866572,1,8
215,1994,R2,1994&#185;,1,Grade 4,SD:SD,RED,4,RRPCM,WY,Wyoming,TOTAL,All students,1,All students,31.9072524246063,1,8
216,1998,R3,1998,1,Grade 4,MN:MN,RED,4,RRPCM,AK,Alaska,TOTAL,All students,1,All students,999.0,0,320
217,1998,R3,1998,1,Grade 4,SD:SD,RED,4,RRPCM,AK,Alaska,TOTAL,All students,1,All students,999.0,0,320
218,1998,R3,1998,1,Grade 4,MN:MN,RED,4,RRPCM,AL,Alabama,TOTAL,All students,1,All students,211.337526642851,1,0
219,1998,R3,1998,1,Grade 4,SD:SD,RED,4,RRPCM,AL,Alabama,TOTAL,All students,1,All students,35.2455523687724,1,0
220,1998,R3,1998,1,Grade 4,MN:MN,RED,4,RRPCM,AR,Arkansas,TOTAL,All students,1,All students,208.741779667795,1,0
221,1998,R3,1998,1,Grade 4,SD:SD,RED,4,RRPCM,AR,Arkansas,TOTAL,All students,1,All students,38.2348793826048,1,0
222,1998,R3,1998,1,Grade 4,MN:MN,RED,4,RRPCM,AZ,Arizona,TOTAL,All students,1,All students,206.434866034581,1,0
223,1998,R3,1998,1,Grade 4,SD:SD,RED,4,RRPCM,AZ,Arizona,TOTAL,All students,1,All students,39.3486913750184,1,0
224,1998,R3,1998,1,Grade 4,MN:MN,RED,4,RRPCM,CA,California,TOTAL,All students,1,All students,202.424798769762,1,0
225,1998,R3,1998,1,Grade 4,SD:SD,RED,4,RRPCM,CA,California,TOTAL,All students,1,All students,41.6445429547144,1,0
226,1998,R3,1998,1,Grade 4,MN:MN,RED,4,RRPCM,CO,Colorado,TOTAL,All students,1,All students,220.241012312641,1,0
227,1998,R3,1998,1,Grade 4,SD:SD,RED,4,RRPCM,CO,Colorado,TOTAL,All students,1,All students,34.7963539274316,1,0
228,1998,R3,1998,1,Grade 4,MN:MN,RED,4,RRPCM,CT,Connecticut,TOTAL,All students,1,All students,230.004508994831,1,0
229,1998,R3,1998,1,Grade 4,SD:SD,RED,4,RRPCM,CT,Connecticut,TOTAL,All students,1,All students,33.4906518364359,1,0
230,1998,R3,1998,1,Grade 4,MN:MN,RED,4,RRPCM,DC,District of Columbia,TOTAL,All students,1,All students,179.236472050658,1,0
231,1998,R3,1998,1,Grade 4,SD:SD,RED,4,RRPCM,DC,District of Columbia,TOTAL,All students,1,All students,46.7204790280838,1,0
232,1998,R3,1998,1,Grade 4,MN:MN,RED,4,RRPCM,DE,Delaware,TOTAL,All students,1,All students,207.040987083531,1,0
233,1998,R3,1998,1,Grade 4,SD:SD,RED,4,RRPCM,DE,Delaware,TOTAL,All students,1,All students,41.2791717793781,1,0
234,1998,R3,1998,1,Grade 4,MN:MN,RED,4,RRPCM,FL,Florida,TOTAL,All students,1,All students,205.733211117979,1,0
235,1998,R3,1998,1,Grade 4,SD:SD,RED,4,RRPCM,FL,Florida,TOTAL,All students,1,All students,41.317626023644,1,0
236,1998,R3,1998,1,Grade 4,MN:MN,RED,4,RRPCM,GA,Georgia,TOTAL,All students,1,All students,208.508599298209,1,0
237,1998,R3,1998,1,Grade 4,SD:SD,RED,4,RRPCM,GA,Georgia,TOTAL,All students,1,All students,39.522861592485,1,0
238,1998,R3,1998,1,Grade 4,MN:MN,RED,4,RRPCM,HI,Hawaii,TOTAL,All students,1,All students,199.726623436114,1,0
239,1998,R3,1998,1,Grade 4,SD:SD,RED,4,RRPCM,HI,Hawaii,TOTAL,All students,1,All students,41.4951159479899,1,0
240,1998,R3,1998,1,Grade 4,MN:MN,RED,4,RRPCM,IA,Iowa,TOTAL,All students,1,All students,220.118009579166,1,0
241,1998,R3,1998,1,Grade 4,SD:SD,RED,4,RRPCM,IA,Iowa,TOTAL,All students,1,All students,35.4776784607809,1,0
242,1998,R3,1998,1,Grade 4,MN:MN,RED,4,RRPCM,ID,Idaho,TOTAL,All students,1,All students,999.0,0,320
243,1998,R3,1998,1,Grade 4,SD:SD,RED,4,RRPCM,ID,Idaho,TOTAL,All students,1,All students,999.0,0,320
244,1998,R3,1998,1,Grade 4,MN:MN,RED,4,RRPCM,IL,Illinois,TOTAL,All students,1,All students,999.0,0,288
245,1998,R3,1998,1,Grade 4,SD:SD,RED,4,RRPCM,IL,Illinois,TOTAL,All students,1,All students,999.0,0,288
246,1998,R3,1998,1,Grade 4,MN:MN,RED,4,RRPCM,IN,Indiana,TOTAL,All students,1,All students,999.0,0,320
247,1998,R3,1998,1,Grade 4,SD:SD,RED,4,RRPCM,IN,Indiana,TOTAL,All students,1,All students,999.0,0,320
248,1998,R3,1998,1,Grade 4,MN:MN,RED,4,RRPCM,KS,Kansas,TOTAL,All students,1,All students,221.250836644526,1,0
249,1998,R3,1998,1,Grade 4,SD:SD,RED,4,RRPCM,KS,Kansas,TOTAL,All students,1,All students,35.7484011934775,1,0
250,1998,R3,1998,1,Grade 4,MN:MN,RED,4,RRPCM,KY,Kentucky,TOTAL,All students,1,All students,217.500165480246,1,0
251,1998,R3,1998,1,Grade 4,SD:SD,RED,4,RRPCM,KY,Kentucky,TOTAL,All students,1,All students,34.474875179111,1,0
252,1998,R3,1998,1,Grade 4,MN:MN,RED,4,RRPCM,LA,Louisiana,TOTAL,All students,1,All students,200.340635170047,1,0
253,1998,R3,1998,1,Grade 4,SD:SD,RED,4,RRPCM,LA,Louisiana,TOTAL,All students,1,All students,39.7192149678329,1,0
254,1998,R3,1998,1,Grade 4,MN:MN,RED,4,RRPCM,MA,Massachusetts,TOTAL,All students,1,All students,222.837528321055,1,0
255,1998,R3,1998,1,Grade 4,SD:SD,RED,4,RRPCM,MA,Massachusetts,TOTAL,All students,1,All students,35.0299157650573,1,0
256,1998,R3,1998,1,Grade 4,MN:MN,RED,4,RRPCM,MD,Maryland,TOTAL,All students,1,All students,211.679094016117,1,0
257,1998,R3,1998,1,Grade 4,SD:SD,RED,4,RRPCM,MD,Maryland,TOTAL,All students,1,All students,39.9324518781722,1,0
258,1998,R3,1998,1,Grade 4,MN:MN,RED,4,RRPCM,ME,Maine,TOTAL,All students,1,All students,224.76109981127,1,0
259,1998,R3,1998,1,Grade 4,SD:SD,RED,4,RRPCM,ME,Maine,TOTAL,All students,1,All students,31.5696558089219,1,0
260,1998,R3,1998,1,Grade 4,MN:MN,RED,4,RRPCM,MI,Michigan,TOTAL,All students,1,All students,215.952294601399,1,0
261,1998,R3,1998,1,Grade 4,SD:SD,RED,4,RRPCM,MI,Michigan,TOTAL,All students,1,All students,35.1073831838856,1,0
262,1998,R3,1998,1,Grade 4,MN:MN,RED,4,RRPCM,MN,Minnesota,TOTAL,All students,1,All students,219.211336234748,1,0
263,1998,R3,1998,1,Grade 4,SD:SD,RED,4,RRPCM,MN,Minnesota,TOTAL,All students,1,All students,39.3425777070155,1,0
264,1998,R3,1998,1,Grade 4,MN:MN,RED,4,RRPCM,MO,Missouri,TOTAL,All students,1,All students,215.551927842601,1,0
265,1998,R3,1998,1,Grade 4,SD:SD,RED,4,RRPCM,MO,Missouri,TOTAL,All students,1,All students,36.2252836439138,1,0
266,1998,R3,1998,1,Grade 4,MN:MN,RED,4,RRPCM,MS,Mississippi,TOTAL,All students,1,All students,203.227700108732,1,0
267,1998,R3,1998,1,Grade 4,SD:SD,RED,4,RRPCM,MS,Mississippi,TOTAL,All students,1,All students,36.31023586326,1,0
268,1998,R3,1998,1,Grade 4,MN:MN,RED,4,RRPCM,MT,Montana,TOTAL,All students,1,All students,224.791361647376,1,0
269,1998,R3,1998,1,Grade 4,SD:SD,RED,4,RRPCM,MT,Montana,TOTAL,All students,1,All students,33.3739420925225,1,0
270,1998,R3,1998,1,Grade 4,MN:MN,RED,4,RRPCM,NC,North Carolina,TOTAL,All students,1,All students,212.901159779852,1,0
271,1998,R3,1998,1,Grade 4,SD:SD,RED,4,RRPCM,NC,North Carolina,TOTAL,All students,1,All students,38.7702834349459,1,0
272,1998,R3,1998,1,Grade 4,MN:MN,RED,4,RRPCM,ND,North Dakota,TOTAL,All students,1,All students,999.0,0,320
273,1998,R3,1998,1,Grade 4,SD:SD,RED,4,RRPCM,ND,North Dakota,TOTAL,All students,1,All students,999.0,0,320
274,1998,R3,1998,1,Grade 4,MN:MN,RED,4,RRPCM,NE,Nebraska,TOTAL,All students,1,All students,999.0,0,320
275,1998,R3,1998,1,Grade 4,SD:SD,RED,4,RRPCM,NE,Nebraska,TOTAL,All students,1,All students,999.0,0,320
276,1998,R3,1998,1,Grade 4,MN:MN,RED,4,RRPCM,NH,New Hampshire,TOTAL,All students,1,All students,226.180531463344,1,0
277,1998,R3,1998,1,Grade 4,SD:SD,RED,4,RRPCM,NH,New Hampshire,TOTAL,All students,1,All students,31.0929307943322,1,0
278,1998,R3,1998,1,Grade 4,MN:MN,RED,4,RRPCM,NJ,New Jersey,TOTAL,All students,1,All students,999.0,0,320
279,1998,R3,1998,1,Grade 4,SD:SD,RED,4,RRPCM,NJ,New Jersey,TOTAL,All students,1,All students,999.0,0,320
280,1998,R3,1998,1,Grade 4,MN:MN,RED,4,RRPCM,NM,New Mexico,TOTAL,All students,1,All students,204.868936810269,1,0
281,1998,R3,1998,1,Grade 4,SD:SD,RED,4,RRPCM,NM,New Mexico,TOTAL,All students,1,All students,40.9645263762944,1,0
282,1998,R3,1998,1,Grade 4,MN:MN,RED,4,RRPCM,NP,National public,TOTAL,All students,1,All students,212.815205030177,1,0
283,1998,R3,1998,1,Grade 4,SD:SD,RED,4,RRPCM,NP,National public,TOTAL,All students,1,All students,38.9087707151639,1,0
284,1998,R3,1998,1,Grade 4,MN:MN,RED,4,RRPCM,NR,National private,TOTAL,All students,1,All students,232.343803133135,1,0
285,1998,R3,1998,1,Grade 4,SD:SD,RED,4,RRPCM,NR,National private,TOTAL,All students,1,All students,33.4073055125811,1,0
286,1998,R3,1998,1,Grade 4,MN:MN,RED,4,RRPCM,NT,National,TOTAL,All students,1,All students,214.766393936642,1,0
287,1998,R3,1998,1,Grade 4,SD:SD,RED,4,RRPCM,NT,National,TOTAL,All students,1,All students,38.8392547587087,1,0
288,1998,R3,1998,1,Grade 4,MN:MN,RED,4,RRPCM,NV,Nevada,TOTAL,All students,1,All students,205.78635595221,1,0
289,1998,R3,1998,1,Grade 4,SD:SD,RED,4,RRPCM,NV,Nevada,TOTAL,All students,1,All students,38.1568173947755,1,0
290,1998,R3,1998,1,Grade 4,MN:MN,RED,4,RRPCM,NY,New York,TOTAL,All students,1,All students,215.421751706424,1,0
291,1998,R3,1998,1,Grade 4,SD:SD,RED,4,RRPCM,NY,New York,TOTAL,All students,1,All students,36.6088267181914,1,0
292,1998,R3,1998,1,Grade 4,MN:MN,RED,4,RRPCM,OH,Ohio,TOTAL,All students,1,All students,999.0,0,320
293,1998,R3,1998,1,Grade 4,SD:SD,RED,4,RRPCM,OH,Ohio,TOTAL,All students,1,All students,999.0,0,320
294,1998,R3,1998,1,Grade 4,MN:MN,RED,4,RRPCM,OK,Oklahoma,TOTAL,All students,1,All students,219.211313213593,1,0
295,1998,R3,1998,1,Grade 4,SD:SD,RED,4,RRPCM,OK,Oklahoma,TOTAL,All students,1,All students,33.0205449737686,1,0
296,1998,R3,1998,1,Grade 4,MN:MN,RED,4,RRPCM,OR,Oregon,TOTAL,All students,1,All students,211.556950888906,1,0
297,1998,R3,1998,1,Grade 4,SD:SD,RED,4,RRPCM,OR,Oregon,TOTAL,All students,1,All students,39.850231957118,1,0
298,1998,R3,1998,1,Grade 4,MN:MN,RED,4,RRPCM,PA,Pennsylvania,TOTAL,All students,1,All students,999.0,0,320
299,1998,R3,1998,1,Grade 4,SD:SD,RED,4,RRPCM,PA,Pennsylvania,TOTAL,All students,1,All students,999.0,0,320
300,1998,R3,1998,1,Grade 4,MN:MN,RED,4,RRPCM,RI,Rhode Island,TOTAL,All students,1,All students,217.886351738594,1,0
301,1998,R3,1998,1,Grade 4,SD:SD,RED,4,RRPCM,RI,Rhode Island,TOTAL,All students,1,All students,37.6585432485552,1,0
302,1998,R3,1998,1,Grade 4,MN:MN,RED,4,RRPCM,SC,South Carolina,TOTAL,All students,1,All students,208.833461740163,1,0
303,1998,R3,1998,1,Grade 4,SD:SD,RED,4,RRPCM,SC,South Carolina,TOTAL,All students,1,All students,36.5501530137587,1,0
304,1998,R3,1998,1,Grade 4,MN:MN,RED,4,RRPCM,SD,South Dakota,TOTAL,All students,1,All students,999.0,0,320
305,1998,R3,1998,1,Grade 4,SD:SD,RED,4,RRPCM,SD,South Dakota,TOTAL,All students,1,All students,999.0,0,320
306,1998,R3,1998,1,Grade 4,MN:MN,RED,4,RRPCM,TN,Tennessee,TOTAL,All students,1,All students,211.796116356461,1,0
307,1998,R3,1998,1,Grade 4,SD:SD,RED,4,RRPCM,TN,Tennessee,TOTAL,All students,1,All students,36.393758417429,1,0
308,1998,R3,1998,1,Grade 4,MN:MN,RED,4,RRPCM,TX,Texas,TOTAL,All students,1,All students,214.154157644858,1,0
309,1998,R3,1998,1,Grade 4,SD:SD,RED,4,RRPCM,TX,Texas,TOTAL,All students,1,All students,36.8480940993495,1,0
310,1998,R3,1998,1,Grade 4,MN:MN,RED,4,RRPCM,UT,Utah,TOTAL,All students,1,All students,216.215269500581,1,0
311,1998,R3,1998,1,Grade 4,SD:SD,RED,4,RRPCM,UT,Utah,TOTAL,All students,1,All students,34.5208619005711,1,0
312,1998,R3,1998,1,Grade 4,MN:MN,RED,4,RRPCM,VA,Virginia,TOTAL,All students,1,All students,217.247970546416,1,0
313,1998,R3,1998,1,Grade 4,SD:SD,RED,4,RRPCM,VA,Virginia,TOTAL,All students,1,All students,35.541420630636,1,0
314,1998,R3,1998,1,Grade 4,MN:MN,RED,4,RRPCM,VT,Vermont,TOTAL,All students,1,All students,999.0,0,320
315,1998,R3,1998,1,Grade 4,SD:SD,RED,4,RRPCM,VT,Vermont,TOTAL,All students,1,All students,999.0,0,320
316,1998,R3,1998,1,Grade 4,MN:MN,RED,4,RRPCM,WA,Washington,TOTAL,All students,1,All students,218.156518823612,1,0
317,1998,R3,1998,1,Grade 4,SD:SD,RED,4,RRPCM,WA,Washington,TOTAL,All students,1,All students,34.929958979852,1,0
318,1998,R3,1998,1,Grade 4,MN:MN,RED,4,RRPCM,WI,Wisconsin,TOTAL,All students,1,All students,222.389048085988,1,0
319,1998,R3,1998,1,Grade 4,SD:SD,RED,4,RRPCM,WI,Wisconsin,TOTAL,All students,1,All students,32.4758991894401,1,0
320,1998,R3,1998,1,Grade 4,MN:MN,RED,4,RRPCM,WV,West Virginia,TOTAL,All students,1,All students,215.620928131751,1,0
321,1998,R3,1998,1,Grade 4,SD:SD,RED,4,RRPCM,WV,West Virginia,TOTAL,All students,1,All students,34.9964111951758,1,0
322,1998,R3,1998,1,Grade 4,MN:MN,RED,4,RRPCM,WY,Wyoming,TOTAL,All students,1,All students,218.232022862738,1,0
323,1998,R3,1998,1,Grade 4,SD:SD,RED,4,RRPCM,WY,Wyoming,TOTAL,All students,1,All students,34.353342872193,1,0
324,2000,R3,2000,1,Grade 4,MN:MN,RED,4,RRPCM,AK,Alaska,TOTAL,All students,1,All students,999.0,0,320
325,2000,R3,2000,1,Grade 4,SD:SD,RED,4,RRPCM,AK,Alaska,TOTAL,All students,1,All students,999.0,0,320
326,2000,R3,2000,1,Grade 4,MN:MN,RED,4,RRPCM,AL,Alabama,TOTAL,All students,1,All students,999.0,0,320
327,2000,R3,2000,1,Grade 4,SD:SD,RED,4,RRPCM,AL,Alabama,TOTAL,All students,1,All students,999.0,0,320
328,2000,R3,2000,1,Grade 4,MN:MN,RED,4,RRPCM,AR,Arkansas,TOTAL,All students,1,All students,999.0,0,320
329,2000,R3,2000,1,Grade 4,SD:SD,RED,4,RRPCM,AR,Arkansas,TOTAL,All students,1,All students,999.0,0,320
330,2000,R3,2000,1,Grade 4,MN:MN,RED,4,RRPCM,AZ,Arizona,TOTAL,All students,1,All students,999.0,0,320
331,2000,R3,2000,1,Grade 4,SD:SD,RED,4,RRPCM,AZ,Arizona,TOTAL,All students,1,All students,999.0,0,320
332,2000,R3,2000,1,Grade 4,MN:MN,RED,4,RRPCM,CA,California,TOTAL,All students,1,All students,999.0,0,320
333,2000,R3,2000,1,Grade 4,SD:SD,RED,4,RRPCM,CA,California,TOTAL,All students,1,All students,999.0,0,320
334,2000,R3,2000,1,Grade 4,MN:MN,RED,4,RRPCM,CO,Colorado,TOTAL,All students,1,All students,999.0,0,320
335,2000,R3,2000,1,Grade 4,SD:SD,RED,4,RRPCM,CO,Colorado,TOTAL,All students,1,All students,999.0,0,320
336,2000,R3,2000,1,Grade 4,MN:MN,RED,4,RRPCM,CT,Connecticut,TOTAL,All students,1,All students,999.0,0,320
337,2000,R3,2000,1,Grade 4,SD:SD,RED,4,RRPCM,CT,Connecticut,TOTAL,All students,1,All students,999.0,0,320
338,2000,R3,2000,1,Grade 4,MN:MN,RED,4,RRPCM,DC,District of Columbia,TOTAL,All students,1,All students,999.0,0,320
339,2000,R3,2000,1,Grade 4,SD:SD,RED,4,RRPCM,DC,District of Columbia,TOTAL,All students,1,All students,999.0,0,320
340,2000,R3,2000,1,Grade 4,MN:MN,RED,4,RRPCM,DE,Delaware,TOTAL,All students,1,All students,999.0,0,320
341,2000,R3,2000,1,Grade 4,SD:SD,RED,4,RRPCM,DE,Delaware,TOTAL,All students,1,All students,999.0,0,320
342,2000,R3,2000,1,Grade 4,MN:MN,RED,4,RRPCM,FL,Florida,TOTAL,All students,1,All students,999.0,0,320
343,2000,R3,2000,1,Grade 4,SD:SD,RED,4,RRPCM,FL,Florida,TOTAL,All students,1,All students,999.0,0,320
344,2000,R3,2000,1,Grade 4,MN:MN,RED,4,RRPCM,GA,Georgia,TOTAL,All students,1,All students,999.0,0,320
345,2000,R3,2000,1,Grade 4,SD:SD,RED,4,RRPCM,GA,Georgia,TOTAL,All students,1,All students,999.0,0,320
346,2000,R3,2000,1,Grade 4,MN:MN,RED,4,RRPCM,HI,Hawaii,TOTAL,All students,1,All students,999.0,0,320
347,2000,R3,2000,1,Grade 4,SD:SD,RED,4,RRPCM,HI,Hawaii,TOTAL,All students,1,All students,999.0,0,320
348,2000,R3,2000,1,Grade 4,MN:MN,RED,4,RRPCM,IA,Iowa,TOTAL,All students,1,All students,999.0,0,320
349,2000,R3,2000,1,Grade 4,SD:SD,RED,4,RRPCM,IA,Iowa,TOTAL,All students,1,All students,999.0,0,320
350,2000,R3,2000,1,Grade 4,MN:MN,RED,4,RRPCM,ID,Idaho,TOTAL,All students,1,All students,999.0,0,320
351,2000,R3,2000,1,Grade 4,SD:SD,RED,4,RRPCM,ID,Idaho,TOTAL,All students,1,All students,999.0,0,320
352,2000,R3,2000,1,Grade 4,MN:MN,RED,4,RRPCM,IL,Illinois,TOTAL,All students,1,All students,999.0,0,320
353,2000,R3,2000,1,Grade 4,SD:SD,RED,4,RRPCM,IL,Illinois,TOTAL,All students,1,All students,999.0,0,320
354,2000,R3,2000,1,Grade 4,MN:MN,RED,4,RRPCM,IN,Indiana,TOTAL,All students,1,All students,999.0,0,320
355,2000,R3,2000,1,Grade 4,SD:SD,RED,4,RRPCM,IN,Indiana,TOTAL,All students,1,All students,999.0,0,320
356,2000,R3,2000,1,Grade 4,MN:MN,RED,4,RRPCM,KS,Kansas,TOTAL,All students,1,All students,999.0,0,320
357,2000,R3,2000,1,Grade 4,SD:SD,RED,4,RRPCM,KS,Kansas,TOTAL,All students,1,All students,999.0,0,320
358,2000,R3,2000,1,Grade 4,MN:MN,RED,4,RRPCM,KY,Kentucky,TOTAL,All students,1,All students,999.0,0,320
359,2000,R3,2000,1,Grade 4,SD:SD,RED,4,RRPCM,KY,Kentucky,TOTAL,All students,1,All students,999.0,0,320
360,2000,R3,2000,1,Grade 4,MN:MN,RED,4,RRPCM,LA,Louisiana,TOTAL,All students,1,All students,999.0,0,320
361,2000,R3,2000,1,Grade 4,SD:SD,RED,4,RRPCM,LA,Louisiana,TOTAL,All students,1,All students,999.0,0,320
362,2000,R3,2000,1,Grade 4,MN:MN,RED,4,RRPCM,MA,Massachusetts,TOTAL,All students,1,All students,999.0,0,320
363,2000,R3,2000,1,Grade 4,SD:SD,RED,4,RRPCM,MA,Massachusetts,TOTAL,All students,1,All students,999.0,0,320
364,2000,R3,2000,1,Grade 4,MN:MN,RED,4,RRPCM,MD,Maryland,TOTAL,All students,1,All students,999.0,0,320
365,2000,R3,2000,1,Grade 4,SD:SD,RED,4,RRPCM,MD,Maryland,TOTAL,All students,1,All students,999.0,0,320
366,2000,R3,2000,1,Grade 4,MN:MN,RED,4,RRPCM,ME,Maine,TOTAL,All students,1,All students,999.0,0,320
367,2000,R3,2000,1,Grade 4,SD:SD,RED,4,RRPCM,ME,Maine,TOTAL,All students,1,All students,999.0,0,320
368,2000,R3,2000,1,Grade 4,MN:MN,RED,4,RRPCM,MI,Michigan,TOTAL,All students,1,All students,999.0,0,320
369,2000,R3,2000,1,Grade 4,SD:SD,RED,4,RRPCM,MI,Michigan,TOTAL,All students,1,All students,999.0,0,320
370,2000,R3,2000,1,Grade 4,MN:MN,RED,4,RRPCM,MN,Minnesota,TOTAL,All students,1,All students,999.0,0,320
371,2000,R3,2000,1,Grade 4,SD:SD,RED,4,RRPCM,MN,Minnesota,TOTAL,All students,1,All students,999.0,0,320
372,2000,R3,2000,1,Grade 4,MN:MN,RED,4,RRPCM,MO,Missouri,TOTAL,All students,1,All students,999.0,0,320
373,2000,R3,2000,1,Grade 4,SD:SD,RED,4,RRPCM,MO,Missouri,TOTAL,All students,1,All students,999.0,0,320
374,2000,R3,2000,1,Grade 4,MN:MN,RED,4,RRPCM,MS,Mississippi,TOTAL,All students,1,All students,999.0,0,320
375,2000,R3,2000,1,Grade 4,SD:SD,RED,4,RRPCM,MS,Mississippi,TOTAL,All students,1,All students,999.0,0,320
376,2000,R3,2000,1,Grade 4,MN:MN,RED,4,RRPCM,MT,Montana,TOTAL,All students,1,All students,999.0,0,320
377,2000,R3,2000,1,Grade 4,SD:SD,RED,4,RRPCM,MT,Montana,TOTAL,All students,1,All students,999.0,0,320
378,2000,R3,2000,1,Grade 4,MN:MN,RED,4,RRPCM,NC,North Carolina,TOTAL,All students,1,All students,999.0,0,320
379,2000,R3,2000,1,Grade 4,SD:SD,RED,4,RRPCM,NC,North Carolina,TOTAL,All students,1,All students,999.0,0,320
380,2000,R3,2000,1,Grade 4,MN:MN,RED,4,RRPCM,ND,North Dakota,TOTAL,All students,1,All students,999.0,0,320
381,2000,R3,2000,1,Grade 4,SD:SD,RED,4,RRPCM,ND,North Dakota,TOTAL,All students,1,All students,999.0,0,320
382,2000,R3,2000,1,Grade 4,MN:MN,RED,4,RRPCM,NE,Nebraska,TOTAL,All students,1,All students,999.0,0,320
383,2000,R3,2000,1,Grade 4,SD:SD,RED,4,RRPCM,NE,Nebraska,TOTAL,All students,1,All students,999.0,0,320
384,2000,R3,2000,1,Grade 4,MN:MN,RED,4,RRPCM,NH,New Hampshire,TOTAL,All students,1,All students,999.0,0,320
385,2000,R3,2000,1,Grade 4,SD:SD,RED,4,RRPCM,NH,New Hampshire,TOTAL,All students,1,All students,999.0,0,320
386,2000,R3,2000,1,Grade 4,MN:MN,RED,4,RRPCM,NJ,New Jersey,TOTAL,All students,1,All students,999.0,0,320
387,2000,R3,2000,1,Grade 4,SD:SD,RED,4,RRPCM,NJ,New Jersey,TOTAL,All students,1,All students,999.0,0,320
388,2000,R3,2000,1,Grade 4,MN:MN,RED,4,RRPCM,NM,New Mexico,TOTAL,All students,1,All students,999.0,0,320
389,2000,R3,2000,1,Grade 4,SD:SD,RED,4,RRPCM,NM,New Mexico,TOTAL,All students,1,All students,999.0,0,320
390,2000,R3,2000,1,Grade 4,MN:MN,RED,4,RRPCM,NP,National public,TOTAL,All students,1,All students,211.313126272914,1,0
391,2000,R3,2000,1,Grade 4,SD:SD,RED,4,RRPCM,NP,National public,TOTAL,All students,1,All students,41.9502160071062,1,0
392,2000,R3,2000,1,Grade 4,MN:MN,RED,4,RRPCM,NR,National private,TOTAL,All students,1,All students,231.309544559109,1,0
393,2000,R3,2000,1,Grade 4,SD:SD,RED,4,RRPCM,NR,National private,TOTAL,All students,1,All students,33.1700686842525,1,0
394,2000,R3,2000,1,Grade 4,MN:MN,RED,4,RRPCM,NT,National,TOTAL,All students,1,All students,213.361418767004,1,0
395,2000,R3,2000,1,Grade 4,SD:SD,RED,4,RRPCM,NT,National,TOTAL,All students,1,All students,41.5821275903389,1,0
396,2000,R3,2000,1,Grade 4,MN:MN,RED,4,RRPCM,NV,Nevada,TOTAL,All students,1,All students,999.0,0,320
397,2000,R3,2000,1,Grade 4,SD:SD,RED,4,RRPCM,NV,Nevada,TOTAL,All students,1,All students,999.0,0,320
398,2000,R3,2000,1,Grade 4,MN:MN,RED,4,RRPCM,NY,New York,TOTAL,All students,1,All students,999.0,0,320
399,2000,R3,2000,1,Grade 4,SD:SD,RED,4,RRPCM,NY,New York,TOTAL,All students,1,All students,999.0,0,320
400,2000,R3,2000,1,Grade 4,MN:MN,RED,4,RRPCM,OH,Ohio,TOTAL,All students,1,All students,999.0,0,320
401,2000,R3,2000,1,Grade 4,SD:SD,RED,4,RRPCM,OH,Ohio,TOTAL,All students,1,All students,999.0,0,320
402,2000,R3,2000,1,Grade 4,MN:MN,RED,4,RRPCM,OK,Oklahoma,TOTAL,All students,1,All students,999.0,0,320
403,2000,R3,2000,1,Grade 4,SD:SD,RED,4,RRPCM,OK,Oklahoma,TOTAL,All students,1,All students,999.0,0,320
404,2000,R3,2000,1,Grade 4,MN:MN,RED,4,RRPCM,OR,Oregon,TOTAL,All students,1,All students,999.0,0,320
405,2000,R3,2000,1,Grade 4,SD:SD,RED,4,RRPCM,OR,Oregon,TOTAL,All students,1,All students,999.0,0,320
406,2000,R3,2000,1,Grade 4,MN:MN,RED,4,RRPCM,PA,Pennsylvania,TOTAL,All students,1,All students,999.0,0,320
407,2000,R3,2000,1,Grade 4,SD:SD,RED,4,RRPCM,PA,Pennsylvania,TOTAL,All students,1,All students,999.0,0,320
408,2000,R3,2000,1,Grade 4,MN:MN,RED,4,RRPCM,RI,Rhode Island,TOTAL,All students,1,All students,999.0,0,320
409,2000,R3,2000,1,Grade 4,SD:SD,RED,4,RRPCM,RI,Rhode Island,TOTAL,All students,1,All students,999.0,0,320
410,2000,R3,2000,1,Grade 4,MN:MN,RED,4,RRPCM,SC,South Carolina,TOTAL,All students,1,All students,999.0,0,320
411,2000,R3,2000,1,Grade 4,SD:SD,RED,4,RRPCM,SC,South Carolina,TOTAL,All students,1,All students,999.0,0,320
412,2000,R3,2000,1,Grade 4,MN:MN,RED,4,RRPCM,SD,South Dakota,TOTAL,All students,1,All students,999.0,0,320
413,2000,R3,2000,1,Grade 4,SD:SD,RED,4,RRPCM,SD,South Dakota,TOTAL,All students,1,All students,999.0,0,320
414,2000,R3,2000,1,Grade 4,MN:MN,RED,4,RRPCM,TN,Tennessee,TOTAL,All students,1,All students,999.0,0,320
415,2000,R3,2000,1,Grade 4,SD:SD,RED,4,RRPCM,TN,Tennessee,TOTAL,All students,1,All students,999.0,0,320
416,2000,R3,2000,1,Grade 4,MN:MN,RED,4,RRPCM,TX,Texas,TOTAL,All students,1,All students,999.0,0,320
417,2000,R3,2000,1,Grade 4,SD:SD,RED,4,RRPCM,TX,Texas,TOTAL,All students,1,All students,999.0,0,320
418,2000,R3,2000,1,Grade 4,MN:MN,RED,4,RRPCM,UT,Utah,TOTAL,All students,1,All students,999.0,0,320
419,2000,R3,2000,1,Grade 4,SD:SD,RED,4,RRPCM,UT,Utah,TOTAL,All students,1,All students,999.0,0,320
420,2000,R3,2000,1,Grade 4,MN:MN,RED,4,RRPCM,VA,Virginia,TOTAL,All students,1,All students,999.0,0,320
421,2000,R3,2000,1,Grade 4,SD:SD,RED,4,RRPCM,VA,Virginia,TOTAL,All students,1,All students,999.0,0,320
422,2000,R3,2000,1,Grade 4,MN:MN,RED,4,RRPCM,VT,Vermont,TOTAL,All students,1,All students,999.0,0,320
423,2000,R3,2000,1,Grade 4,SD:SD,RED,4,RRPCM,VT,Vermont,TOTAL,All students,1,All students,999.0,0,320
424,2000,R3,2000,1,Grade 4,MN:MN,RED,4,RRPCM,WA,Washington,TOTAL,All students,1,All students,999.0,0,320
425,2000,R3,2000,1,Grade 4,SD:SD,RED,4,RRPCM,WA,Washington,TOTAL,All students,1,All students,999.0,0,320
426,2000,R3,2000,1,Grade 4,MN:MN,RED,4,RRPCM,WI,Wisconsin,TOTAL,All students,1,All students,999.0,0,320
427,2000,R3,2000,1,Grade 4,SD:SD,RED,4,RRPCM,WI,Wisconsin,TOTAL,All students,1,All students,999.0,0,320
428,2000,R3,2000,1,Grade 4,MN:MN,RED,4,RRPCM,WV,West Virginia,TOTAL,All students,1,All students,999.0,0,320
429,2000,R3,2000,1,Grade 4,SD:SD,RED,4,RRPCM,WV,West Virginia,TOTAL,All students,1,All students,999.0,0,320
430,2000,R3,2000,1,Grade 4,MN:MN,RED,4,RRPCM,WY,Wyoming,TOTAL,All students,1,All students,999.0,0,320
431,2000,R3,2000,1,Grade 4,SD:SD,RED,4,RRPCM,WY,Wyoming,TOTAL,All students,1,All students,999.0,0,320
432,2002,R3,2002,1,Grade 4,MN:MN,RED,4,RRPCM,AK,Alaska,TOTAL,All students,1,All students,999.0,0,320
433,2002,R3,2002,1,Grade 4,SD:SD,RED,4,RRPCM,AK,Alaska,TOTAL,All students,1,All students,999.0,0,320
434,2002,R3,2002,1,Grade 4,MN:MN,RED,4,RRPCM,AL,Alabama,TOTAL,All students,1,All students,206.88002954674,1,0
435,2002,R3,2002,1,Grade 4,SD:SD,RED,4,RRPCM,AL,Alabama,TOTAL,All students,1,All students,39.1908457029906,1,0
436,2002,R3,2002,1,Grade 4,MN:MN,RED,4,RRPCM,AR,Arkansas,TOTAL,All students,1,All students,212.88179718175,1,0
437,2002,R3,2002,1,Grade 4,SD:SD,RED,4,RRPCM,AR,Arkansas,TOTAL,All students,1,All students,36.8097920753315,1,0
438,2002,R3,2002,1,Grade 4,MN:MN,RED,4,RRPCM,AZ,Arizona,TOTAL,All students,1,All students,205.347275383339,1,0
439,2002,R3,2002,1,Grade 4,SD:SD,RED,4,RRPCM,AZ,Arizona,TOTAL,All students,1,All students,40.6259050759637,1,0
440,2002,R3,2002,1,Grade 4,MN:MN,RED,4,RRPCM,CA,California,TOTAL,All students,1,All students,205.916587739819,1,0
441,2002,R3,2002,1,Grade 4,SD:SD,RED,4,RRPCM,CA,California,TOTAL,All students,1,All students,38.1911537145057,1,0
442,2002,R3,2002,1,Grade 4,MN:MN,RED,4,RRPCM,CO,Colorado,TOTAL,All students,1,All students,999.0,0,320
443,2002,R3,2002,1,Grade 4,SD:SD,RED,4,RRPCM,CO,Colorado,TOTAL,All students,1,All students,999.0,0,320
444,2002,R3,2002,1,Grade 4,MN:MN,RED,4,RRPCM,CT,Connecticut,TOTAL,All students,1,All students,229.381142779797,1,0
445,2002,R3,2002,1,Grade 4,SD:SD,RED,4,RRPCM,CT,Connecticut,TOTAL,All students,1,All students,33.9601482888812,1,0
446,2002,R3,2002,1,Grade 4,MN:MN,RED,4,RRPCM,DC,District of Columbia,TOTAL,All students,1,All students,190.518073061148,1,0
447,2002,R3,2002,1,Grade 4,SD:SD,RED,4,RRPCM,DC,District of Columbia,TOTAL,All students,1,All students,36.670348309954,1,0
448,2002,R3,2002,1,Grade 4,MN:MN,RED,4,RRPCM,DE,Delaware,TOTAL,All students,1,All students,224.303558406048,1,0
449,2002,R3,2002,1,Grade 4,SD:SD,RED,4,RRPCM,DE,Delaware,TOTAL,All students,1,All students,32.3182786169272,1,0
450,2002,R3,2002,1,Grade 4,MN:MN,RED,4,RRPCM,FL,Florida,TOTAL,All students,1,All students,214.404597570145,1,0
451,2002,R3,2002,1,Grade 4,SD:SD,RED,4,RRPCM,FL,Florida,TOTAL,All students,1,All students,36.4975455145135,1,0
452,2002,R3,2002,1,Grade 4,MN:MN,RED,4,RRPCM,GA,Georgia,TOTAL,All students,1,All students,214.818437517969,1,0
453,2002,R3,2002,1,Grade 4,SD:SD,RED,4,RRPCM,GA,Georgia,TOTAL,All students,1,All students,36.4534872610262,1,0
454,2002,R3,2002,1,Grade 4,MN:MN,RED,4,RRPCM,HI,Hawaii,TOTAL,All students,1,All students,207.585442658374,1,0
455,2002,R3,2002,1,Grade 4,SD:SD,RED,4,RRPCM,HI,Hawaii,TOTAL,All students,1,All students,38.0186884446411,1,0
456,2002,R3,2002,1,Grade 4,MN:MN,RED,4,RRPCM,IA,Iowa,TOTAL,All students,1,All students,223.330640850894,1,0
457,2002,R3,2002,1,Grade 4,SD:SD,RED,4,RRPCM,IA,Iowa,TOTAL,All students,1,All students,32.8661233970825,1,0
458,2002,R3,2002,1,Grade 4,MN:MN,RED,4,RRPCM,ID,Idaho,TOTAL,All students,1,All students,220.217616989796,1,0
459,2002,R3,2002,1,Grade 4,SD:SD,RED,4,RRPCM,ID,Idaho,TOTAL,All students,1,All students,34.5130213060024,1,0
460,2002,R3,2002,1,Grade 4,MN:MN,RED,4,RRPCM,IL,Illinois,TOTAL,All students,1,All students,999.0,0,288
461,2002,R3,2002,1,Grade 4,SD:SD,RED,4,RRPCM,IL,Illinois,TOTAL,All students,1,All students,999.0,0,288
462,2002,R3,2002,1,Grade 4,MN:MN,RED,4,RRPCM,IN,Indiana,TOTAL,All students,1,All students,221.88034682187,1,0
463,2002,R3,2002,1,Grade 4,SD:SD,RED,4,RRPCM,IN,Indiana,TOTAL,All students,1,All students,33.3422498248123,1,0
464,2002,R3,2002,1,Grade 4,MN:MN,RED,4,RRPCM,KS,Kansas,TOTAL,All students,1,All students,221.978331377335,1,0
465,2002,R3,2002,1,Grade 4,SD:SD,RED,4,RRPCM,KS,Kansas,TOTAL,All students,1,All students,34.0219419539008,1,0
466,2002,R3,2002,1,Grade 4,MN:MN,RED,4,RRPCM,KY,Kentucky,TOTAL,All students,1,All students,219.042067526091,1,0
467,2002,R3,2002,1,Grade 4,SD:SD,RED,4,RRPCM,KY,Kentucky,TOTAL,All students,1,All students,33.4456163603993,1,0
468,2002,R3,2002,1,Grade 4,MN:MN,RED,4,RRPCM,LA,Louisiana,TOTAL,All students,1,All students,206.640449811813,1,0
469,2002,R3,2002,1,Grade 4,SD:SD,RED,4,RRPCM,LA,Louisiana,TOTAL,All students,1,All students,36.4245491275713,1,0
470,2002,R3,2002,1,Grade 4,MN:MN,RED,4,RRPCM,MA,Massachusetts,TOTAL,All students,1,All students,233.748410317316,1,0
471,2002,R3,2002,1,Grade 4,SD:SD,RED,4,RRPCM,MA,Massachusetts,TOTAL,All students,1,All students,31.2072959656844,1,0
472,2002,R3,2002,1,Grade 4,MN:MN,RED,4,RRPCM,MD,Maryland,TOTAL,All students,1,All students,217.211175377249,1,0
473,2002,R3,2002,1,Grade 4,SD:SD,RED,4,RRPCM,MD,Maryland,TOTAL,All students,1,All students,36.2868870917938,1,0
474,2002,R3,2002,1,Grade 4,MN:MN,RED,4,RRPCM,ME,Maine,TOTAL,All students,1,All students,224.508278164578,1,0
475,2002,R3,2002,1,Grade 4,SD:SD,RED,4,RRPCM,ME,Maine,TOTAL,All students,1,All students,31.4365352475172,1,0
476,2002,R3,2002,1,Grade 4,MN:MN,RED,4,RRPCM,MI,Michigan,TOTAL,All students,1,All students,218.613319556875,1,0
477,2002,R3,2002,1,Grade 4,SD:SD,RED,4,RRPCM,MI,Michigan,TOTAL,All students,1,All students,33.8855866151124,1,0
478,2002,R3,2002,1,Grade 4,MN:MN,RED,4,RRPCM,MN,Minnesota,TOTAL,All students,1,All students,225.258514366717,1,0
479,2002,R3,2002,1,Grade 4,SD:SD,RED,4,RRPCM,MN,Minnesota,TOTAL,All students,1,All students,32.1541882656157,1,0
480,2002,R3,2002,1,Grade 4,MN:MN,RED,4,RRPCM,MO,Missouri,TOTAL,All students,1,All students,220.171767157677,1,0
481,2002,R3,2002,1,Grade 4,SD:SD,RED,4,RRPCM,MO,Missouri,TOTAL,All students,1,All students,34.4940866583116,1,0
482,2002,R3,2002,1,Grade 4,MN:MN,RED,4,RRPCM,MS,Mississippi,TOTAL,All students,1,All students,202.793328058965,1,0
483,2002,R3,2002,1,Grade 4,SD:SD,RED,4,RRPCM,MS,Mississippi,TOTAL,All students,1,All students,35.0437485452821,1,0
484,2002,R3,2002,1,Grade 4,MN:MN,RED,4,RRPCM,MT,Montana,TOTAL,All students,1,All students,224.162866032429,1,0
485,2002,R3,2002,1,Grade 4,SD:SD,RED,4,RRPCM,MT,Montana,TOTAL,All students,1,All students,33.071235710713,1,0
486,2002,R3,2002,1,Grade 4,MN:MN,RED,4,RRPCM,NC,North Carolina,TOTAL,All students,1,All students,221.634039776418,1,0
487,2002,R3,2002,1,Grade 4,SD:SD,RED,4,RRPCM,NC,North Carolina,TOTAL,All students,1,All students,32.1690272651115,1,0
488,2002,R3,2002,1,Grade 4,MN:MN,RED,4,RRPCM,ND,North Dakota,TOTAL,All students,1,All students,223.591558042582,1,0
489,2002,R3,2002,1,Grade 4,SD:SD,RED,4,RRPCM,ND,North Dakota,TOTAL,All students,1,All students,30.8679908884878,1,0
490,2002,R3,2002,1,Grade 4,MN:MN,RED,4,RRPCM,NE,Nebraska,TOTAL,All students,1,All students,221.565239248168,1,0
491,2002,R3,2002,1,Grade 4,SD:SD,RED,4,RRPCM,NE,Nebraska,TOTAL,All students,1,All students,36.2167051069819,1,0
492,2002,R3,2002,1,Grade 4,MN:MN,RED,4,RRPCM,NH,New Hampshire,TOTAL,All students,1,All students,999.0,0,320
493,2002,R3,2002,1,Grade 4,SD:SD,RED,4,RRPCM,NH,New Hampshire,TOTAL,All students,1,All students,999.0,0,320
494,2002,R3,2002,1,Grade 4,MN:MN,RED,4,RRPCM,NJ,New Jersey,TOTAL,All students,1,All students,999.0,0,320
495,2002,R3,2002,1,Grade 4,SD:SD,RED,4,RRPCM,NJ,New Jersey,TOTAL,All students,1,All students,999.0,0,320
496,2002,R3,2002,1,Grade 4,MN:MN,RED,4,RRPCM,NM,New Mexico,TOTAL,All students,1,All students,207.501170183952,1,0
497,2002,R3,2002,1,Grade 4,SD:SD,RED,4,RRPCM,NM,New Mexico,TOTAL,All students,1,All students,36.8418606048874,1,0
498,2002,R3,2002,1,Grade 4,MN:MN,RED,4,RRPCM,NP,National public,TOTAL,All students,1,All students,216.79824213893,1,0
499,2002,R3,2002,1,Grade 4,SD:SD,RED,4,RRPCM,NP,National public,TOTAL,All students,1,All students,36.1167018746697,1,0
500,2002,R3,2002,1,Grade 4,MN:MN,RED,4,RRPCM,NR,National private,TOTAL,All students,1,All students,234.189470753683,1,0
501,2002,R3,2002,1,Grade 4,SD:SD,RED,4,RRPCM,NR,National private,TOTAL,All students,1,All students,31.433725069208,1,0
502,2002,R3,2002,1,Grade 4,MN:MN,RED,4,RRPCM,NT,National,TOTAL,All students,1,All students,218.584045295246,1,0
503,2002,R3,2002,1,Grade 4,SD:SD,RED,4,RRPCM,NT,National,TOTAL,All students,1,All students,36.0499655419437,1,0
504,2002,R3,2002,1,Grade 4,MN:MN,RED,4,RRPCM,NV,Nevada,TOTAL,All students,1,All students,209.129161847526,1,0
505,2002,R3,2002,1,Grade 4,SD:SD,RED,4,RRPCM,NV,Nevada,TOTAL,All students,1,All students,34.9524498531422,1,0
506,2002,R3,2002,1,Grade 4,MN:MN,RED,4,RRPCM,NY,New York,TOTAL,All students,1,All students,222.445054715407,1,0
507,2002,R3,2002,1,Grade 4,SD:SD,RED,4,RRPCM,NY,New York,TOTAL,All students,1,All students,35.5469985374356,1,0
508,2002,R3,2002,1,Grade 4,MN:MN,RED,4,RRPCM,OH,Ohio,TOTAL,All students,1,All students,222.435965378937,1,0
509,2002,R3,2002,1,Grade 4,SD:SD,RED,4,RRPCM,OH,Ohio,TOTAL,All students,1,All students,32.5290279024191,1,0
510,2002,R3,2002,1,Grade 4,MN:MN,RED,4,RRPCM,OK,Oklahoma,TOTAL,All students,1,All students,213.328415588676,1,0
511,2002,R3,2002,1,Grade 4,SD:SD,RED,4,RRPCM,OK,Oklahoma,TOTAL,All students,1,All students,36.1904503804987,1,0
512,2002,R3,2002,1,Grade 4,MN:MN,RED,4,RRPCM,OR,Oregon,TOTAL,All students,1,All students,219.936918287852,1,0
513,2002,R3,2002,1,Grade 4,SD:SD,RED,4,RRPCM,OR,Oregon,TOTAL,All students,1,All students,33.3055804680716,1,0
514,2002,R3,2002,1,Grade 4,MN:MN,RED,4,RRPCM,PA,Pennsylvania,TOTAL,All students,1,All students,220.636393326956,1,0
515,2002,R3,2002,1,Grade 4,SD:SD,RED,4,RRPCM,PA,Pennsylvania,TOTAL,All students,1,All students,36.9337644733701,1,0
516,2002,R3,2002,1,Grade 4,MN:MN,RED,4,RRPCM,RI,Rhode Island,TOTAL,All students,1,All students,219.623505300296,1,0
517,2002,R3,2002,1,Grade 4,SD:SD,RED,4,RRPCM,RI,Rhode Island,TOTAL,All students,1,All students,35.7196200967103,1,0
518,2002,R3,2002,1,Grade 4,MN:MN,RED,4,RRPCM,SC,South Carolina,TOTAL,All students,1,All students,213.858854536652,1,0
519,2002,R3,2002,1,Grade 4,SD:SD,RED,4,RRPCM,SC,South Carolina,TOTAL,All students,1,All students,36.0188597733646,1,0
520,2002,R3,2002,1,Grade 4,MN:MN,RED,4,RRPCM,SD,South Dakota,TOTAL,All students,1,All students,999.0,0,320
521,2002,R3,2002,1,Grade 4,SD:SD,RED,4,RRPCM,SD,South Dakota,TOTAL,All students,1,All students,999.0,0,320
522,2002,R3,2002,1,Grade 4,MN:MN,RED,4,RRPCM,TN,Tennessee,TOTAL,All students,1,All students,213.693917617222,1,0
523,2002,R3,2002,1,Grade 4,SD:SD,RED,4,RRPCM,TN,Tennessee,TOTAL,All students,1,All students,34.6263466123458,1,0
524,2002,R3,2002,1,Grade 4,MN:MN,RED,4,RRPCM,TX,Texas,TOTAL,All students,1,All students,216.932241699579,1,0
525,2002,R3,2002,1,Grade 4,SD:SD,RED,4,RRPCM,TX,Texas,TOTAL,All students,1,All students,33.9861039223937,1,0
526,2002,R3,2002,1,Grade 4,MN:MN,RED,4,RRPCM,UT,Utah,TOTAL,All students,1,All students,221.514180550383,1,0
527,2002,R3,2002,1,Grade 4,SD:SD,RED,4,RRPCM,UT,Utah,TOTAL,All students,1,All students,32.894335928054,1,0
528,2002,R3,2002,1,Grade 4,MN:MN,RED,4,RRPCM,VA,Virginia,TOTAL,All students,1,All students,225.009435800111,1,0
529,2002,R3,2002,1,Grade 4,SD:SD,RED,4,RRPCM,VA,Virginia,TOTAL,All students,1,All students,32.8414547039502,1,0
530,2002,R3,2002,1,Grade 4,MN:MN,RED,4,RRPCM,VT,Vermont,TOTAL,All students,1,All students,226.961227404525,1,0
531,2002,R3,2002,1,Grade 4,SD:SD,RED,4,RRPCM,VT,Vermont,TOTAL,All students,1,All students,32.4264958884265,1,0
532,2002,R3,2002,1,Grade 4,MN:MN,RED,4,RRPCM,WA,Washington,TOTAL,All students,1,All students,223.655932696814,1,0
533,2002,R3,2002,1,Grade 4,SD:SD,RED,4,RRPCM,WA,Washington,TOTAL,All students,1,All students,33.0098194201479,1,0
534,2002,R3,2002,1,Grade 4,MN:MN,RED,4,RRPCM,WI,Wisconsin,TOTAL,All students,1,All students,999.0,0,288
535,2002,R3,2002,1,Grade 4,SD:SD,RED,4,RRPCM,WI,Wisconsin,TOTAL,All students,1,All students,999.0,0,288
536,2002,R3,2002,1,Grade 4,MN:MN,RED,4,RRPCM,WV,West Virginia,TOTAL,All students,1,All students,218.777794121694,1,0
537,2002,R3,2002,1,Grade 4,SD:SD,RED,4,RRPCM,WV,West Virginia,TOTAL,All students,1,All students,31.448168538282,1,0
538,2002,R3,2002,1,Grade 4,MN:MN,RED,4,RRPCM,WY,Wyoming,TOTAL,All students,1,All students,221.129753649229,1,0
539,2002,R3,2002,1,Grade 4,SD:SD,RED,4,RRPCM,WY,Wyoming,TOTAL,All students,1,All students,31.8582466148225,1,0
540,2003,R3,2003,1,Grade 4,MN:MN,RED,4,RRPCM,AK,Alaska,TOTAL,All students,1,All students,211.547153569153,1,0
541,2003,R3,2003,1,Grade 4,SD:SD,RED,4,RRPCM,AK,Alaska,TOTAL,All students,1,All students,40.7232735029733,1,0
542,2003,R3,2003,1,Grade 4,MN:MN,RED,4,RRPCM,AL,Alabama,TOTAL,All students,1,All students,207.083847576707,1,0
543,2003,R3,2003,1,Grade 4,SD:SD,RED,4,RRPCM,AL,Alabama,TOTAL,All students,1,All students,39.9697301086558,1,0
544,2003,R3,2003,1,Grade 4,MN:MN,RED,4,RRPCM,AR,Arkansas,TOTAL,All students,1,All students,213.615304459937,1,0
545,2003,R3,2003,1,Grade 4,SD:SD,RED,4,RRPCM,AR,Arkansas,TOTAL,All students,1,All students,39.1358124536727,1,0
546,2003,R3,2003,1,Grade 4,MN:MN,RED,4,RRPCM,AZ,Arizona,TOTAL,All students,1,All students,208.87280135482,1,0
547,2003,R3,2003,1,Grade 4,SD:SD,RED,4,RRPCM,AZ,Arizona,TOTAL,All students,1,All students,38.3774864747597,1,0
548,2003,R3,2003,1,Grade 4,MN:MN,RED,4,RRPCM,CA,California,TOTAL,All students,1,All students,205.632437100793,1,0
549,2003,R3,2003,1,Grade 4,SD:SD,RED,4,RRPCM,CA,California,TOTAL,All students,1,All students,39.37931184578,1,0
550,2003,R3,2003,1,Grade 4,MN:MN,RED,4,RRPCM,CO,Colorado,TOTAL,All students,1,All students,223.660981961028,1,0
551,2003,R3,2003,1,Grade 4,SD:SD,RED,4,RRPCM,CO,Colorado,TOTAL,All students,1,All students,35.1917953957423,1,0
552,2003,R3,2003,1,Grade 4,MN:MN,RED,4,RRPCM,CT,Connecticut,TOTAL,All students,1,All students,228.340614955382,1,0
553,2003,R3,2003,1,Grade 4,SD:SD,RED,4,RRPCM,CT,Connecticut,TOTAL,All students,1,All students,36.0775335243448,1,0
554,2003,R3,2003,1,Grade 4,MN:MN,RED,4,RRPCM,DC,District of Columbia,TOTAL,All students,1,All students,188.374478503638,1,0
555,2003,R3,2003,1,Grade 4,SD:SD,RED,4,RRPCM,DC,District of Columbia,TOTAL,All students,1,All students,40.4866391177779,1,0
556,2003,R3,2003,1,Grade 4,MN:MN,RED,4,RRPCM,DE,Delaware,TOTAL,All students,1,All students,223.928811406218,1,0
557,2003,R3,2003,1,Grade 4,SD:SD,RED,4,RRPCM,DE,Delaware,TOTAL,All students,1,All students,29.8517855339021,1,0
558,2003,R3,2003,1,Grade 4,MN:MN,RED,4,RRPCM,FL,Florida,TOTAL,All students,1,All students,218.014488158342,1,0
559,2003,R3,2003,1,Grade 4,SD:SD,RED,4,RRPCM,FL,Florida,TOTAL,All students,1,All students,37.8174869336521,1,0
560,2003,R3,2003,1,Grade 4,MN:MN,RED,4,RRPCM,GA,Georgia,TOTAL,All students,1,All students,213.597219332523,1,0
561,2003,R3,2003,1,Grade 4,SD:SD,RED,4,RRPCM,GA,Georgia,TOTAL,All students,1,All students,37.8551444759851,1,0
562,2003,R3,2003,1,Grade 4,MN:MN,RED,4,RRPCM,HI,Hawaii,TOTAL,All students,1,All students,208.259567530742,1,0
563,2003,R3,2003,1,Grade 4,SD:SD,RED,4,RRPCM,HI,Hawaii,TOTAL,All students,1,All students,37.5821761194743,1,0
564,2003,R3,2003,1,Grade 4,MN:MN,RED,4,RRPCM,IA,Iowa,TOTAL,All students,1,All students,223.271129818993,1,0
565,2003,R3,2003,1,Grade 4,SD:SD,RED,4,RRPCM,IA,Iowa,TOTAL,All students,1,All students,32.6486229941048,1,0
566,2003,R3,2003,1,Grade 4,MN:MN,RED,4,RRPCM,ID,Idaho,TOTAL,All students,1,All students,218.25988551638,1,0
567,2003,R3,2003,1,Grade 4,SD:SD,RED,4,RRPCM,ID,Idaho,TOTAL,All students,1,All students,34.9492838558695,1,0
568,2003,R3,2003,1,Grade 4,MN:MN,RED,4,RRPCM,IL,Illinois,TOTAL,All students,1,All students,216.3042879829,1,0
569,2003,R3,2003,1,Grade 4,SD:SD,RED,4,RRPCM,IL,Illinois,TOTAL,All students,1,All students,38.9359597594117,1,0
570,2003,R3,2003,1,Grade 4,MN:MN,RED,4,RRPCM,IN,Indiana,TOTAL,All students,1,All students,220.406491126679,1,0
571,2003,R3,2003,1,Grade 4,SD:SD,RED,4,RRPCM,IN,Indiana,TOTAL,All students,1,All students,35.6937877255833,1,0
572,2003,R3,2003,1,Grade 4,MN:MN,RED,4,RRPCM,KS,Kansas,TOTAL,All students,1,All students,220.143229712604,1,0
573,2003,R3,2003,1,Grade 4,SD:SD,RED,4,RRPCM,KS,Kansas,TOTAL,All students,1,All students,35.6878431480076,1,0
574,2003,R3,2003,1,Grade 4,MN:MN,RED,4,RRPCM,KY,Kentucky,TOTAL,All students,1,All students,219.044417325545,1,0
575,2003,R3,2003,1,Grade 4,SD:SD,RED,4,RRPCM,KY,Kentucky,TOTAL,All students,1,All students,34.2065524656747,1,0
576,2003,R3,2003,1,Grade 4,MN:MN,RED,4,RRPCM,LA,Louisiana,TOTAL,All students,1,All students,204.729487524848,1,0
577,2003,R3,2003,1,Grade 4,SD:SD,RED,4,RRPCM,LA,Louisiana,TOTAL,All students,1,All students,38.3929808292489,1,0
578,2003,R3,2003,1,Grade 4,MN:MN,RED,4,RRPCM,MA,Massachusetts,TOTAL,All students,1,All students,227.604259402914,1,0
579,2003,R3,2003,1,Grade 4,SD:SD,RED,4,RRPCM,MA,Massachusetts,TOTAL,All students,1,All students,33.4446122711634,1,0
580,2003,R3,2003,1,Grade 4,MN:MN,RED,4,RRPCM,MD,Maryland,TOTAL,All students,1,All students,218.673759792615,1,0
581,2003,R3,2003,1,Grade 4,SD:SD,RED,4,RRPCM,MD,Maryland,TOTAL,All students,1,All students,37.5840854696018,1,0
582,2003,R3,2003,1,Grade 4,MN:MN,RED,4,RRPCM,ME,Maine,TOTAL,All students,1,All students,223.859493805469,1,0
583,2003,R3,2003,1,Grade 4,SD:SD,RED,4,RRPCM,ME,Maine,TOTAL,All students,1,All students,32.998917235425,1,0
584,2003,R3,2003,1,Grade 4,MN:MN,RED,4,RRPCM,MI,Michigan,TOTAL,All students,1,All students,218.789056709096,1,0
585,2003,R3,2003,1,Grade 4,SD:SD,RED,4,RRPCM,MI,Michigan,TOTAL,All students,1,All students,36.3306493311688,1,0
586,2003,R3,2003,1,Grade 4,MN:MN,RED,4,RRPCM,MN,Minnesota,TOTAL,All students,1,All students,222.608962298108,1,0
587,2003,R3,2003,1,Grade 4,SD:SD,RED,4,RRPCM,MN,Minnesota,TOTAL,All students,1,All students,37.5841142149457,1,0
588,2003,R3,2003,1,Grade 4,MN:MN,RED,4,RRPCM,MO,Missouri,TOTAL,All students,1,All students,222.260230125215,1,0
589,2003,R3,2003,1,Grade 4,SD:SD,RED,4,RRPCM,MO,Missouri,TOTAL,All students,1,All students,34.5024084940831,1,0
590,2003,R3,2003,1,Grade 4,MN:MN,RED,4,RRPCM,MS,Mississippi,TOTAL,All students,1,All students,205.46440681013,1,0
591,2003,R3,2003,1,Grade 4,SD:SD,RED,4,RRPCM,MS,Mississippi,TOTAL,All students,1,All students,35.6155595535592,1,0
592,2003,R3,2003,1,Grade 4,MN:MN,RED,4,RRPCM,MT,Montana,TOTAL,All students,1,All students,222.746541627727,1,0
593,2003,R3,2003,1,Grade 4,SD:SD,RED,4,RRPCM,MT,Montana,TOTAL,All students,1,All students,34.3447850934062,1,0
594,2003,R3,2003,1,Grade 4,MN:MN,RED,4,RRPCM,NC,North Carolina,TOTAL,All students,1,All students,221.220579655011,1,0
595,2003,R3,2003,1,Grade 4,SD:SD,RED,4,RRPCM,NC,North Carolina,TOTAL,All students,1,All students,35.1699782678264,1,0
596,2003,R3,2003,1,Grade 4,MN:MN,RED,4,RRPCM,ND,North Dakota,TOTAL,All students,1,All students,221.642245735878,1,0
597,2003,R3,2003,1,Grade 4,SD:SD,RED,4,RRPCM,ND,North Dakota,TOTAL,All students,1,All students,31.7428316604472,1,0
598,2003,R3,2003,1,Grade 4,MN:MN,RED,4,RRPCM,NE,Nebraska,TOTAL,All students,1,All students,220.611802066606,1,0
599,2003,R3,2003,1,Grade 4,SD:SD,RED,4,RRPCM,NE,Nebraska,TOTAL,All students,1,All students,34.9150741391603,1,0
600,2003,R3,2003,1,Grade 4,MN:MN,RED,4,RRPCM,NH,New Hampshire,TOTAL,All students,1,All students,227.789508496749,1,0
601,2003,R3,2003,1,Grade 4,SD:SD,RED,4,RRPCM,NH,New Hampshire,TOTAL,All students,1,All students,32.7646081113131,1,0
602,2003,R3,2003,1,Grade 4,MN:MN,RED,4,RRPCM,NJ,New Jersey,TOTAL,All students,1,All students,225.07332803577,1,0
603,2003,R3,2003,1,Grade 4,SD:SD,RED,4,RRPCM,NJ,New Jersey,TOTAL,All students,1,All students,35.9979601488305,1,0
604,2003,R3,2003,1,Grade 4,MN:MN,RED,4,RRPCM,NM,New Mexico,TOTAL,All students,1,All students,203.185312558191,1,0
605,2003,R3,2003,1,Grade 4,SD:SD,RED,4,RRPCM,NM,New Mexico,TOTAL,All students,1,All students,39.0919641485437,1,0
606,2003,R3,2003,1,Grade 4,MN:MN,RED,4,RRPCM,NP,National public,TOTAL,All students,1,All students,216.455999255802,1,0
607,2003,R3,2003,1,Grade 4,SD:SD,RED,4,RRPCM,NP,National public,TOTAL,All students,1,All students,37.2303482756448,1,0
608,2003,R3,2003,1,Grade 4,MN:MN,RED,4,RRPCM,NR,National private,TOTAL,All students,1,All students,234.543978785782,1,0
609,2003,R3,2003,1,Grade 4,SD:SD,RED,4,RRPCM,NR,National private,TOTAL,All students,1,All students,32.2289742876975,1,0
610,2003,R3,2003,1,Grade 4,MN:MN,RED,4,RRPCM,NT,National,TOTAL,All students,1,All students,218.23619516439,1,0
611,2003,R3,2003,1,Grade 4,SD:SD,RED,4,RRPCM,NT,National,TOTAL,All students,1,All students,37.1593705291077,1,0
612,2003,R3,2003,1,Grade 4,MN:MN,RED,4,RRPCM,NV,Nevada,TOTAL,All students,1,All students,206.959682725248,1,0
613,2003,R3,2003,1,Grade 4,SD:SD,RED,4,RRPCM,NV,Nevada,TOTAL,All students,1,All students,37.0411055576506,1,0
614,2003,R3,2003,1,Grade 4,MN:MN,RED,4,RRPCM,NY,New York,TOTAL,All students,1,All students,222.188207106776,1,0
615,2003,R3,2003,1,Grade 4,SD:SD,RED,4,RRPCM,NY,New York,TOTAL,All students,1,All students,34.5661542894982,1,0
616,2003,R3,2003,1,Grade 4,MN:MN,RED,4,RRPCM,OH,Ohio,TOTAL,All students,1,All students,221.86579907669,1,0
617,2003,R3,2003,1,Grade 4,SD:SD,RED,4,RRPCM,OH,Ohio,TOTAL,All students,1,All students,35.6390817486763,1,0
618,2003,R3,2003,1,Grade 4,MN:MN,RED,4,RRPCM,OK,Oklahoma,TOTAL,All students,1,All students,213.57935707208,1,0
619,2003,R3,2003,1,Grade 4,SD:SD,RED,4,RRPCM,OK,Oklahoma,TOTAL,All students,1,All students,36.460209169433,1,0
620,2003,R3,2003,1,Grade 4,MN:MN,RED,4,RRPCM,OR,Oregon,TOTAL,All students,1,All students,217.614535250227,1,0
621,2003,R3,2003,1,Grade 4,SD:SD,RED,4,RRPCM,OR,Oregon,TOTAL,All students,1,All students,35.8238542536942,1,0
622,2003,R3,2003,1,Grade 4,MN:MN,RED,4,RRPCM,PA,Pennsylvania,TOTAL,All students,1,All students,218.698427536109,1,0
623,2003,R3,2003,1,Grade 4,SD:SD,RED,4,RRPCM,PA,Pennsylvania,TOTAL,All students,1,All students,37.1715684997165,1,0
624,2003,R3,2003,1,Grade 4,MN:MN,RED,4,RRPCM,RI,Rhode Island,TOTAL,All students,1,All students,216.494015184678,1,0
625,2003,R3,2003,1,Grade 4,SD:SD,RED,4,RRPCM,RI,Rhode Island,TOTAL,All students,1,All students,36.7311279072136,1,0
626,2003,R3,2003,1,Grade 4,MN:MN,RED,4,RRPCM,SC,South Carolina,TOTAL,All students,1,All students,214.807724490456,1,0
627,2003,R3,2003,1,Grade 4,SD:SD,RED,4,RRPCM,SC,South Carolina,TOTAL,All students,1,All students,34.5610093147367,1,0
628,2003,R3,2003,1,Grade 4,MN:MN,RED,4,RRPCM,SD,South Dakota,TOTAL,All students,1,All students,222.273178577212,1,0
629,2003,R3,2003,1,Grade 4,SD:SD,RED,4,RRPCM,SD,South Dakota,TOTAL,All students,1,All students,33.5998383984821,1,0
630,2003,R3,2003,1,Grade 4,MN:MN,RED,4,RRPCM,TN,Tennessee,TOTAL,All students,1,All students,211.94754112042,1,0
631,2003,R3,2003,1,Grade 4,SD:SD,RED,4,RRPCM,TN,Tennessee,TOTAL,All students,1,All students,39.0768071435271,1,0
632,2003,R3,2003,1,Grade 4,MN:MN,RED,4,RRPCM,TX,Texas,TOTAL,All students,1,All students,214.808005616741,1,0
633,2003,R3,2003,1,Grade 4,SD:SD,RED,4,RRPCM,TX,Texas,TOTAL,All students,1,All students,35.1038696478117,1,0
634,2003,R3,2003,1,Grade 4,MN:MN,RED,4,RRPCM,UT,Utah,TOTAL,All students,1,All students,219.270338418871,1,0
635,2003,R3,2003,1,Grade 4,SD:SD,RED,4,RRPCM,UT,Utah,TOTAL,All students,1,All students,35.5765940521547,1,0
636,2003,R3,2003,1,Grade 4,MN:MN,RED,4,RRPCM,VA,Virginia,TOTAL,All students,1,All students,223.340359189755,1,0
637,2003,R3,2003,1,Grade 4,SD:SD,RED,4,RRPCM,VA,Virginia,TOTAL,All students,1,All students,33.9974192798825,1,0
638,2003,R3,2003,1,Grade 4,MN:MN,RED,4,RRPCM,VT,Vermont,TOTAL,All students,1,All students,226.121746629112,1,0
639,2003,R3,2003,1,Grade 4,SD:SD,RED,4,RRPCM,VT,Vermont,TOTAL,All students,1,All students,31.2577634182503,1,0
640,2003,R3,2003,1,Grade 4,MN:MN,RED,4,RRPCM,WA,Washington,TOTAL,All students,1,All students,221.096695134157,1,0
641,2003,R3,2003,1,Grade 4,SD:SD,RED,4,RRPCM,WA,Washington,TOTAL,All students,1,All students,34.8540310678252,1,0
642,2003,R3,2003,1,Grade 4,MN:MN,RED,4,RRPCM,WI,Wisconsin,TOTAL,All students,1,All students,220.833427555838,1,0
643,2003,R3,2003,1,Grade 4,SD:SD,RED,4,RRPCM,WI,Wisconsin,TOTAL,All students,1,All students,34.1584381028007,1,0
644,2003,R3,2003,1,Grade 4,MN:MN,RED,4,RRPCM,WV,West Virginia,TOTAL,All students,1,All students,219.179524491303,1,0
645,2003,R3,2003,1,Grade 4,SD:SD,RED,4,RRPCM,WV,West Virginia,TOTAL,All students,1,All students,32.1172042880692,1,0
646,2003,R3,2003,1,Grade 4,MN:MN,RED,4,RRPCM,WY,Wyoming,TOTAL,All students,1,All students,222.075166369555,1,0
647,2003,R3,2003,1,Grade 4,SD:SD,RED,4,RRPCM,WY,Wyoming,TOTAL,All students,1,All students,34.5073596775896,1,0
648,2005,R3,2005,1,Grade 4,MN:MN,RED,4,RRPCM,AK,Alaska,TOTAL,All students,1,All students,211.06131857045,1,0
649,2005,R3,2005,1,Grade 4,SD:SD,RED,4,RRPCM,AK,Alaska,TOTAL,All students,1,All students,40.1480445101221,1,0
650,2005,R3,2005,1,Grade 4,MN:MN,RED,4,RRPCM,AL,Alabama,TOTAL,All students,1,All students,207.75203301297,1,0
651,2005,R3,2005,1,Grade 4,SD:SD,RED,4,RRPCM,AL,Alabama,TOTAL,All students,1,All students,39.1681104620805,1,0
652,2005,R3,2005,1,Grade 4,MN:MN,RED,4,RRPCM,AR,Arkansas,TOTAL,All students,1,All students,217.071528896937,1,0
653,2005,R3,2005,1,Grade 4,SD:SD,RED,4,RRPCM,AR,Arkansas,TOTAL,All students,1,All students,35.7397717265832,1,0
654,2005,R3,2005,1,Grade 4,MN:MN,RED,4,RRPCM,AZ,Arizona,TOTAL,All students,1,All students,207.14273663584,1,0
655,2005,R3,2005,1,Grade 4,SD:SD,RED,4,RRPCM,AZ,Arizona,TOTAL,All students,1,All students,41.2043436890484,1,0
656,2005,R3,2005,1,Grade 4,MN:MN,RED,4,RRPCM,CA,California,TOTAL,All students,1,All students,206.512026480797,1,0
657,2005,R3,2005,1,Grade 4,SD:SD,RED,4,RRPCM,CA,California,TOTAL,All students,1,All students,38.520639821343,1,0
658,2005,R3,2005,1,Grade 4,MN:MN,RED,4,RRPCM,CO,Colorado,TOTAL,All students,1,All students,223.656130003748,1,0
659,2005,R3,2005,1,Grade 4,SD:SD,RED,4,RRPCM,CO,Colorado,TOTAL,All students,1,All students,34.4238172200276,1,0
660,2005,R3,2005,1,Grade 4,MN:MN,RED,4,RRPCM,CT,Connecticut,TOTAL,All students,1,All students,225.753019686927,1,0
661,2005,R3,2005,1,Grade 4,SD:SD,RED,4,RRPCM,CT,Connecticut,TOTAL,All students,1,All students,35.9271823959075,1,0
662,2005,R3,2005,1,Grade 4,MN:MN,RED,4,RRPCM,DC,District of Columbia,TOTAL,All students,1,All students,190.78735568684,1,0
663,2005,R3,2005,1,Grade 4,SD:SD,RED,4,RRPCM,DC,District of Columbia,TOTAL,All students,1,All students,39.0672486465351,1,0
664,2005,R3,2005,1,Grade 4,MN:MN,RED,4,RRPCM,DE,Delaware,TOTAL,All students,1,All students,225.83845909292,1,0
665,2005,R3,2005,1,Grade 4,SD:SD,RED,4,RRPCM,DE,Delaware,TOTAL,All students,1,All students,28.6478117646834,1,0
666,2005,R3,2005,1,Grade 4,MN:MN,RED,4,RRPCM,FL,Florida,TOTAL,All students,1,All students,219.465222176412,1,0
667,2005,R3,2005,1,Grade 4,SD:SD,RED,4,RRPCM,FL,Florida,TOTAL,All students,1,All students,34.1452600388368,1,0
668,2005,R3,2005,1,Grade 4,MN:MN,RED,4,RRPCM,GA,Georgia,TOTAL,All students,1,All students,214.430920543413,1,0
669,2005,R3,2005,1,Grade 4,SD:SD,RED,4,RRPCM,GA,Georgia,TOTAL,All students,1,All students,35.9634492624177,1,0
670,2005,R3,2005,1,Grade 4,MN:MN,RED,4,RRPCM,HI,Hawaii,TOTAL,All students,1,All students,209.578767644628,1,0
671,2005,R3,2005,1,Grade 4,SD:SD,RED,4,RRPCM,HI,Hawaii,TOTAL,All students,1,All students,37.7612796820931,1,0
672,2005,R3,2005,1,Grade 4,MN:MN,RED,4,RRPCM,IA,Iowa,TOTAL,All students,1,All students,220.809400187707,1,0
673,2005,R3,2005,1,Grade 4,SD:SD,RED,4,RRPCM,IA,Iowa,TOTAL,All students,1,All students,34.9997705541794,1,0
674,2005,R3,2005,1,Grade 4,MN:MN,RED,4,RRPCM,ID,Idaho,TOTAL,All students,1,All students,221.85951138201,1,0
675,2005,R3,2005,1,Grade 4,SD:SD,RED,4,RRPCM,ID,Idaho,TOTAL,All students,1,All students,33.2398515548804,1,0
676,2005,R3,2005,1,Grade 4,MN:MN,RED,4,RRPCM,IL,Illinois,TOTAL,All students,1,All students,216.489719991402,1,0
677,2005,R3,2005,1,Grade 4,SD:SD,RED,4,RRPCM,IL,Illinois,TOTAL,All students,1,All students,36.9942676168173,1,0
678,2005,R3,2005,1,Grade 4,MN:MN,RED,4,RRPCM,IN,Indiana,TOTAL,All students,1,All students,218.072533254427,1,0
679,2005,R3,2005,1,Grade 4,SD:SD,RED,4,RRPCM,IN,Indiana,TOTAL,All students,1,All students,36.1127103483458,1,0
680,2005,R3,2005,1,Grade 4,MN:MN,RED,4,RRPCM,KS,Kansas,TOTAL,All students,1,All students,220.468749319458,1,0
681,2005,R3,2005,1,Grade 4,SD:SD,RED,4,RRPCM,KS,Kansas,TOTAL,All students,1,All students,35.4393100958655,1,0
682,2005,R3,2005,1,Grade 4,MN:MN,RED,4,RRPCM,KY,Kentucky,TOTAL,All students,1,All students,219.926817858434,1,0
683,2005,R3,2005,1,Grade 4,SD:SD,RED,4,RRPCM,KY,Kentucky,TOTAL,All students,1,All students,34.206483606963,1,0
684,2005,R3,2005,1,Grade 4,MN:MN,RED,4,RRPCM,LA,Louisiana,TOTAL,All students,1,All students,209.165658287644,1,0
685,2005,R3,2005,1,Grade 4,SD:SD,RED,4,RRPCM,LA,Louisiana,TOTAL,All students,1,All students,34.0949269974002,1,0
686,2005,R3,2005,1,Grade 4,MN:MN,RED,4,RRPCM,MA,Massachusetts,TOTAL,All students,1,All students,231.279439344407,1,0
687,2005,R3,2005,1,Grade 4,SD:SD,RED,4,RRPCM,MA,Massachusetts,TOTAL,All students,1,All students,31.8613563886349,1,0
688,2005,R3,2005,1,Grade 4,MN:MN,RED,4,RRPCM,MD,Maryland,TOTAL,All students,1,All students,220.02958576565,1,0
689,2005,R3,2005,1,Grade 4,SD:SD,RED,4,RRPCM,MD,Maryland,TOTAL,All students,1,All students,36.1389360673046,1,0
690,2005,R3,2005,1,Grade 4,MN:MN,RED,4,RRPCM,ME,Maine,TOTAL,All students,1,All students,224.577772170376,1,0
691,2005,R3,2005,1,Grade 4,SD:SD,RED,4,RRPCM,ME,Maine,TOTAL,All students,1,All students,32.7529891140163,1,0
692,2005,R3,2005,1,Grade 4,MN:MN,RED,4,RRPCM,MI,Michigan,TOTAL,All students,1,All students,218.260689053894,1,0
693,2005,R3,2005,1,Grade 4,SD:SD,RED,4,RRPCM,MI,Michigan,TOTAL,All students,1,All students,36.6224270507622,1,0
694,2005,R3,2005,1,Grade 4,MN:MN,RED,4,RRPCM,MN,Minnesota,TOTAL,All students,1,All students,225.226578117864,1,0
695,2005,R3,2005,1,Grade 4,SD:SD,RED,4,RRPCM,MN,Minnesota,TOTAL,All students,1,All students,35.6822993065031,1,0
696,2005,R3,2005,1,Grade 4,MN:MN,RED,4,RRPCM,MO,Missouri,TOTAL,All students,1,All students,221.16862279503,1,0
697,2005,R3,2005,1,Grade 4,SD:SD,RED,4,RRPCM,MO,Missouri,TOTAL,All students,1,All students,34.1751739304705,1,0
698,2005,R3,2005,1,Grade 4,MN:MN,RED,4,RRPCM,MS,Mississippi,TOTAL,All students,1,All students,204.393607049303,1,0
699,2005,R3,2005,1,Grade 4,SD:SD,RED,4,RRPCM,MS,Mississippi,TOTAL,All students,1,All students,35.8669025846254,1,0
700,2005,R3,2005,1,Grade 4,MN:MN,RED,4,RRPCM,MT,Montana,TOTAL,All students,1,All students,224.552179792932,1,0
701,2005,R3,2005,1,Grade 4,SD:SD,RED,4,RRPCM,MT,Montana,TOTAL,All students,1,All students,32.4551717899651,1,0
702,2005,R3,2005,1,Grade 4,MN:MN,RED,4,RRPCM,NC,North Carolina,TOTAL,All students,1,All students,217.134448665244,1,0
703,2005,R3,2005,1,Grade 4,SD:SD,RED,4,RRPCM,NC,North Carolina,TOTAL,All students,1,All students,35.6532604821457,1,0
704,2005,R3,2005,1,Grade 4,MN:MN,RED,4,RRPCM,ND,North Dakota,TOTAL,All students,1,All students,224.810846710111,1,0
705,2005,R3,2005,1,Grade 4,SD:SD,RED,4,RRPCM,ND,North Dakota,TOTAL,All students,1,All students,31.4782624934748,1,0
706,2005,R3,2005,1,Grade 4,MN:MN,RED,4,RRPCM,NE,Nebraska,TOTAL,All students,1,All students,221.377462774998,1,0
707,2005,R3,2005,1,Grade 4,SD:SD,RED,4,RRPCM,NE,Nebraska,TOTAL,All students,1,All students,34.2799178701832,1,0
708,2005,R3,2005,1,Grade 4,MN:MN,RED,4,RRPCM,NH,New Hampshire,TOTAL,All students,1,All students,227.438324133747,1,0
709,2005,R3,2005,1,Grade 4,SD:SD,RED,4,RRPCM,NH,New Hampshire,TOTAL,All students,1,All students,31.7371342433243,1,0
710,2005,R3,2005,1,Grade 4,MN:MN,RED,4,RRPCM,NJ,New Jersey,TOTAL,All students,1,All students,223.298393451738,1,0
711,2005,R3,2005,1,Grade 4,SD:SD,RED,4,RRPCM,NJ,New Jersey,TOTAL,All students,1,All students,36.3905772685331,1,0
712,2005,R3,2005,1,Grade 4,MN:MN,RED,4,RRPCM,NM,New Mexico,TOTAL,All students,1,All students,206.791620706099,1,0
713,2005,R3,2005,1,Grade 4,SD:SD,RED,4,RRPCM,NM,New Mexico,TOTAL,All students,1,All students,37.2177188378634,1,0
714,2005,R3,2005,1,Grade 4,MN:MN,RED,4,RRPCM,NP,National public,TOTAL,All students,1,All students,217.302461151635,1,0
715,2005,R3,2005,1,Grade 4,SD:SD,RED,4,RRPCM,NP,National public,TOTAL,All students,1,All students,36.1663492491753,1,0
716,2005,R3,2005,1,Grade 4,MN:MN,RED,4,RRPCM,NR,National private,TOTAL,All students,1,All students,999.0,0,288
717,2005,R3,2005,1,Grade 4,SD:SD,RED,4,RRPCM,NR,National private,TOTAL,All students,1,All students,999.0,0,288
718,2005,R3,2005,1,Grade 4,MN:MN,RED,4,RRPCM,NT,National,TOTAL,All students,1,All students,218.983462655828,1,0
719,2005,R3,2005,1,Grade 4,SD:SD,RED,4,RRPCM,NT,National,TOTAL,All students,1,All students,36.1343025698285,1,0
720,2005,R3,2005,1,Grade 4,MN:MN,RED,4,RRPCM,NV,Nevada,TOTAL,All students,1,All students,207.186974378559,1,0
721,2005,R3,2005,1,Grade 4,SD:SD,RED,4,RRPCM,NV,Nevada,TOTAL,All students,1,All students,36.8153065326849,1,0
722,2005,R3,2005,1,Grade 4,MN:MN,RED,4,RRPCM,NY,New York,TOTAL,All students,1,All students,222.695200017251,1,0
723,2005,R3,2005,1,Grade 4,SD:SD,RED,4,RRPCM,NY,New York,TOTAL,All students,1,All students,32.9875793470955,1,0
724,2005,R3,2005,1,Grade 4,MN:MN,RED,4,RRPCM,OH,Ohio,TOTAL,All students,1,All students,222.533253783097,1,0
725,2005,R3,2005,1,Grade 4,SD:SD,RED,4,RRPCM,OH,Ohio,TOTAL,All students,1,All students,34.0451207052363,1,0
726,2005,R3,2005,1,Grade 4,MN:MN,RED,4,RRPCM,OK,Oklahoma,TOTAL,All students,1,All students,213.861450098821,1,0
727,2005,R3,2005,1,Grade 4,SD:SD,RED,4,RRPCM,OK,Oklahoma,TOTAL,All students,1,All students,35.0346796788115,1,0
728,2005,R3,2005,1,Grade 4,MN:MN,RED,4,RRPCM,OR,Oregon,TOTAL,All students,1,All students,216.899980219675,1,0
729,2005,R3,2005,1,Grade 4,SD:SD,RED,4,RRPCM,OR,Oregon,TOTAL,All students,1,All students,36.3169814555921,1,0
730,2005,R3,2005,1,Grade 4,MN:MN,RED,4,RRPCM,PA,Pennsylvania,TOTAL,All students,1,All students,222.771980355527,1,0
731,2005,R3,2005,1,Grade 4,SD:SD,RED,4,RRPCM,PA,Pennsylvania,TOTAL,All students,1,All students,35.9595728351445,1,0
732,2005,R3,2005,1,Grade 4,MN:MN,RED,4,RRPCM,RI,Rhode Island,TOTAL,All students,1,All students,216.439867333869,1,0
733,2005,R3,2005,1,Grade 4,SD:SD,RED,4,RRPCM,RI,Rhode Island,TOTAL,All students,1,All students,37.627098165144,1,0
734,2005,R3,2005,1,Grade 4,MN:MN,RED,4,RRPCM,SC,South Carolina,TOTAL,All students,1,All students,213.203507177181,1,0
735,2005,R3,2005,1,Grade 4,SD:SD,RED,4,RRPCM,SC,South Carolina,TOTAL,All students,1,All students,36.5195698061023,1,0
736,2005,R3,2005,1,Grade 4,MN:MN,RED,4,RRPCM,SD,South Dakota,TOTAL,All students,1,All students,222.398692098453,1,0
737,2005,R3,2005,1,Grade 4,SD:SD,RED,4,RRPCM,SD,South Dakota,TOTAL,All students,1,All students,32.3183367187906,1,0
738,2005,R3,2005,1,Grade 4,MN:MN,RED,4,RRPCM,TN,Tennessee,TOTAL,All students,1,All students,214.221269348578,1,0
739,2005,R3,2005,1,Grade 4,SD:SD,RED,4,RRPCM,TN,Tennessee,TOTAL,All students,1,All students,36.5027537002381,1,0
740,2005,R3,2005,1,Grade 4,MN:MN,RED,4,RRPCM,TX,Texas,TOTAL,All students,1,All students,218.733823976846,1,0
741,2005,R3,2005,1,Grade 4,SD:SD,RED,4,RRPCM,TX,Texas,TOTAL,All students,1,All students,33.0954050418414,1,0
742,2005,R3,2005,1,Grade 4,MN:MN,RED,4,RRPCM,UT,Utah,TOTAL,All students,1,All students,221.310927118758,1,0
743,2005,R3,2005,1,Grade 4,SD:SD,RED,4,RRPCM,UT,Utah,TOTAL,All students,1,All students,35.4796468160085,1,0
744,2005,R3,2005,1,Grade 4,MN:MN,RED,4,RRPCM,VA,Virginia,TOTAL,All students,1,All students,225.81371068134,1,0
745,2005,R3,2005,1,Grade 4,SD:SD,RED,4,RRPCM,VA,Virginia,TOTAL,All students,1,All students,31.1461818584361,1,0
746,2005,R3,2005,1,Grade 4,MN:MN,RED,4,RRPCM,VT,Vermont,TOTAL,All students,1,All students,226.886251005992,1,0
747,2005,R3,2005,1,Grade 4,SD:SD,RED,4,RRPCM,VT,Vermont,TOTAL,All students,1,All students,33.4556198969193,1,0
748,2005,R3,2005,1,Grade 4,MN:MN,RED,4,RRPCM,WA,Washington,TOTAL,All students,1,All students,223.486397868759,1,0
749,2005,R3,2005,1,Grade 4,SD:SD,RED,4,RRPCM,WA,Washington,TOTAL,All students,1,All students,34.0805961935204,1,0
750,2005,R3,2005,1,Grade 4,MN:MN,RED,4,RRPCM,WI,Wisconsin,TOTAL,All students,1,All students,221.164226543439,1,0
751,2005,R3,2005,1,Grade 4,SD:SD,RED,4,RRPCM,WI,Wisconsin,TOTAL,All students,1,All students,33.9973984720529,1,0
752,2005,R3,2005,1,Grade 4,MN:MN,RED,4,RRPCM,WV,West Virginia,TOTAL,All students,1,All students,214.767066412741,1,0
753,2005,R3,2005,1,Grade 4,SD:SD,RED,4,RRPCM,WV,West Virginia,TOTAL,All students,1,All students,34.3664494032451,1,0
754,2005,R3,2005,1,Grade 4,MN:MN,RED,4,RRPCM,WY,Wyoming,TOTAL,All students,1,All students,223.262145963811,1,0
755,2005,R3,2005,1,Grade 4,SD:SD,RED,4,RRPCM,WY,Wyoming,TOTAL,All students,1,All students,33.1872622624763,1,0
756,2007,R3,2007,1,Grade 4,MN:MN,RED,4,RRPCM,AK,Alaska,TOTAL,All students,1,All students,214.476954408027,1,0
757,2007,R3,2007,1,Grade 4,SD:SD,RED,4,RRPCM,AK,Alaska,TOTAL,All students,1,All students,39.6179804772973,1,0
758,2007,R3,2007,1,Grade 4,MN:MN,RED,4,RRPCM,AL,Alabama,TOTAL,All students,1,All students,216.38895388449,1,0
759,2007,R3,2007,1,Grade 4,SD:SD,RED,4,RRPCM,AL,Alabama,TOTAL,All students,1,All students,37.0498290263597,1,0
760,2007,R3,2007,1,Grade 4,MN:MN,RED,4,RRPCM,AR,Arkansas,TOTAL,All students,1,All students,217.027817745061,1,0
761,2007,R3,2007,1,Grade 4,SD:SD,RED,4,RRPCM,AR,Arkansas,TOTAL,All students,1,All students,35.3331405558388,1,0
762,2007,R3,2007,1,Grade 4,MN:MN,RED,4,RRPCM,AZ,Arizona,TOTAL,All students,1,All students,209.520624281702,1,0
763,2007,R3,2007,1,Grade 4,SD:SD,RED,4,RRPCM,AZ,Arizona,TOTAL,All students,1,All students,39.5320528026833,1,0
764,2007,R3,2007,1,Grade 4,MN:MN,RED,4,RRPCM,CA,California,TOTAL,All students,1,All students,208.52218596155,1,0
765,2007,R3,2007,1,Grade 4,SD:SD,RED,4,RRPCM,CA,California,TOTAL,All students,1,All students,39.0188595431227,1,0
766,2007,R3,2007,1,Grade 4,MN:MN,RED,4,RRPCM,CO,Colorado,TOTAL,All students,1,All students,223.732652896462,1,0
767,2007,R3,2007,1,Grade 4,SD:SD,RED,4,RRPCM,CO,Colorado,TOTAL,All students,1,All students,35.5834055890107,1,0
768,2007,R3,2007,1,Grade 4,MN:MN,RED,4,RRPCM,CT,Connecticut,TOTAL,All students,1,All students,227.203649213779,1,0
769,2007,R3,2007,1,Grade 4,SD:SD,RED,4,RRPCM,CT,Connecticut,TOTAL,All students,1,All students,37.0267630007489,1,0
770,2007,R3,2007,1,Grade 4,MN:MN,RED,4,RRPCM,DC,District of Columbia,TOTAL,All students,1,All students,197.085950395474,1,0
771,2007,R3,2007,1,Grade 4,SD:SD,RED,4,RRPCM,DC,District of Columbia,TOTAL,All students,1,All students,38.607411143231,1,0
772,2007,R3,2007,1,Grade 4,MN:MN,RED,4,RRPCM,DE,Delaware,TOTAL,All students,1,All students,225.070542301849,1,0
773,2007,R3,2007,1,Grade 4,SD:SD,RED,4,RRPCM,DE,Delaware,TOTAL,All students,1,All students,29.4774457220633,1,0
774,2007,R3,2007,1,Grade 4,MN:MN,RED,4,RRPCM,FL,Florida,TOTAL,All students,1,All students,223.534926816656,1,0
775,2007,R3,2007,1,Grade 4,SD:SD,RED,4,RRPCM,FL,Florida,TOTAL,All students,1,All students,33.1480690288366,1,0
776,2007,R3,2007,1,Grade 4,MN:MN,RED,4,RRPCM,GA,Georgia,TOTAL,All students,1,All students,218.888171260588,1,0
777,2007,R3,2007,1,Grade 4,SD:SD,RED,4,RRPCM,GA,Georgia,TOTAL,All students,1,All students,31.801367818247,1,0
778,2007,R3,2007,1,Grade 4,MN:MN,RED,4,RRPCM,HI,Hawaii,TOTAL,All students,1,All students,213.496554967804,1,0
779,2007,R3,2007,1,Grade 4,SD:SD,RED,4,RRPCM,HI,Hawaii,TOTAL,All students,1,All students,36.6801610504676,1,0
780,2007,R3,2007,1,Grade 4,MN:MN,RED,4,RRPCM,IA,Iowa,TOTAL,All students,1,All students,224.894795386947,1,0
781,2007,R3,2007,1,Grade 4,SD:SD,RED,4,RRPCM,IA,Iowa,TOTAL,All students,1,All students,32.5543197558814,1,0
782,2007,R3,2007,1,Grade 4,MN:MN,RED,4,RRPCM,ID,Idaho,TOTAL,All students,1,All students,223.404065315834,1,0
783,2007,R3,2007,1,Grade 4,SD:SD,RED,4,RRPCM,ID,Idaho,TOTAL,All students,1,All students,33.7393427693841,1,0
784,2007,R3,2007,1,Grade 4,MN:MN,RED,4,RRPCM,IL,Illinois,TOTAL,All students,1,All students,219.386811378061,1,0
785,2007,R3,2007,1,Grade 4,SD:SD,RED,4,RRPCM,IL,Illinois,TOTAL,All students,1,All students,36.6439027337461,1,0
786,2007,R3,2007,1,Grade 4,MN:MN,RED,4,RRPCM,IN,Indiana,TOTAL,All students,1,All students,221.673092302826,1,0
787,2007,R3,2007,1,Grade 4,SD:SD,RED,4,RRPCM,IN,Indiana,TOTAL,All students,1,All students,33.7519714755524,1,0
788,2007,R3,2007,1,Grade 4,MN:MN,RED,4,RRPCM,KS,Kansas,TOTAL,All students,1,All students,224.658362200921,1,0
789,2007,R3,2007,1,Grade 4,SD:SD,RED,4,RRPCM,KS,Kansas,TOTAL,All students,1,All students,32.6762296371208,1,0
790,2007,R3,2007,1,Grade 4,MN:MN,RED,4,RRPCM,KY,Kentucky,TOTAL,All students,1,All students,222.432314246177,1,0
791,2007,R3,2007,1,Grade 4,SD:SD,RED,4,RRPCM,KY,Kentucky,TOTAL,All students,1,All students,34.3791553478213,1,0
792,2007,R3,2007,1,Grade 4,MN:MN,RED,4,RRPCM,LA,Louisiana,TOTAL,All students,1,All students,207.406805529699,1,0
793,2007,R3,2007,1,Grade 4,SD:SD,RED,4,RRPCM,LA,Louisiana,TOTAL,All students,1,All students,36.1592557364959,1,0
794,2007,R3,2007,1,Grade 4,MN:MN,RED,4,RRPCM,MA,Massachusetts,TOTAL,All students,1,All students,235.753462061818,1,0
795,2007,R3,2007,1,Grade 4,SD:SD,RED,4,RRPCM,MA,Massachusetts,TOTAL,All students,1,All students,32.2640448258015,1,0
796,2007,R3,2007,1,Grade 4,MN:MN,RED,4,RRPCM,MD,Maryland,TOTAL,All students,1,All students,224.781265126508,1,0
797,2007,R3,2007,1,Grade 4,SD:SD,RED,4,RRPCM,MD,Maryland,TOTAL,All students,1,All students,34.3745321898125,1,0
798,2007,R3,2007,1,Grade 4,MN:MN,RED,4,RRPCM,ME,Maine,TOTAL,All students,1,All students,225.544045784741,1,0
799,2007,R3,2007,1,Grade 4,SD:SD,RED,4,RRPCM,ME,Maine,TOTAL,All students,1,All students,31.1319195420952,1,0
800,2007,R3,2007,1,Grade 4,MN:MN,RED,4,RRPCM,MI,Michigan,TOTAL,All students,1,All students,220.11845283265,1,0
801,2007,R3,2007,1,Grade 4,SD:SD,RED,4,RRPCM,MI,Michigan,TOTAL,All students,1,All students,35.9202093116389,1,0
802,2007,R3,2007,1,Grade 4,MN:MN,RED,4,RRPCM,MN,Minnesota,TOTAL,All students,1,All students,224.917004310155,1,0
803,2007,R3,2007,1,Grade 4,SD:SD,RED,4,RRPCM,MN,Minnesota,TOTAL,All students,1,All students,34.7290337162712,1,0
804,2007,R3,2007,1,Grade 4,MN:MN,RED,4,RRPCM,MO,Missouri,TOTAL,All students,1,All students,220.776827870135,1,0
805,2007,R3,2007,1,Grade 4,SD:SD,RED,4,RRPCM,MO,Missouri,TOTAL,All students,1,All students,33.7088530865631,1,0
806,2007,R3,2007,1,Grade 4,MN:MN,RED,4,RRPCM,MS,Mississippi,TOTAL,All students,1,All students,207.809518812675,1,0
807,2007,R3,2007,1,Grade 4,SD:SD,RED,4,RRPCM,MS,Mississippi,TOTAL,All students,1,All students,33.7191595300134,1,0
808,2007,R3,2007,1,Grade 4,MN:MN,RED,4,RRPCM,MT,Montana,TOTAL,All students,1,All students,226.666532587484,1,0
809,2007,R3,2007,1,Grade 4,SD:SD,RED,4,RRPCM,MT,Montana,TOTAL,All students,1,All students,32.0621797117698,1,0
810,2007,R3,2007,1,Grade 4,MN:MN,RED,4,RRPCM,NC,North Carolina,TOTAL,All students,1,All students,217.934042613497,1,0
811,2007,R3,2007,1,Grade 4,SD:SD,RED,4,RRPCM,NC,North Carolina,TOTAL,All students,1,All students,35.2176849357567,1,0
812,2007,R3,2007,1,Grade 4,MN:MN,RED,4,RRPCM,ND,North Dakota,TOTAL,All students,1,All students,226.325481086957,1,0
813,2007,R3,2007,1,Grade 4,SD:SD,RED,4,RRPCM,ND,North Dakota,TOTAL,All students,1,All students,28.8443134810527,1,0
814,2007,R3,2007,1,Grade 4,MN:MN,RED,4,RRPCM,NE,Nebraska,TOTAL,All students,1,All students,222.902554305927,1,0
815,2007,R3,2007,1,Grade 4,SD:SD,RED,4,RRPCM,NE,Nebraska,TOTAL,All students,1,All students,34.6623639807123,1,0
816,2007,R3,2007,1,Grade 4,MN:MN,RED,4,RRPCM,NH,New Hampshire,TOTAL,All students,1,All students,229.017173352409,1,0
817,2007,R3,2007,1,Grade 4,SD:SD,RED,4,RRPCM,NH,New Hampshire,TOTAL,All students,1,All students,32.4918505420415,1,0
818,2007,R3,2007,1,Grade 4,MN:MN,RED,4,RRPCM,NJ,New Jersey,TOTAL,All students,1,All students,230.64697200838,1,0
819,2007,R3,2007,1,Grade 4,SD:SD,RED,4,RRPCM,NJ,New Jersey,TOTAL,All students,1,All students,33.0597622317965,1,0
820,2007,R3,2007,1,Grade 4,MN:MN,RED,4,RRPCM,NM,New Mexico,TOTAL,All students,1,All students,211.631884615174,1,0
821,2007,R3,2007,1,Grade 4,SD:SD,RED,4,RRPCM,NM,New Mexico,TOTAL,All students,1,All students,36.8789073837497,1,0
822,2007,R3,2007,1,Grade 4,MN:MN,RED,4,RRPCM,NP,National public,TOTAL,All students,1,All students,219.65707104346,1,0
823,2007,R3,2007,1,Grade 4,SD:SD,RED,4,RRPCM,NP,National public,TOTAL,All students,1,All students,35.8845032335451,1,0
824,2007,R3,2007,1,Grade 4,MN:MN,RED,4,RRPCM,NR,National private,TOTAL,All students,1,All students,233.68699940255,1,0
825,2007,R3,2007,1,Grade 4,SD:SD,RED,4,RRPCM,NR,National private,TOTAL,All students,1,All students,31.4063292851128,1,0
826,2007,R3,2007,1,Grade 4,MN:MN,RED,4,RRPCM,NT,National,TOTAL,All students,1,All students,220.988929569513,1,0
827,2007,R3,2007,1,Grade 4,SD:SD,RED,4,RRPCM,NT,National,TOTAL,All students,1,All students,35.7257950029133,1,0
828,2007,R3,2007,1,Grade 4,MN:MN,RED,4,RRPCM,NV,Nevada,TOTAL,All students,1,All students,210.819009123413,1,0
829,2007,R3,2007,1,Grade 4,SD:SD,RED,4,RRPCM,NV,Nevada,TOTAL,All students,1,All students,38.581734912792,1,0
830,2007,R3,2007,1,Grade 4,MN:MN,RED,4,RRPCM,NY,New York,TOTAL,All students,1,All students,223.752027289559,1,0
831,2007,R3,2007,1,Grade 4,SD:SD,RED,4,RRPCM,NY,New York,TOTAL,All students,1,All students,35.774660166458,1,0
832,2007,R3,2007,1,Grade 4,MN:MN,RED,4,RRPCM,OH,Ohio,TOTAL,All students,1,All students,225.666987806902,1,0
833,2007,R3,2007,1,Grade 4,SD:SD,RED,4,RRPCM,OH,Ohio,TOTAL,All students,1,All students,31.8121992542868,1,0
834,2007,R3,2007,1,Grade 4,MN:MN,RED,4,RRPCM,OK,Oklahoma,TOTAL,All students,1,All students,216.955654036521,1,0
835,2007,R3,2007,1,Grade 4,SD:SD,RED,4,RRPCM,OK,Oklahoma,TOTAL,All students,1,All students,33.6163423352837,1,0
836,2007,R3,2007,1,Grade 4,MN:MN,RED,4,RRPCM,OR,Oregon,TOTAL,All students,1,All students,215.01732344377,1,0
837,2007,R3,2007,1,Grade 4,SD:SD,RED,4,RRPCM,OR,Oregon,TOTAL,All students,1,All students,38.0286084635762,1,0
838,2007,R3,2007,1,Grade 4,MN:MN,RED,4,RRPCM,PA,Pennsylvania,TOTAL,All students,1,All students,226.353658210298,1,0
839,2007,R3,2007,1,Grade 4,SD:SD,RED,4,RRPCM,PA,Pennsylvania,TOTAL,All students,1,All students,36.9440434934259,1,0
840,2007,R3,2007,1,Grade 4,MN:MN,RED,4,RRPCM,RI,Rhode Island,TOTAL,All students,1,All students,218.761444851879,1,0
841,2007,R3,2007,1,Grade 4,SD:SD,RED,4,RRPCM,RI,Rhode Island,TOTAL,All students,1,All students,36.0463895176203,1,0
842,2007,R3,2007,1,Grade 4,MN:MN,RED,4,RRPCM,SC,South Carolina,TOTAL,All students,1,All students,213.836527211386,1,0
843,2007,R3,2007,1,Grade 4,SD:SD,RED,4,RRPCM,SC,South Carolina,TOTAL,All students,1,All students,35.7518828589298,1,0
844,2007,R3,2007,1,Grade 4,MN:MN,RED,4,RRPCM,SD,South Dakota,TOTAL,All students,1,All students,223.398526687997,1,0
845,2007,R3,2007,1,Grade 4,SD:SD,RED,4,RRPCM,SD,South Dakota,TOTAL,All students,1,All students,32.5462589912759,1,0
846,2007,R3,2007,1,Grade 4,MN:MN,RED,4,RRPCM,TN,Tennessee,TOTAL,All students,1,All students,215.749268590355,1,0
847,2007,R3,2007,1,Grade 4,SD:SD,RED,4,RRPCM,TN,Tennessee,TOTAL,All students,1,All students,34.9729703918732,1,0
848,2007,R3,2007,1,Grade 4,MN:MN,RED,4,RRPCM,TX,Texas,TOTAL,All students,1,All students,219.604313050316,1,0
849,2007,R3,2007,1,Grade 4,SD:SD,RED,4,RRPCM,TX,Texas,TOTAL,All students,1,All students,33.2020949306332,1,0
850,2007,R3,2007,1,Grade 4,MN:MN,RED,4,RRPCM,UT,Utah,TOTAL,All students,1,All students,221.261428128739,1,0
851,2007,R3,2007,1,Grade 4,SD:SD,RED,4,RRPCM,UT,Utah,TOTAL,All students,1,All students,36.1418974976178,1,0
852,2007,R3,2007,1,Grade 4,MN:MN,RED,4,RRPCM,VA,Virginia,TOTAL,All students,1,All students,227.136724852212,1,0
853,2007,R3,2007,1,Grade 4,SD:SD,RED,4,RRPCM,VA,Virginia,TOTAL,All students,1,All students,31.2567810347543,1,0
854,2007,R3,2007,1,Grade 4,MN:MN,RED,4,RRPCM,VT,Vermont,TOTAL,All students,1,All students,228.248538219188,1,0
855,2007,R3,2007,1,Grade 4,SD:SD,RED,4,RRPCM,VT,Vermont,TOTAL,All students,1,All students,34.0277548453926,1,0
856,2007,R3,2007,1,Grade 4,MN:MN,RED,4,RRPCM,WA,Washington,TOTAL,All students,1,All students,223.999336825378,1,0
857,2007,R3,2007,1,Grade 4,SD:SD,RED,4,RRPCM,WA,Washington,TOTAL,All students,1,All students,36.1187641056375,1,0
858,2007,R3,2007,1,Grade 4,MN:MN,RED,4,RRPCM,WI,Wisconsin,TOTAL,All students,1,All students,223.318009810876,1,0
859,2007,R3,2007,1,Grade 4,SD:SD,RED,4,RRPCM,WI,Wisconsin,TOTAL,All students,1,All students,34.9407682159669,1,0
860,2007,R3,2007,1,Grade 4,MN:MN,RED,4,RRPCM,WV,West Virginia,TOTAL,All students,1,All students,215.130555459311,1,0
861,2007,R3,2007,1,Grade 4,SD:SD,RED,4,RRPCM,WV,West Virginia,TOTAL,All students,1,All students,37.044324648108,1,0
862,2007,R3,2007,1,Grade 4,MN:MN,RED,4,RRPCM,WY,Wyoming,TOTAL,All students,1,All students,225.289483281059,1,0
863,2007,R3,2007,1,Grade 4,SD:SD,RED,4,RRPCM,WY,Wyoming,TOTAL,All students,1,All students,32.3214900807356,1,0
864,2009,R3,2009,1,Grade 4,MN:MN,RED,4,RRPCM,AK,Alaska,TOTAL,All students,1,All students,211.127368273139,1,0
865,2009,R3,2009,1,Grade 4,SD:SD,RED,4,RRPCM,AK,Alaska,TOTAL,All students,1,All students,41.2637622115995,1,0
866,2009,R3,2009,1,Grade 4,MN:MN,RED,4,RRPCM,AL,Alabama,TOTAL,All students,1,All students,216.273355869774,1,0
867,2009,R3,2009,1,Grade 4,SD:SD,RED,4,RRPCM,AL,Alabama,TOTAL,All students,1,All students,36.0088882546603,1,0
868,2009,R3,2009,1,Grade 4,MN:MN,RED,4,RRPCM,AR,Arkansas,TOTAL,All students,1,All students,216.151581392988,1,0
869,2009,R3,2009,1,Grade 4,SD:SD,RED,4,RRPCM,AR,Arkansas,TOTAL,All students,1,All students,36.9335930187958,1,0
870,2009,R3,2009,1,Grade 4,MN:MN,RED,4,RRPCM,AZ,Arizona,TOTAL,All students,1,All students,209.989269506089,1,0
871,2009,R3,2009,1,Grade 4,SD:SD,RED,4,RRPCM,AZ,Arizona,TOTAL,All students,1,All students,39.8427987367185,1,0
872,2009,R3,2009,1,Grade 4,MN:MN,RED,4,RRPCM,CA,California,TOTAL,All students,1,All students,209.762405377999,1,0
873,2009,R3,2009,1,Grade 4,SD:SD,RED,4,RRPCM,CA,California,TOTAL,All students,1,All students,38.2826665675774,1,0
874,2009,R3,2009,1,Grade 4,MN:MN,RED,4,RRPCM,CO,Colorado,TOTAL,All students,1,All students,225.696640590332,1,0
875,2009,R3,2009,1,Grade 4,SD:SD,RED,4,RRPCM,CO,Colorado,TOTAL,All students,1,All students,36.5440859655356,1,0
876,2009,R3,2009,1,Grade 4,MN:MN,RED,4,RRPCM,CT,Connecticut,TOTAL,All students,1,All students,228.972116699409,1,0
877,2009,R3,2009,1,Grade 4,SD:SD,RED,4,RRPCM,CT,Connecticut,TOTAL,All students,1,All students,34.903988589414,1,0
878,2009,R3,2009,1,Grade 4,MN:MN,RED,4,RRPCM,DC,District of Columbia,TOTAL,All students,1,All students,201.984637739722,1,0
879,2009,R3,2009,1,Grade 4,SD:SD,RED,4,RRPCM,DC,District of Columbia,TOTAL,All students,1,All students,38.784541051331,1,0
880,2009,R3,2009,1,Grade 4,MN:MN,RED,4,RRPCM,DE,Delaware,TOTAL,All students,1,All students,225.513086784412,1,0
881,2009,R3,2009,1,Grade 4,SD:SD,RED,4,RRPCM,DE,Delaware,TOTAL,All students,1,All students,30.1564095468528,1,0
882,2009,R3,2009,1,Grade 4,MN:MN,RED,4,RRPCM,FL,Florida,TOTAL,All students,1,All students,225.673407344794,1,0
883,2009,R3,2009,1,Grade 4,SD:SD,RED,4,RRPCM,FL,Florida,TOTAL,All students,1,All students,30.9585998941937,1,0
884,2009,R3,2009,1,Grade 4,MN:MN,RED,4,RRPCM,GA,Georgia,TOTAL,All students,1,All students,217.848105733688,1,0
885,2009,R3,2009,1,Grade 4,SD:SD,RED,4,RRPCM,GA,Georgia,TOTAL,All students,1,All students,34.8547797282659,1,0
886,2009,R3,2009,1,Grade 4,MN:MN,RED,4,RRPCM,HI,Hawaii,TOTAL,All students,1,All students,210.61641868594,1,0
887,2009,R3,2009,1,Grade 4,SD:SD,RED,4,RRPCM,HI,Hawaii,TOTAL,All students,1,All students,40.5190932925753,1,0
888,2009,R3,2009,1,Grade 4,MN:MN,RED,4,RRPCM,IA,Iowa,TOTAL,All students,1,All students,221.422298113147,1,0
889,2009,R3,2009,1,Grade 4,SD:SD,RED,4,RRPCM,IA,Iowa,TOTAL,All students,1,All students,35.4328759556758,1,0
890,2009,R3,2009,1,Grade 4,MN:MN,RED,4,RRPCM,ID,Idaho,TOTAL,All students,1,All students,221.022924421352,1,0
891,2009,R3,2009,1,Grade 4,SD:SD,RED,4,RRPCM,ID,Idaho,TOTAL,All students,1,All students,33.8764238707489,1,0
892,2009,R3,2009,1,Grade 4,MN:MN,RED,4,RRPCM,IL,Illinois,TOTAL,All students,1,All students,219.16577996227,1,0
893,2009,R3,2009,1,Grade 4,SD:SD,RED,4,RRPCM,IL,Illinois,TOTAL,All students,1,All students,38.0094099527893,1,0
894,2009,R3,2009,1,Grade 4,MN:MN,RED,4,RRPCM,IN,Indiana,TOTAL,All students,1,All students,222.659480848241,1,0
895,2009,R3,2009,1,Grade 4,SD:SD,RED,4,RRPCM,IN,Indiana,TOTAL,All students,1,All students,33.5176630730316,1,0
896,2009,R3,2009,1,Grade 4,MN:MN,RED,4,RRPCM,KS,Kansas,TOTAL,All students,1,All students,223.924213283757,1,0
897,2009,R3,2009,1,Grade 4,SD:SD,RED,4,RRPCM,KS,Kansas,TOTAL,All students,1,All students,32.8285194537757,1,0
898,2009,R3,2009,1,Grade 4,MN:MN,RED,4,RRPCM,KY,Kentucky,TOTAL,All students,1,All students,225.606242400736,1,0
899,2009,R3,2009,1,Grade 4,SD:SD,RED,4,RRPCM,KY,Kentucky,TOTAL,All students,1,All students,31.8035457395064,1,0
900,2009,R3,2009,1,Grade 4,MN:MN,RED,4,RRPCM,LA,Louisiana,TOTAL,All students,1,All students,207.486137163094,1,0
901,2009,R3,2009,1,Grade 4,SD:SD,RED,4,RRPCM,LA,Louisiana,TOTAL,All students,1,All students,33.8267122749826,1,0
902,2009,R3,2009,1,Grade 4,MN:MN,RED,4,RRPCM,MA,Massachusetts,TOTAL,All students,1,All students,233.749463106304,1,0
903,2009,R3,2009,1,Grade 4,SD:SD,RED,4,RRPCM,MA,Massachusetts,TOTAL,All students,1,All students,31.8399023851066,1,0
904,2009,R3,2009,1,Grade 4,MN:MN,RED,4,RRPCM,MD,Maryland,TOTAL,All students,1,All students,226.047783920533,1,0
905,2009,R3,2009,1,Grade 4,SD:SD,RED,4,RRPCM,MD,Maryland,TOTAL,All students,1,All students,34.2279243885749,1,0
906,2009,R3,2009,1,Grade 4,MN:MN,RED,4,RRPCM,ME,Maine,TOTAL,All students,1,All students,223.790428000088,1,0
907,2009,R3,2009,1,Grade 4,SD:SD,RED,4,RRPCM,ME,Maine,TOTAL,All students,1,All students,33.1218077717068,1,0
908,2009,R3,2009,1,Grade 4,MN:MN,RED,4,RRPCM,MI,Michigan,TOTAL,All students,1,All students,218.235550344419,1,0
909,2009,R3,2009,1,Grade 4,SD:SD,RED,4,RRPCM,MI,Michigan,TOTAL,All students,1,All students,34.855635677279,1,0
910,2009,R3,2009,1,Grade 4,MN:MN,RED,4,RRPCM,MN,Minnesota,TOTAL,All students,1,All students,223.336661773101,1,0
911,2009,R3,2009,1,Grade 4,SD:SD,RED,4,RRPCM,MN,Minnesota,TOTAL,All students,1,All students,37.1382342570847,1,0
912,2009,R3,2009,1,Grade 4,MN:MN,RED,4,RRPCM,MO,Missouri,TOTAL,All students,1,All students,223.842357778696,1,0
913,2009,R3,2009,1,Grade 4,SD:SD,RED,4,RRPCM,MO,Missouri,TOTAL,All students,1,All students,34.6734169195635,1,0
914,2009,R3,2009,1,Grade 4,MN:MN,RED,4,RRPCM,MS,Mississippi,TOTAL,All students,1,All students,210.506517536678,1,0
915,2009,R3,2009,1,Grade 4,SD:SD,RED,4,RRPCM,MS,Mississippi,TOTAL,All students,1,All students,34.3569813643825,1,0
916,2009,R3,2009,1,Grade 4,MN:MN,RED,4,RRPCM,MT,Montana,TOTAL,All students,1,All students,224.651750127955,1,0
917,2009,R3,2009,1,Grade 4,SD:SD,RED,4,RRPCM,MT,Montana,TOTAL,All students,1,All students,30.9441371197751,1,0
918,2009,R3,2009,1,Grade 4,MN:MN,RED,4,RRPCM,NC,North Carolina,TOTAL,All students,1,All students,219.296045907462,1,0
919,2009,R3,2009,1,Grade 4,SD:SD,RED,4,RRPCM,NC,North Carolina,TOTAL,All students,1,All students,36.3252255028733,1,0
920,2009,R3,2009,1,Grade 4,MN:MN,RED,4,RRPCM,ND,North Dakota,TOTAL,All students,1,All students,225.967471901352,1,0
921,2009,R3,2009,1,Grade 4,SD:SD,RED,4,RRPCM,ND,North Dakota,TOTAL,All students,1,All students,28.212335429964,1,0
922,2009,R3,2009,1,Grade 4,MN:MN,RED,4,RRPCM,NE,Nebraska,TOTAL,All students,1,All students,222.523307331545,1,0
923,2009,R3,2009,1,Grade 4,SD:SD,RED,4,RRPCM,NE,Nebraska,TOTAL,All students,1,All students,34.602024481157,1,0
924,2009,R3,2009,1,Grade 4,MN:MN,RED,4,RRPCM,NH,New Hampshire,TOTAL,All students,1,All students,229.144520432665,1,0
925,2009,R3,2009,1,Grade 4,SD:SD,RED,4,RRPCM,NH,New Hampshire,TOTAL,All students,1,All students,31.248824232227,1,0
926,2009,R3,2009,1,Grade 4,MN:MN,RED,4,RRPCM,NJ,New Jersey,TOTAL,All students,1,All students,229.394486392659,1,0
927,2009,R3,2009,1,Grade 4,SD:SD,RED,4,RRPCM,NJ,New Jersey,TOTAL,All students,1,All students,31.1260411540204,1,0
928,2009,R3,2009,1,Grade 4,MN:MN,RED,4,RRPCM,NM,New Mexico,TOTAL,All students,1,All students,207.645730781769,1,0
929,2009,R3,2009,1,Grade 4,SD:SD,RED,4,RRPCM,NM,New Mexico,TOTAL,All students,1,All students,36.5156984028755,1,0
930,2009,R3,2009,1,Grade 4,MN:MN,RED,4,RRPCM,NP,National public,TOTAL,All students,1,All students,219.599030284342,1,0
931,2009,R3,2009,1,Grade 4,SD:SD,RED,4,RRPCM,NP,National public,TOTAL,All students,1,All students,35.5871035858238,1,0
932,2009,R3,2009,1,Grade 4,MN:MN,RED,4,RRPCM,NR,National private,TOTAL,All students,1,All students,234.858334155378,1,0
933,2009,R3,2009,1,Grade 4,SD:SD,RED,4,RRPCM,NR,National private,TOTAL,All students,1,All students,31.055888476204,1,0
934,2009,R3,2009,1,Grade 4,MN:MN,RED,4,RRPCM,NT,National,TOTAL,All students,1,All students,220.94494004277,1,0
935,2009,R3,2009,1,Grade 4,SD:SD,RED,4,RRPCM,NT,National,TOTAL,All students,1,All students,35.4831726390715,1,0
936,2009,R3,2009,1,Grade 4,MN:MN,RED,4,RRPCM,NV,Nevada,TOTAL,All students,1,All students,211.140588986901,1,0
937,2009,R3,2009,1,Grade 4,SD:SD,RED,4,RRPCM,NV,Nevada,TOTAL,All students,1,All students,37.3080610366112,1,0
938,2009,R3,2009,1,Grade 4,MN:MN,RED,4,RRPCM,NY,New York,TOTAL,All students,1,All students,224.368748848311,1,0
939,2009,R3,2009,1,Grade 4,SD:SD,RED,4,RRPCM,NY,New York,TOTAL,All students,1,All students,33.6102960943024,1,0
940,2009,R3,2009,1,Grade 4,MN:MN,RED,4,RRPCM,OH,Ohio,TOTAL,All students,1,All students,224.532178118541,1,0
941,2009,R3,2009,1,Grade 4,SD:SD,RED,4,RRPCM,OH,Ohio,TOTAL,All students,1,All students,33.1874330078005,1,0
942,2009,R3,2009,1,Grade 4,MN:MN,RED,4,RRPCM,OK,Oklahoma,TOTAL,All students,1,All students,217.190627559253,1,0
943,2009,R3,2009,1,Grade 4,SD:SD,RED,4,RRPCM,OK,Oklahoma,TOTAL,All students,1,All students,33.5674555303615,1,0
944,2009,R3,2009,1,Grade 4,MN:MN,RED,4,RRPCM,OR,Oregon,TOTAL,All students,1,All students,218.142340516871,1,0
945,2009,R3,2009,1,Grade 4,SD:SD,RED,4,RRPCM,OR,Oregon,TOTAL,All students,1,All students,37.3807456876181,1,0
946,2009,R3,2009,1,Grade 4,MN:MN,RED,4,RRPCM,PA,Pennsylvania,TOTAL,All students,1,All students,223.679439884658,1,0
947,2009,R3,2009,1,Grade 4,SD:SD,RED,4,RRPCM,PA,Pennsylvania,TOTAL,All students,1,All students,36.1543811724708,1,0
948,2009,R3,2009,1,Grade 4,MN:MN,RED,4,RRPCM,RI,Rhode Island,TOTAL,All students,1,All students,222.704885161548,1,0
949,2009,R3,2009,1,Grade 4,SD:SD,RED,4,RRPCM,RI,Rhode Island,TOTAL,All students,1,All students,36.6858690726316,1,0
950,2009,R3,2009,1,Grade 4,MN:MN,RED,4,RRPCM,SC,South Carolina,TOTAL,All students,1,All students,215.942298236521,1,0
951,2009,R3,2009,1,Grade 4,SD:SD,RED,4,RRPCM,SC,South Carolina,TOTAL,All students,1,All students,35.6023217269354,1,0
952,2009,R3,2009,1,Grade 4,MN:MN,RED,4,RRPCM,SD,South Dakota,TOTAL,All students,1,All students,222.166592778336,1,0
953,2009,R3,2009,1,Grade 4,SD:SD,RED,4,RRPCM,SD,South Dakota,TOTAL,All students,1,All students,33.0839304135738,1,0
954,2009,R3,2009,1,Grade 4,MN:MN,RED,4,RRPCM,TN,Tennessee,TOTAL,All students,1,All students,216.737811108148,1,0
955,2009,R3,2009,1,Grade 4,SD:SD,RED,4,RRPCM,TN,Tennessee,TOTAL,All students,1,All students,34.9738475880705,1,0
956,2009,R3,2009,1,Grade 4,MN:MN,RED,4,RRPCM,TX,Texas,TOTAL,All students,1,All students,218.858272374458,1,0
957,2009,R3,2009,1,Grade 4,SD:SD,RED,4,RRPCM,TX,Texas,TOTAL,All students,1,All students,32.4683754601197,1,0
958,2009,R3,2009,1,Grade 4,MN:MN,RED,4,RRPCM,UT,Utah,TOTAL,All students,1,All students,219.204130166973,1,0
959,2009,R3,2009,1,Grade 4,SD:SD,RED,4,RRPCM,UT,Utah,TOTAL,All students,1,All students,34.6393967946855,1,0
960,2009,R3,2009,1,Grade 4,MN:MN,RED,4,RRPCM,VA,Virginia,TOTAL,All students,1,All students,226.527567976704,1,0
961,2009,R3,2009,1,Grade 4,SD:SD,RED,4,RRPCM,VA,Virginia,TOTAL,All students,1,All students,33.0674821048591,1,0
962,2009,R3,2009,1,Grade 4,MN:MN,RED,4,RRPCM,VT,Vermont,TOTAL,All students,1,All students,228.735783571246,1,0
963,2009,R3,2009,1,Grade 4,SD:SD,RED,4,RRPCM,VT,Vermont,TOTAL,All students,1,All students,34.7640431608798,1,0
964,2009,R3,2009,1,Grade 4,MN:MN,RED,4,RRPCM,WA,Washington,TOTAL,All students,1,All students,221.330110400417,1,0
965,2009,R3,2009,1,Grade 4,SD:SD,RED,4,RRPCM,WA,Washington,TOTAL,All students,1,All students,36.0438193068354,1,0
966,2009,R3,2009,1,Grade 4,MN:MN,RED,4,RRPCM,WI,Wisconsin,TOTAL,All students,1,All students,220.135540597472,1,0
967,2009,R3,2009,1,Grade 4,SD:SD,RED,4,RRPCM,WI,Wisconsin,TOTAL,All students,1,All students,35.8582851396254,1,0
968,2009,R3,2009,1,Grade 4,MN:MN,RED,4,RRPCM,WV,West Virginia,TOTAL,All students,1,All students,214.520200208315,1,0
969,2009,R3,2009,1,Grade 4,SD:SD,RED,4,RRPCM,WV,West Virginia,TOTAL,All students,1,All students,35.0199785084067,1,0
970,2009,R3,2009,1,Grade 4,MN:MN,RED,4,RRPCM,WY,Wyoming,TOTAL,All students,1,All students,222.652196329999,1,0
971,2009,R3,2009,1,Grade 4,SD:SD,RED,4,RRPCM,WY,Wyoming,TOTAL,All students,1,All students,30.6749219582708,1,0
972,2011,R3,2011,1,Grade 4,MN:MN,RED,4,RRPCM,AK,Alaska,TOTAL,All students,1,All students,207.92369589694,1,0
973,2011,R3,2011,1,Grade 4,SD:SD,RED,4,RRPCM,AK,Alaska,TOTAL,All students,1,All students,43.8312590466228,1,0
974,2011,R3,2011,1,Grade 4,MN:MN,RED,4,RRPCM,AL,Alabama,TOTAL,All students,1,All students,220.273413326721,1,0
975,2011,R3,2011,1,Grade 4,SD:SD,RED,4,RRPCM,AL,Alabama,TOTAL,All students,1,All students,34.2893868659746,1,0
976,2011,R3,2011,1,Grade 4,MN:MN,RED,4,RRPCM,AR,Arkansas,TOTAL,All students,1,All students,216.51486397475,1,0
977,2011,R3,2011,1,Grade 4,SD:SD,RED,4,RRPCM,AR,Arkansas,TOTAL,All students,1,All students,36.8242452739958,1,0
978,2011,R3,2011,1,Grade 4,MN:MN,RED,4,RRPCM,AZ,Arizona,TOTAL,All students,1,All students,212.395049942915,1,0
979,2011,R3,2011,1,Grade 4,SD:SD,RED,4,RRPCM,AZ,Arizona,TOTAL,All students,1,All students,38.4274312912723,1,0
980,2011,R3,2011,1,Grade 4,MN:MN,RED,4,RRPCM,CA,California,TOTAL,All students,1,All students,211.35863599994,1,0
981,2011,R3,2011,1,Grade 4,SD:SD,RED,4,RRPCM,CA,California,TOTAL,All students,1,All students,38.4200522385387,1,0
982,2011,R3,2011,1,Grade 4,MN:MN,RED,4,RRPCM,CO,Colorado,TOTAL,All students,1,All students,223.433843627772,1,0
983,2011,R3,2011,1,Grade 4,SD:SD,RED,4,RRPCM,CO,Colorado,TOTAL,All students,1,All students,38.2246057713317,1,0
984,2011,R3,2011,1,Grade 4,MN:MN,RED,4,RRPCM,CT,Connecticut,TOTAL,All students,1,All students,227.427304253836,1,0
985,2011,R3,2011,1,Grade 4,SD:SD,RED,4,RRPCM,CT,Connecticut,TOTAL,All students,1,All students,36.6982392829178,1,0
986,2011,R3,2011,1,Grade 4,MN:MN,RED,4,RRPCM,DC,District of Columbia,TOTAL,All students,1,All students,200.627987932281,1,0
987,2011,R3,2011,1,Grade 4,SD:SD,RED,4,RRPCM,DC,District of Columbia,TOTAL,All students,1,All students,42.6312134187831,1,0
988,2011,R3,2011,1,Grade 4,MN:MN,RED,4,RRPCM,DE,Delaware,TOTAL,All students,1,All students,225.130511094607,1,0
989,2011,R3,2011,1,Grade 4,SD:SD,RED,4,RRPCM,DE,Delaware,TOTAL,All students,1,All students,31.3887131771626,1,0
990,2011,R3,2011,1,Grade 4,MN:MN,RED,4,RRPCM,FL,Florida,TOTAL,All students,1,All students,224.528585389604,1,0
991,2011,R3,2011,1,Grade 4,SD:SD,RED,4,RRPCM,FL,Florida,TOTAL,All students,1,All students,32.5392338621181,1,0
992,2011,R3,2011,1,Grade 4,MN:MN,RED,4,RRPCM,GA,Georgia,TOTAL,All students,1,All students,220.810720110917,1,0
993,2011,R3,2011,1,Grade 4,SD:SD,RED,4,RRPCM,GA,Georgia,TOTAL,All students,1,All students,34.5548918019389,1,0
994,2011,R3,2011,1,Grade 4,MN:MN,RED,4,RRPCM,HI,Hawaii,TOTAL,All students,1,All students,213.61457117423,1,0
995,2011,R3,2011,1,Grade 4,SD:SD,RED,4,RRPCM,HI,Hawaii,TOTAL,All students,1,All students,38.2747304050313,1,0
996,2011,R3,2011,1,Grade 4,MN:MN,RED,4,RRPCM,IA,Iowa,TOTAL,All students,1,All students,220.707446954895,1,0
997,2011,R3,2011,1,Grade 4,SD:SD,RED,4,RRPCM,IA,Iowa,TOTAL,All students,1,All students,35.2316088339312,1,0
998,2011,R3,2011,1,Grade 4,MN:MN,RED,4,RRPCM,ID,Idaho,TOTAL,All students,1,All students,220.82977062234,1,0
999,2011,R3,2011,1,Grade 4,SD:SD,RED,4,RRPCM,ID,Idaho,TOTAL,All students,1,All students,34.8865691844776,1,0
1000,2011,R3,2011,1,Grade 4,MN:MN,RED,4,RRPCM,IL,Illinois,TOTAL,All students,1,All students,219.357498259988,1,0
1001,2011,R3,2011,1,Grade 4,SD:SD,RED,4,RRPCM,IL,Illinois,TOTAL,All students,1,All students,38.6398677910373,1,0
1002,2011,R3,2011,1,Grade 4,MN:MN,RED,4,RRPCM,IN,Indiana,TOTAL,All students,1,All students,220.731342685885,1,0
1003,2011,R3,2011,1,Grade 4,SD:SD,RED,4,RRPCM,IN,Indiana,TOTAL,All students,1,All students,34.7405640544501,1,0
1004,2011,R3,2011,1,Grade 4,MN:MN,RED,4,RRPCM,KS,Kansas,TOTAL,All students,1,All students,223.565091158237,1,0
1005,2011,R3,2011,1,Grade 4,SD:SD,RED,4,RRPCM,KS,Kansas,TOTAL,All students,1,All students,35.3333757593253,1,0
1006,2011,R3,2011,1,Grade 4,MN:MN,RED,4,RRPCM,KY,Kentucky,TOTAL,All students,1,All students,225.13506287333,1,0
1007,2011,R3,2011,1,Grade 4,SD:SD,RED,4,RRPCM,KY,Kentucky,TOTAL,All students,1,All students,31.1665603551695,1,0
1008,2011,R3,2011,1,Grade 4,MN:MN,RED,4,RRPCM,LA,Louisiana,TOTAL,All students,1,All students,210.410726308503,1,0
1009,2011,R3,2011,1,Grade 4,SD:SD,RED,4,RRPCM,LA,Louisiana,TOTAL,All students,1,All students,35.92856214232,1,0
1010,2011,R3,2011,1,Grade 4,MN:MN,RED,4,RRPCM,MA,Massachusetts,TOTAL,All students,1,All students,236.773866580369,1,0
1011,2011,R3,2011,1,Grade 4,SD:SD,RED,4,RRPCM,MA,Massachusetts,TOTAL,All students,1,All students,31.0448693618725,1,0
1012,2011,R3,2011,1,Grade 4,MN:MN,RED,4,RRPCM,MD,Maryland,TOTAL,All students,1,All students,230.782841211696,1,0
1013,2011,R3,2011,1,Grade 4,SD:SD,RED,4,RRPCM,MD,Maryland,TOTAL,All students,1,All students,34.0417557612235,1,0
1014,2011,R3,2011,1,Grade 4,MN:MN,RED,4,RRPCM,ME,Maine,TOTAL,All students,1,All students,222.037332207637,1,0
1015,2011,R3,2011,1,Grade 4,SD:SD,RED,4,RRPCM,ME,Maine,TOTAL,All students,1,All students,32.3676829558622,1,0
1016,2011,R3,2011,1,Grade 4,MN:MN,RED,4,RRPCM,MI,Michigan,TOTAL,All students,1,All students,218.860810368135,1,0
1017,2011,R3,2011,1,Grade 4,SD:SD,RED,4,RRPCM,MI,Michigan,TOTAL,All students,1,All students,35.4812339204736,1,0
1018,2011,R3,2011,1,Grade 4,MN:MN,RED,4,RRPCM,MN,Minnesota,TOTAL,All students,1,All students,222.308672369804,1,0
1019,2011,R3,2011,1,Grade 4,SD:SD,RED,4,RRPCM,MN,Minnesota,TOTAL,All students,1,All students,36.4893355786284,1,0
1020,2011,R3,2011,1,Grade 4,MN:MN,RED,4,RRPCM,MO,Missouri,TOTAL,All students,1,All students,220.346171042259,1,0
1021,2011,R3,2011,1,Grade 4,SD:SD,RED,4,RRPCM,MO,Missouri,TOTAL,All students,1,All students,37.440209492133,1,0
1022,2011,R3,2011,1,Grade 4,MN:MN,RED,4,RRPCM,MS,Mississippi,TOTAL,All students,1,All students,209.188020129765,1,0
1023,2011,R3,2011,1,Grade 4,SD:SD,RED,4,RRPCM,MS,Mississippi,TOTAL,All students,1,All students,36.5647923645958,1,0
1024,2011,R3,2011,1,Grade 4,MN:MN,RED,4,RRPCM,MT,Montana,TOTAL,All students,1,All students,225.144216219664,1,0
1025,2011,R3,2011,1,Grade 4,SD:SD,RED,4,RRPCM,MT,Montana,TOTAL,All students,1,All students,31.7247091983026,1,0
1026,2011,R3,2011,1,Grade 4,MN:MN,RED,4,RRPCM,NC,North Carolina,TOTAL,All students,1,All students,221.356963571717,1,0
1027,2011,R3,2011,1,Grade 4,SD:SD,RED,4,RRPCM,NC,North Carolina,TOTAL,All students,1,All students,36.3068382047465,1,0
1028,2011,R3,2011,1,Grade 4,MN:MN,RED,4,RRPCM,ND,North Dakota,TOTAL,All students,1,All students,225.57752634611,1,0
1029,2011,R3,2011,1,Grade 4,SD:SD,RED,4,RRPCM,ND,North Dakota,TOTAL,All students,1,All students,29.8142811881463,1,0
1030,2011,R3,2011,1,Grade 4,MN:MN,RED,4,RRPCM,NE,Nebraska,TOTAL,All students,1,All students,223.311726013091,1,0
1031,2011,R3,2011,1,Grade 4,SD:SD,RED,4,RRPCM,NE,Nebraska,TOTAL,All students,1,All students,35.0428704832994,1,0
1032,2011,R3,2011,1,Grade 4,MN:MN,RED,4,RRPCM,NH,New Hampshire,TOTAL,All students,1,All students,230.392676367953,1,0
1033,2011,R3,2011,1,Grade 4,SD:SD,RED,4,RRPCM,NH,New Hampshire,TOTAL,All students,1,All students,31.4041700768563,1,0
1034,2011,R3,2011,1,Grade 4,MN:MN,RED,4,RRPCM,NJ,New Jersey,TOTAL,All students,1,All students,231.23762972371,1,0
1035,2011,R3,2011,1,Grade 4,SD:SD,RED,4,RRPCM,NJ,New Jersey,TOTAL,All students,1,All students,32.0568304697441,1,0
1036,2011,R3,2011,1,Grade 4,MN:MN,RED,4,RRPCM,NM,New Mexico,TOTAL,All students,1,All students,208.01411935219,1,0
1037,2011,R3,2011,1,Grade 4,SD:SD,RED,4,RRPCM,NM,New Mexico,TOTAL,All students,1,All students,36.426930771572,1,0
1038,2011,R3,2011,1,Grade 4,MN:MN,RED,4,RRPCM,NP,National public,TOTAL,All students,1,All students,220.025911570376,1,0
1039,2011,R3,2011,1,Grade 4,SD:SD,RED,4,RRPCM,NP,National public,TOTAL,All students,1,All students,36.0500369781706,1,0
1040,2011,R3,2011,1,Grade 4,MN:MN,RED,4,RRPCM,NR,National private,TOTAL,All students,1,All students,234.490393600925,1,0
1041,2011,R3,2011,1,Grade 4,SD:SD,RED,4,RRPCM,NR,National private,TOTAL,All students,1,All students,31.659279055532,1,0
1042,2011,R3,2011,1,Grade 4,MN:MN,RED,4,RRPCM,NT,National,TOTAL,All students,1,All students,221.214563315162,1,0
1043,2011,R3,2011,1,Grade 4,SD:SD,RED,4,RRPCM,NT,National,TOTAL,All students,1,All students,35.9320727278109,1,0
1044,2011,R3,2011,1,Grade 4,MN:MN,RED,4,RRPCM,NV,Nevada,TOTAL,All students,1,All students,212.575191683097,1,0
1045,2011,R3,2011,1,Grade 4,SD:SD,RED,4,RRPCM,NV,Nevada,TOTAL,All students,1,All students,37.2696648872977,1,0
1046,2011,R3,2011,1,Grade 4,MN:MN,RED,4,RRPCM,NY,New York,TOTAL,All students,1,All students,222.493810944088,1,0
1047,2011,R3,2011,1,Grade 4,SD:SD,RED,4,RRPCM,NY,New York,TOTAL,All students,1,All students,35.9777816322866,1,0
1048,2011,R3,2011,1,Grade 4,MN:MN,RED,4,RRPCM,OH,Ohio,TOTAL,All students,1,All students,223.82821391211,1,0
1049,2011,R3,2011,1,Grade 4,SD:SD,RED,4,RRPCM,OH,Ohio,TOTAL,All students,1,All students,31.0556693927626,1,0
1050,2011,R3,2011,1,Grade 4,MN:MN,RED,4,RRPCM,OK,Oklahoma,TOTAL,All students,1,All students,215.477585729834,1,0
1051,2011,R3,2011,1,Grade 4,SD:SD,RED,4,RRPCM,OK,Oklahoma,TOTAL,All students,1,All students,35.5498682784123,1,0
1052,2011,R3,2011,1,Grade 4,MN:MN,RED,4,RRPCM,OR,Oregon,TOTAL,All students,1,All students,216.440154381689,1,0
1053,2011,R3,2011,1,Grade 4,SD:SD,RED,4,RRPCM,OR,Oregon,TOTAL,All students,1,All students,38.5161556669288,1,0
1054,2011,R3,2011,1,Grade 4,MN:MN,RED,4,RRPCM,PA,Pennsylvania,TOTAL,All students,1,All students,227.23646319431,1,0
1055,2011,R3,2011,1,Grade 4,SD:SD,RED,4,RRPCM,PA,Pennsylvania,TOTAL,All students,1,All students,35.7581823107131,1,0
1056,2011,R3,2011,1,Grade 4,MN:MN,RED,4,RRPCM,RI,Rhode Island,TOTAL,All students,1,All students,222.481596913528,1,0
1057,2011,R3,2011,1,Grade 4,SD:SD,RED,4,RRPCM,RI,Rhode Island,TOTAL,All students,1,All students,35.3284863710496,1,0
1058,2011,R3,2011,1,Grade 4,MN:MN,RED,4,RRPCM,SC,South Carolina,TOTAL,All students,1,All students,214.899808914466,1,0
1059,2011,R3,2011,1,Grade 4,SD:SD,RED,4,RRPCM,SC,South Carolina,TOTAL,All students,1,All students,37.8138973745668,1,0
1060,2011,R3,2011,1,Grade 4,MN:MN,RED,4,RRPCM,SD,South Dakota,TOTAL,All students,1,All students,219.814446299081,1,0
1061,2011,R3,2011,1,Grade 4,SD:SD,RED,4,RRPCM,SD,South Dakota,TOTAL,All students,1,All students,34.5899564113986,1,0
1062,2011,R3,2011,1,Grade 4,MN:MN,RED,4,RRPCM,TN,Tennessee,TOTAL,All students,1,All students,214.640214936919,1,0
1063,2011,R3,2011,1,Grade 4,SD:SD,RED,4,RRPCM,TN,Tennessee,TOTAL,All students,1,All students,34.8134016761131,1,0
1064,2011,R3,2011,1,Grade 4,MN:MN,RED,4,RRPCM,TX,Texas,TOTAL,All students,1,All students,218.320844616792,1,0
1065,2011,R3,2011,1,Grade 4,SD:SD,RED,4,RRPCM,TX,Texas,TOTAL,All students,1,All students,32.8600062968884,1,0
1066,2011,R3,2011,1,Grade 4,MN:MN,RED,4,RRPCM,UT,Utah,TOTAL,All students,1,All students,220.416034483137,1,0
1067,2011,R3,2011,1,Grade 4,SD:SD,RED,4,RRPCM,UT,Utah,TOTAL,All students,1,All students,35.5562137980237,1,0
1068,2011,R3,2011,1,Grade 4,MN:MN,RED,4,RRPCM,VA,Virginia,TOTAL,All students,1,All students,226.37843469424,1,0
1069,2011,R3,2011,1,Grade 4,SD:SD,RED,4,RRPCM,VA,Virginia,TOTAL,All students,1,All students,35.2727887631795,1,0
1070,2011,R3,2011,1,Grade 4,MN:MN,RED,4,RRPCM,VT,Vermont,TOTAL,All students,1,All students,226.771642682085,1,0
1071,2011,R3,2011,1,Grade 4,SD:SD,RED,4,RRPCM,VT,Vermont,TOTAL,All students,1,All students,36.5780694018588,1,0
1072,2011,R3,2011,1,Grade 4,MN:MN,RED,4,RRPCM,WA,Washington,TOTAL,All students,1,All students,220.528787972156,1,0
1073,2011,R3,2011,1,Grade 4,SD:SD,RED,4,RRPCM,WA,Washington,TOTAL,All students,1,All students,37.5121841608183,1,0
1074,2011,R3,2011,1,Grade 4,MN:MN,RED,4,RRPCM,WI,Wisconsin,TOTAL,All students,1,All students,221.239906872372,1,0
1075,2011,R3,2011,1,Grade 4,SD:SD,RED,4,RRPCM,WI,Wisconsin,TOTAL,All students,1,All students,35.2802403438626,1,0
1076,2011,R3,2011,1,Grade 4,MN:MN,RED,4,RRPCM,WV,West Virginia,TOTAL,All students,1,All students,214.386024190084,1,0
1077,2011,R3,2011,1,Grade 4,SD:SD,RED,4,RRPCM,WV,West Virginia,TOTAL,All students,1,All students,36.4949372206965,1,0
1078,2011,R3,2011,1,Grade 4,MN:MN,RED,4,RRPCM,WY,Wyoming,TOTAL,All students,1,All students,224.062278090794,1,0
1079,2011,R3,2011,1,Grade 4,SD:SD,RED,4,RRPCM,WY,Wyoming,TOTAL,All students,1,All students,31.6538887009525,1,0
1080,2013,R3,2013,1,Grade 4,MN:MN,RED,4,RRPCM,AK,Alaska,TOTAL,All students,1,All students,209.347288173954,1,0
1081,2013,R3,2013,1,Grade 4,SD:SD,RED,4,RRPCM,AK,Alaska,TOTAL,All students,1,All students,44.2540838007959,1,0
1082,2013,R3,2013,1,Grade 4,MN:MN,RED,4,RRPCM,AL,Alabama,TOTAL,All students,1,All students,218.57595339188,1,0
1083,2013,R3,2013,1,Grade 4,SD:SD,RED,4,RRPCM,AL,Alabama,TOTAL,All students,1,All students,36.1591255750345,1,0
1084,2013,R3,2013,1,Grade 4,MN:MN,RED,4,RRPCM,AR,Arkansas,TOTAL,All students,1,All students,218.523885266815,1,0
1085,2013,R3,2013,1,Grade 4,SD:SD,RED,4,RRPCM,AR,Arkansas,TOTAL,All students,1,All students,37.200475655067,1,0
1086,2013,R3,2013,1,Grade 4,MN:MN,RED,4,RRPCM,AZ,Arizona,TOTAL,All students,1,All students,213.134131480866,1,0
1087,2013,R3,2013,1,Grade 4,SD:SD,RED,4,RRPCM,AZ,Arizona,TOTAL,All students,1,All students,39.1376258312138,1,0
1088,2013,R3,2013,1,Grade 4,MN:MN,RED,4,RRPCM,CA,California,TOTAL,All students,1,All students,212.545967893063,1,0
1089,2013,R3,2013,1,Grade 4,SD:SD,RED,4,RRPCM,CA,California,TOTAL,All students,1,All students,39.1016394989432,1,0
1090,2013,R3,2013,1,Grade 4,MN:MN,RED,4,RRPCM,CO,Colorado,TOTAL,All students,1,All students,226.663219629357,1,0
1091,2013,R3,2013,1,Grade 4,SD:SD,RED,4,RRPCM,CO,Colorado,TOTAL,All students,1,All students,36.2284712985498,1,0
1092,2013,R3,2013,1,Grade 4,MN:MN,RED,4,RRPCM,CT,Connecticut,TOTAL,All students,1,All students,229.58159936534,1,0
1093,2013,R3,2013,1,Grade 4,SD:SD,RED,4,RRPCM,CT,Connecticut,TOTAL,All students,1,All students,34.4387824094999,1,0
1094,2013,R3,2013,1,Grade 4,MN:MN,RED,4,RRPCM,DC,District of Columbia,TOTAL,All students,1,All students,205.613936927868,1,0
1095,2013,R3,2013,1,Grade 4,SD:SD,RED,4,RRPCM,DC,District of Columbia,TOTAL,All students,1,All students,43.826659520022,1,0
1096,2013,R3,2013,1,Grade 4,MN:MN,RED,4,RRPCM,DE,Delaware,TOTAL,All students,1,All students,225.77165116252,1,0
1097,2013,R3,2013,1,Grade 4,SD:SD,RED,4,RRPCM,DE,Delaware,TOTAL,All students,1,All students,33.654968200862,1,0
1098,2013,R3,2013,1,Grade 4,MN:MN,RED,4,RRPCM,FL,Florida,TOTAL,All students,1,All students,227.46317661052,1,0
1099,2013,R3,2013,1,Grade 4,SD:SD,RED,4,RRPCM,FL,Florida,TOTAL,All students,1,All students,31.8722142868427,1,0
1100,2013,R3,2013,1,Grade 4,MN:MN,RED,4,RRPCM,GA,Georgia,TOTAL,All students,1,All students,221.836712514568,1,0
1101,2013,R3,2013,1,Grade 4,SD:SD,RED,4,RRPCM,GA,Georgia,TOTAL,All students,1,All students,35.7405611984691,1,0
1102,2013,R3,2013,1,Grade 4,MN:MN,RED,4,RRPCM,HI,Hawaii,TOTAL,All students,1,All students,214.843879930676,1,0
1103,2013,R3,2013,1,Grade 4,SD:SD,RED,4,RRPCM,HI,Hawaii,TOTAL,All students,1,All students,40.4210696014953,1,0
1104,2013,R3,2013,1,Grade 4,MN:MN,RED,4,RRPCM,IA,Iowa,TOTAL,All students,1,All students,223.815804634611,1,0
1105,2013,R3,2013,1,Grade 4,SD:SD,RED,4,RRPCM,IA,Iowa,TOTAL,All students,1,All students,37.0013942517698,1,0
1106,2013,R3,2013,1,Grade 4,MN:MN,RED,4,RRPCM,ID,Idaho,TOTAL,All students,1,All students,219.302985951792,1,0
1107,2013,R3,2013,1,Grade 4,SD:SD,RED,4,RRPCM,ID,Idaho,TOTAL,All students,1,All students,37.675771546079,1,0
1108,2013,R3,2013,1,Grade 4,MN:MN,RED,4,RRPCM,IL,Illinois,TOTAL,All students,1,All students,218.540183872207,1,0
1109,2013,R3,2013,1,Grade 4,SD:SD,RED,4,RRPCM,IL,Illinois,TOTAL,All students,1,All students,39.2133192390092,1,0
1110,2013,R3,2013,1,Grade 4,MN:MN,RED,4,RRPCM,IN,Indiana,TOTAL,All students,1,All students,225.332340846939,1,0
1111,2013,R3,2013,1,Grade 4,SD:SD,RED,4,RRPCM,IN,Indiana,TOTAL,All students,1,All students,34.1106803027404,1,0
1112,2013,R3,2013,1,Grade 4,MN:MN,RED,4,RRPCM,KS,Kansas,TOTAL,All students,1,All students,223.386368779104,1,0
1113,2013,R3,2013,1,Grade 4,SD:SD,RED,4,RRPCM,KS,Kansas,TOTAL,All students,1,All students,36.2547109471918,1,0
1114,2013,R3,2013,1,Grade 4,MN:MN,RED,4,RRPCM,KY,Kentucky,TOTAL,All students,1,All students,224.427540486587,1,0
1115,2013,R3,2013,1,Grade 4,SD:SD,RED,4,RRPCM,KY,Kentucky,TOTAL,All students,1,All students,34.274670365207,1,0
1116,2013,R3,2013,1,Grade 4,MN:MN,RED,4,RRPCM,LA,Louisiana,TOTAL,All students,1,All students,210.454963224321,1,0
1117,2013,R3,2013,1,Grade 4,SD:SD,RED,4,RRPCM,LA,Louisiana,TOTAL,All students,1,All students,36.4140509723469,1,0
1118,2013,R3,2013,1,Grade 4,MN:MN,RED,4,RRPCM,MA,Massachusetts,TOTAL,All students,1,All students,232.373155972773,1,0
1119,2013,R3,2013,1,Grade 4,SD:SD,RED,4,RRPCM,MA,Massachusetts,TOTAL,All students,1,All students,35.0757937320594,1,0
1120,2013,R3,2013,1,Grade 4,MN:MN,RED,4,RRPCM,MD,Maryland,TOTAL,All students,1,All students,232.055973147422,1,0
1121,2013,R3,2013,1,Grade 4,SD:SD,RED,4,RRPCM,MD,Maryland,TOTAL,All students,1,All students,34.3156574092133,1,0
1122,2013,R3,2013,1,Grade 4,MN:MN,RED,4,RRPCM,ME,Maine,TOTAL,All students,1,All students,224.833289019918,1,0
1123,2013,R3,2013,1,Grade 4,SD:SD,RED,4,RRPCM,ME,Maine,TOTAL,All students,1,All students,33.9191706648837,1,0
1124,2013,R3,2013,1,Grade 4,MN:MN,RED,4,RRPCM,MI,Michigan,TOTAL,All students,1,All students,217.36516772932,1,0
1125,2013,R3,2013,1,Grade 4,SD:SD,RED,4,RRPCM,MI,Michigan,TOTAL,All students,1,All students,36.9549309611892,1,0
1126,2013,R3,2013,1,Grade 4,MN:MN,RED,4,RRPCM,MN,Minnesota,TOTAL,All students,1,All students,227.030741772012,1,0
1127,2013,R3,2013,1,Grade 4,SD:SD,RED,4,RRPCM,MN,Minnesota,TOTAL,All students,1,All students,35.7886870653144,1,0
1128,2013,R3,2013,1,Grade 4,MN:MN,RED,4,RRPCM,MO,Missouri,TOTAL,All students,1,All students,222.334185909416,1,0
1129,2013,R3,2013,1,Grade 4,SD:SD,RED,4,RRPCM,MO,Missouri,TOTAL,All students,1,All students,35.1773811640998,1,0
1130,2013,R3,2013,1,Grade 4,MN:MN,RED,4,RRPCM,MS,Mississippi,TOTAL,All students,1,All students,208.518536453726,1,0
1131,2013,R3,2013,1,Grade 4,SD:SD,RED,4,RRPCM,MS,Mississippi,TOTAL,All students,1,All students,36.1505667332792,1,0
1132,2013,R3,2013,1,Grade 4,MN:MN,RED,4,RRPCM,MT,Montana,TOTAL,All students,1,All students,222.982749322942,1,0
1133,2013,R3,2013,1,Grade 4,SD:SD,RED,4,RRPCM,MT,Montana,TOTAL,All students,1,All students,33.4939159453561,1,0
1134,2013,R3,2013,1,Grade 4,MN:MN,RED,4,RRPCM,NC,North Carolina,TOTAL,All students,1,All students,222.227715159886,1,0
1135,2013,R3,2013,1,Grade 4,SD:SD,RED,4,RRPCM,NC,North Carolina,TOTAL,All students,1,All students,35.6649134757035,1,0
1136,2013,R3,2013,1,Grade 4,MN:MN,RED,4,RRPCM,ND,North Dakota,TOTAL,All students,1,All students,224.083385001522,1,0
1137,2013,R3,2013,1,Grade 4,SD:SD,RED,4,RRPCM,ND,North Dakota,TOTAL,All students,1,All students,30.5804195997255,1,0
1138,2013,R3,2013,1,Grade 4,MN:MN,RED,4,RRPCM,NE,Nebraska,TOTAL,All students,1,All students,223.252785111637,1,0
1139,2013,R3,2013,1,Grade 4,SD:SD,RED,4,RRPCM,NE,Nebraska,TOTAL,All students,1,All students,36.5365978245139,1,0
1140,2013,R3,2013,1,Grade 4,MN:MN,RED,4,RRPCM,NH,New Hampshire,TOTAL,All students,1,All students,231.998366395397,1,0
1141,2013,R3,2013,1,Grade 4,SD:SD,RED,4,RRPCM,NH,New Hampshire,TOTAL,All students,1,All students,30.6941545703571,1,0
1142,2013,R3,2013,1,Grade 4,MN:MN,RED,4,RRPCM,NJ,New Jersey,TOTAL,All students,1,All students,228.719744067642,1,0
1143,2013,R3,2013,1,Grade 4,SD:SD,RED,4,RRPCM,NJ,New Jersey,TOTAL,All students,1,All students,34.6076528697571,1,0
1144,2013,R3,2013,1,Grade 4,MN:MN,RED,4,RRPCM,NM,New Mexico,TOTAL,All students,1,All students,205.756405354204,1,0
1145,2013,R3,2013,1,Grade 4,SD:SD,RED,4,RRPCM,NM,New Mexico,TOTAL,All students,1,All students,40.8995116370719,1,0
1146,2013,R3,2013,1,Grade 4,MN:MN,RED,4,RRPCM,NP,National public,TOTAL,All students,1,All students,220.674711019141,1,0
1147,2013,R3,2013,1,Grade 4,SD:SD,RED,4,RRPCM,NP,National public,TOTAL,All students,1,All students,37.0720355804782,1,0
1148,2013,R3,2013,1,Grade 4,MN:MN,RED,4,RRPCM,NR,National private,TOTAL,All students,1,All students,235.190828103283,1,0
1149,2013,R3,2013,1,Grade 4,SD:SD,RED,4,RRPCM,NR,National private,TOTAL,All students,1,All students,31.6778420540805,1,0
1150,2013,R3,2013,1,Grade 4,MN:MN,RED,4,RRPCM,NT,National,TOTAL,All students,1,All students,221.832168044373,1,0
1151,2013,R3,2013,1,Grade 4,SD:SD,RED,4,RRPCM,NT,National,TOTAL,All students,1,All students,36.883741278838,1,0
1152,2013,R3,2013,1,Grade 4,MN:MN,RED,4,RRPCM,NV,Nevada,TOTAL,All students,1,All students,213.755313618138,1,0
1153,2013,R3,2013,1,Grade 4,SD:SD,RED,4,RRPCM,NV,Nevada,TOTAL,All students,1,All students,38.7182113469234,1,0
1154,2013,R3,2013,1,Grade 4,MN:MN,RED,4,RRPCM,NY,New York,TOTAL,All students,1,All students,223.81336257734,1,0
1155,2013,R3,2013,1,Grade 4,SD:SD,RED,4,RRPCM,NY,New York,TOTAL,All students,1,All students,35.5813360608494,1,0
1156,2013,R3,2013,1,Grade 4,MN:MN,RED,4,RRPCM,OH,Ohio,TOTAL,All students,1,All students,223.887746136742,1,0
1157,2013,R3,2013,1,Grade 4,SD:SD,RED,4,RRPCM,OH,Ohio,TOTAL,All students,1,All students,35.9649203085741,1,0
1158,2013,R3,2013,1,Grade 4,MN:MN,RED,4,RRPCM,OK,Oklahoma,TOTAL,All students,1,All students,216.988876495215,1,0
1159,2013,R3,2013,1,Grade 4,SD:SD,RED,4,RRPCM,OK,Oklahoma,TOTAL,All students,1,All students,36.8481044738291,1,0
1160,2013,R3,2013,1,Grade 4,MN:MN,RED,4,RRPCM,OR,Oregon,TOTAL,All students,1,All students,219.132674237737,1,0
1161,2013,R3,2013,1,Grade 4,SD:SD,RED,4,RRPCM,OR,Oregon,TOTAL,All students,1,All students,39.754393063521,1,0
1162,2013,R3,2013,1,Grade 4,MN:MN,RED,4,RRPCM,PA,Pennsylvania,TOTAL,All students,1,All students,226.402323612221,1,0
1163,2013,R3,2013,1,Grade 4,SD:SD,RED,4,RRPCM,PA,Pennsylvania,TOTAL,All students,1,All students,35.3035632721326,1,0
1164,2013,R3,2013,1,Grade 4,MN:MN,RED,4,RRPCM,RI,Rhode Island,TOTAL,All students,1,All students,222.802239753732,1,0
1165,2013,R3,2013,1,Grade 4,SD:SD,RED,4,RRPCM,RI,Rhode Island,TOTAL,All students,1,All students,37.7265857128121,1,0
1166,2013,R3,2013,1,Grade 4,MN:MN,RED,4,RRPCM,SC,South Carolina,TOTAL,All students,1,All students,213.64654387011,1,0
1167,2013,R3,2013,1,Grade 4,SD:SD,RED,4,RRPCM,SC,South Carolina,TOTAL,All students,1,All students,40.5152555294464,1,0
1168,2013,R3,2013,1,Grade 4,MN:MN,RED,4,RRPCM,SD,South Dakota,TOTAL,All students,1,All students,217.930744868492,1,0
1169,2013,R3,2013,1,Grade 4,SD:SD,RED,4,RRPCM,SD,South Dakota,TOTAL,All students,1,All students,37.7578295107651,1,0
1170,2013,R3,2013,1,Grade 4,MN:MN,RED,4,RRPCM,TN,Tennessee,TOTAL,All students,1,All students,219.735394665222,1,0
1171,2013,R3,2013,1,Grade 4,SD:SD,RED,4,RRPCM,TN,Tennessee,TOTAL,All students,1,All students,37.7022118414241,1,0
1172,2013,R3,2013,1,Grade 4,MN:MN,RED,4,RRPCM,TX,Texas,TOTAL,All students,1,All students,216.909597076471,1,0
1173,2013,R3,2013,1,Grade 4,SD:SD,RED,4,RRPCM,TX,Texas,TOTAL,All students,1,All students,36.1434218570841,1,0
1174,2013,R3,2013,1,Grade 4,MN:MN,RED,4,RRPCM,UT,Utah,TOTAL,All students,1,All students,222.767635531589,1,0
1175,2013,R3,2013,1,Grade 4,SD:SD,RED,4,RRPCM,UT,Utah,TOTAL,All students,1,All students,37.262650821577,1,0
1176,2013,R3,2013,1,Grade 4,MN:MN,RED,4,RRPCM,VA,Virginia,TOTAL,All students,1,All students,228.555737669337,1,0
1177,2013,R3,2013,1,Grade 4,SD:SD,RED,4,RRPCM,VA,Virginia,TOTAL,All students,1,All students,36.5170813785957,1,0
1178,2013,R3,2013,1,Grade 4,MN:MN,RED,4,RRPCM,VT,Vermont,TOTAL,All students,1,All students,227.986519076527,1,0
1179,2013,R3,2013,1,Grade 4,SD:SD,RED,4,RRPCM,VT,Vermont,TOTAL,All students,1,All students,36.7965714650302,1,0
1180,2013,R3,2013,1,Grade 4,MN:MN,RED,4,RRPCM,WA,Washington,TOTAL,All students,1,All students,225.048863335833,1,0
1181,2013,R3,2013,1,Grade 4,SD:SD,RED,4,RRPCM,WA,Washington,TOTAL,All students,1,All students,37.4515165462169,1,0
1182,2013,R3,2013,1,Grade 4,MN:MN,RED,4,RRPCM,WI,Wisconsin,TOTAL,All students,1,All students,220.818103448031,1,0
1183,2013,R3,2013,1,Grade 4,SD:SD,RED,4,RRPCM,WI,Wisconsin,TOTAL,All students,1,All students,37.5010963160166,1,0
1184,2013,R3,2013,1,Grade 4,MN:MN,RED,4,RRPCM,WV,West Virginia,TOTAL,All students,1,All students,214.663401291545,1,0
1185,2013,R3,2013,1,Grade 4,SD:SD,RED,4,RRPCM,WV,West Virginia,TOTAL,All students,1,All students,37.1732744816688,1,0
1186,2013,R3,2013,1,Grade 4,MN:MN,RED,4,RRPCM,WY,Wyoming,TOTAL,All students,1,All students,225.848974956602,1,0
1187,2013,R3,2013,1,Grade 4,SD:SD,RED,4,RRPCM,WY,Wyoming,TOTAL,All students,1,All students,31.6322683732567,1,0
1188,2015,R3,2015,1,Grade 4,MN:MN,RED,4,RRPCM,AK,Alaska,TOTAL,All students,1,All students,212.792600219066,1,0
1189,2015,R3,2015,1,Grade 4,SD:SD,RED,4,RRPCM,AK,Alaska,TOTAL,All students,1,All students,43.3595300733178,1,0
1190,2015,R3,2015,1,Grade 4,MN:MN,RED,4,RRPCM,AL,Alabama,TOTAL,All students,1,All students,217.049089788052,1,0
1191,2015,R3,2015,1,Grade 4,SD:SD,RED,4,RRPCM,AL,Alabama,TOTAL,All students,1,All students,34.9180534295716,1,0
1192,2015,R3,2015,1,Grade 4,MN:MN,RED,4,RRPCM,AR,Arkansas,TOTAL,All students,1,All students,218.077496215637,1,0
1193,2015,R3,2015,1,Grade 4,SD:SD,RED,4,RRPCM,AR,Arkansas,TOTAL,All students,1,All students,36.7039729224657,1,0
1194,2015,R3,2015,1,Grade 4,MN:MN,RED,4,RRPCM,AZ,Arizona,TOTAL,All students,1,All students,215.311336461445,1,0
1195,2015,R3,2015,1,Grade 4,SD:SD,RED,4,RRPCM,AZ,Arizona,TOTAL,All students,1,All students,39.5079336511422,1,0
1196,2015,R3,2015,1,Grade 4,MN:MN,RED,4,RRPCM,CA,California,TOTAL,All students,1,All students,212.677948539849,1,0
1197,2015,R3,2015,1,Grade 4,SD:SD,RED,4,RRPCM,CA,California,TOTAL,All students,1,All students,40.1896035295448,1,0
1198,2015,R3,2015,1,Grade 4,MN:MN,RED,4,RRPCM,CO,Colorado,TOTAL,All students,1,All students,224.023224923274,1,0
1199,2015,R3,2015,1,Grade 4,SD:SD,RED,4,RRPCM,CO,Colorado,TOTAL,All students,1,All students,37.2671999420265,1,0
1200,2015,R3,2015,1,Grade 4,MN:MN,RED,4,RRPCM,CT,Connecticut,TOTAL,All students,1,All students,228.947543364196,1,0
1201,2015,R3,2015,1,Grade 4,SD:SD,RED,4,RRPCM,CT,Connecticut,TOTAL,All students,1,All students,36.2534902133444,1,0
1202,2015,R3,2015,1,Grade 4,MN:MN,RED,4,RRPCM,DC,District of Columbia,TOTAL,All students,1,All students,212.305347670353,1,0
1203,2015,R3,2015,1,Grade 4,SD:SD,RED,4,RRPCM,DC,District of Columbia,TOTAL,All students,1,All students,41.5923030703568,1,0
1204,2015,R3,2015,1,Grade 4,MN:MN,RED,4,RRPCM,DE,Delaware,TOTAL,All students,1,All students,223.698696847081,1,0
1205,2015,R3,2015,1,Grade 4,SD:SD,RED,4,RRPCM,DE,Delaware,TOTAL,All students,1,All students,36.4368626047344,1,0
1206,2015,R3,2015,1,Grade 4,MN:MN,RED,4,RRPCM,FL,Florida,TOTAL,All students,1,All students,227.188968975009,1,0
1207,2015,R3,2015,1,Grade 4,SD:SD,RED,4,RRPCM,FL,Florida,TOTAL,All students,1,All students,30.975060534057,1,0
1208,2015,R3,2015,1,Grade 4,MN:MN,RED,4,RRPCM,GA,Georgia,TOTAL,All students,1,All students,222.013497271819,1,0
1209,2015,R3,2015,1,Grade 4,SD:SD,RED,4,RRPCM,GA,Georgia,TOTAL,All students,1,All students,33.7317900305134,1,0
1210,2015,R3,2015,1,Grade 4,MN:MN,RED,4,RRPCM,HI,Hawaii,TOTAL,All students,1,All students,215.124313046421,1,0
1211,2015,R3,2015,1,Grade 4,SD:SD,RED,4,RRPCM,HI,Hawaii,TOTAL,All students,1,All students,38.6321428991152,1,0
1212,2015,R3,2015,1,Grade 4,MN:MN,RED,4,RRPCM,IA,Iowa,TOTAL,All students,1,All students,223.62939884096,1,0
1213,2015,R3,2015,1,Grade 4,SD:SD,RED,4,RRPCM,IA,Iowa,TOTAL,All students,1,All students,36.9969076871307,1,0
1214,2015,R3,2015,1,Grade 4,MN:MN,RED,4,RRPCM,ID,Idaho,TOTAL,All students,1,All students,221.690066165659,1,0
1215,2015,R3,2015,1,Grade 4,SD:SD,RED,4,RRPCM,ID,Idaho,TOTAL,All students,1,All students,36.8194808899113,1,0
1216,2015,R3,2015,1,Grade 4,MN:MN,RED,4,RRPCM,IL,Illinois,TOTAL,All students,1,All students,222.022267695473,1,0
1217,2015,R3,2015,1,Grade 4,SD:SD,RED,4,RRPCM,IL,Illinois,TOTAL,All students,1,All students,37.1796177066901,1,0
1218,2015,R3,2015,1,Grade 4,MN:MN,RED,4,RRPCM,IN,Indiana,TOTAL,All students,1,All students,227.278891330949,1,0
1219,2015,R3,2015,1,Grade 4,SD:SD,RED,4,RRPCM,IN,Indiana,TOTAL,All students,1,All students,33.0153334305517,1,0
1220,2015,R3,2015,1,Grade 4,MN:MN,RED,4,RRPCM,KS,Kansas,TOTAL,All students,1,All students,221.089880424307,1,0
1221,2015,R3,2015,1,Grade 4,SD:SD,RED,4,RRPCM,KS,Kansas,TOTAL,All students,1,All students,38.3030527975357,1,0
1222,2015,R3,2015,1,Grade 4,MN:MN,RED,4,RRPCM,KY,Kentucky,TOTAL,All students,1,All students,228.055168332762,1,0
1223,2015,R3,2015,1,Grade 4,SD:SD,RED,4,RRPCM,KY,Kentucky,TOTAL,All students,1,All students,33.1697165954769,1,0
1224,2015,R3,2015,1,Grade 4,MN:MN,RED,4,RRPCM,LA,Louisiana,TOTAL,All students,1,All students,216.199337216284,1,0
1225,2015,R3,2015,1,Grade 4,SD:SD,RED,4,RRPCM,LA,Louisiana,TOTAL,All students,1,All students,36.1581404438824,1,0
1226,2015,R3,2015,1,Grade 4,MN:MN,RED,4,RRPCM,MA,Massachusetts,TOTAL,All students,1,All students,235.27542341879,1,0
1227,2015,R3,2015,1,Grade 4,SD:SD,RED,4,RRPCM,MA,Massachusetts,TOTAL,All students,1,All students,31.8784885266352,1,0
1228,2015,R3,2015,1,Grade 4,MN:MN,RED,4,RRPCM,MD,Maryland,TOTAL,All students,1,All students,222.944189619399,1,0
1229,2015,R3,2015,1,Grade 4,SD:SD,RED,4,RRPCM,MD,Maryland,TOTAL,All students,1,All students,36.5108733312321,1,0
1230,2015,R3,2015,1,Grade 4,MN:MN,RED,4,RRPCM,ME,Maine,TOTAL,All students,1,All students,223.728607946102,1,0
1231,2015,R3,2015,1,Grade 4,SD:SD,RED,4,RRPCM,ME,Maine,TOTAL,All students,1,All students,34.0388302013545,1,0
1232,2015,R3,2015,1,Grade 4,MN:MN,RED,4,RRPCM,MI,Michigan,TOTAL,All students,1,All students,216.306630194926,1,0
1233,2015,R3,2015,1,Grade 4,SD:SD,RED,4,RRPCM,MI,Michigan,TOTAL,All students,1,All students,35.5560990002576,1,0
1234,2015,R3,2015,1,Grade 4,MN:MN,RED,4,RRPCM,MN,Minnesota,TOTAL,All students,1,All students,223.352919981062,1,0
1235,2015,R3,2015,1,Grade 4,SD:SD,RED,4,RRPCM,MN,Minnesota,TOTAL,All students,1,All students,38.7738873952674,1,0
1236,2015,R3,2015,1,Grade 4,MN:MN,RED,4,RRPCM,MO,Missouri,TOTAL,All students,1,All students,222.72551679114,1,0
1237,2015,R3,2015,1,Grade 4,SD:SD,RED,4,RRPCM,MO,Missouri,TOTAL,All students,1,All students,36.4656626892513,1,0
1238,2015,R3,2015,1,Grade 4,MN:MN,RED,4,RRPCM,MS,Mississippi,TOTAL,All students,1,All students,214.110686915211,1,0
1239,2015,R3,2015,1,Grade 4,SD:SD,RED,4,RRPCM,MS,Mississippi,TOTAL,All students,1,All students,35.818335075441,1,0
1240,2015,R3,2015,1,Grade 4,MN:MN,RED,4,RRPCM,MT,Montana,TOTAL,All students,1,All students,224.757393529067,1,0
1241,2015,R3,2015,1,Grade 4,SD:SD,RED,4,RRPCM,MT,Montana,TOTAL,All students,1,All students,34.1143051259654,1,0
1242,2015,R3,2015,1,Grade 4,MN:MN,RED,4,RRPCM,NC,North Carolina,TOTAL,All students,1,All students,225.810590900179,1,0
1243,2015,R3,2015,1,Grade 4,SD:SD,RED,4,RRPCM,NC,North Carolina,TOTAL,All students,1,All students,34.16482472319,1,0
1244,2015,R3,2015,1,Grade 4,MN:MN,RED,4,RRPCM,ND,North Dakota,TOTAL,All students,1,All students,224.69198435116,1,0
1245,2015,R3,2015,1,Grade 4,SD:SD,RED,4,RRPCM,ND,North Dakota,TOTAL,All students,1,All students,32.8549080969272,1,0
1246,2015,R3,2015,1,Grade 4,MN:MN,RED,4,RRPCM,NE,Nebraska,TOTAL,All students,1,All students,226.634610885937,1,0
1247,2015,R3,2015,1,Grade 4,SD:SD,RED,4,RRPCM,NE,Nebraska,TOTAL,All students,1,All students,34.5135597944205,1,0
1248,2015,R3,2015,1,Grade 4,MN:MN,RED,4,RRPCM,NH,New Hampshire,TOTAL,All students,1,All students,231.949847648112,1,0
1249,2015,R3,2015,1,Grade 4,SD:SD,RED,4,RRPCM,NH,New Hampshire,TOTAL,All students,1,All students,32.2528001028193,1,0
1250,2015,R3,2015,1,Grade 4,MN:MN,RED,4,RRPCM,NJ,New Jersey,TOTAL,All students,1,All students,229.487674441138,1,0
1251,2015,R3,2015,1,Grade 4,SD:SD,RED,4,RRPCM,NJ,New Jersey,TOTAL,All students,1,All students,34.5095499577141,1,0
1252,2015,R3,2015,1,Grade 4,MN:MN,RED,4,RRPCM,NM,New Mexico,TOTAL,All students,1,All students,207.240446376377,1,0
1253,2015,R3,2015,1,Grade 4,SD:SD,RED,4,RRPCM,NM,New Mexico,TOTAL,All students,1,All students,40.3069960216052,1,0
1254,2015,R3,2015,1,Grade 4,MN:MN,RED,4,RRPCM,NP,National public,TOTAL,All students,1,All students,221.356119236354,1,0
1255,2015,R3,2015,1,Grade 4,SD:SD,RED,4,RRPCM,NP,National public,TOTAL,All students,1,All students,36.9447459734379,1,0
1256,2015,R3,2015,1,Grade 4,MN:MN,RED,4,RRPCM,NR,National private,TOTAL,All students,1,All students,999.0,0,288
1257,2015,R3,2015,1,Grade 4,SD:SD,RED,4,RRPCM,NR,National private,TOTAL,All students,1,All students,999.0,0,288
1258,2015,R3,2015,1,Grade 4,MN:MN,RED,4,RRPCM,NT,National,TOTAL,All students,1,All students,222.51778238114,1,0
1259,2015,R3,2015,1,Grade 4,SD:SD,RED,4,RRPCM,NT,National,TOTAL,All students,1,All students,36.8764822161171,1,0
1260,2015,R3,2015,1,Grade 4,MN:MN,RED,4,RRPCM,NV,Nevada,TOTAL,All students,1,All students,214.425584466776,1,0
1261,2015,R3,2015,1,Grade 4,SD:SD,RED,4,RRPCM,NV,Nevada,TOTAL,All students,1,All students,39.0868761462827,1,0
1262,2015,R3,2015,1,Grade 4,MN:MN,RED,4,RRPCM,NY,New York,TOTAL,All students,1,All students,222.646303197703,1,0
1263,2015,R3,2015,1,Grade 4,SD:SD,RED,4,RRPCM,NY,New York,TOTAL,All students,1,All students,36.189049295709,1,0
1264,2015,R3,2015,1,Grade 4,MN:MN,RED,4,RRPCM,OH,Ohio,TOTAL,All students,1,All students,224.930419714072,1,0
1265,2015,R3,2015,1,Grade 4,SD:SD,RED,4,RRPCM,OH,Ohio,TOTAL,All students,1,All students,34.5713864168498,1,0
1266,2015,R3,2015,1,Grade 4,MN:MN,RED,4,RRPCM,OK,Oklahoma,TOTAL,All students,1,All students,221.830510126344,1,0
1267,2015,R3,2015,1,Grade 4,SD:SD,RED,4,RRPCM,OK,Oklahoma,TOTAL,All students,1,All students,32.5733773165452,1,0
1268,2015,R3,2015,1,Grade 4,MN:MN,RED,4,RRPCM,OR,Oregon,TOTAL,All students,1,All students,220.222719958397,1,0
1269,2015,R3,2015,1,Grade 4,SD:SD,RED,4,RRPCM,OR,Oregon,TOTAL,All students,1,All students,38.1293162977759,1,0
1270,2015,R3,2015,1,Grade 4,MN:MN,RED,4,RRPCM,PA,Pennsylvania,TOTAL,All students,1,All students,226.670774068,1,0
1271,2015,R3,2015,1,Grade 4,SD:SD,RED,4,RRPCM,PA,Pennsylvania,TOTAL,All students,1,All students,36.6334269870181,1,0
1272,2015,R3,2015,1,Grade 4,MN:MN,RED,4,RRPCM,RI,Rhode Island,TOTAL,All students,1,All students,225.485536668854,1,0
1273,2015,R3,2015,1,Grade 4,SD:SD,RED,4,RRPCM,RI,Rhode Island,TOTAL,All students,1,All students,36.1935223634177,1,0
1274,2015,R3,2015,1,Grade 4,MN:MN,RED,4,RRPCM,SC,South Carolina,TOTAL,All students,1,All students,217.969676534277,1,0
1275,2015,R3,2015,1,Grade 4,SD:SD,RED,4,RRPCM,SC,South Carolina,TOTAL,All students,1,All students,40.7235971152425,1,0
1276,2015,R3,2015,1,Grade 4,MN:MN,RED,4,RRPCM,SD,South Dakota,TOTAL,All students,1,All students,220.469524583778,1,0
1277,2015,R3,2015,1,Grade 4,SD:SD,RED,4,RRPCM,SD,South Dakota,TOTAL,All students,1,All students,38.0741907797646,1,0
1278,2015,R3,2015,1,Grade 4,MN:MN,RED,4,RRPCM,TN,Tennessee,TOTAL,All students,1,All students,218.613264393701,1,0
1279,2015,R3,2015,1,Grade 4,SD:SD,RED,4,RRPCM,TN,Tennessee,TOTAL,All students,1,All students,39.1967864177665,1,0
1280,2015,R3,2015,1,Grade 4,MN:MN,RED,4,RRPCM,TX,Texas,TOTAL,All students,1,All students,217.942913018264,1,0
1281,2015,R3,2015,1,Grade 4,SD:SD,RED,4,RRPCM,TX,Texas,TOTAL,All students,1,All students,36.6366205549006,1,0
1282,2015,R3,2015,1,Grade 4,MN:MN,RED,4,RRPCM,UT,Utah,TOTAL,All students,1,All students,226.143074882684,1,0
1283,2015,R3,2015,1,Grade 4,SD:SD,RED,4,RRPCM,UT,Utah,TOTAL,All students,1,All students,36.2113372987288,1,0
1284,2015,R3,2015,1,Grade 4,MN:MN,RED,4,RRPCM,VA,Virginia,TOTAL,All students,1,All students,228.971255010227,1,0
1285,2015,R3,2015,1,Grade 4,SD:SD,RED,4,RRPCM,VA,Virginia,TOTAL,All students,1,All students,36.666535669672,1,0
1286,2015,R3,2015,1,Grade 4,MN:MN,RED,4,RRPCM,VT,Vermont,TOTAL,All students,1,All students,230.098616569303,1,0
1287,2015,R3,2015,1,Grade 4,SD:SD,RED,4,RRPCM,VT,Vermont,TOTAL,All students,1,All students,35.1569676183606,1,0
1288,2015,R3,2015,1,Grade 4,MN:MN,RED,4,RRPCM,WA,Washington,TOTAL,All students,1,All students,225.892889059031,1,0
1289,2015,R3,2015,1,Grade 4,SD:SD,RED,4,RRPCM,WA,Washington,TOTAL,All students,1,All students,37.9120800071627,1,0
1290,2015,R3,2015,1,Grade 4,MN:MN,RED,4,RRPCM,WI,Wisconsin,TOTAL,All students,1,All students,223.356355512935,1,0
1291,2015,R3,2015,1,Grade 4,SD:SD,RED,4,RRPCM,WI,Wisconsin,TOTAL,All students,1,All students,35.1654041184291,1,0
1292,2015,R3,2015,1,Grade 4,MN:MN,RED,4,RRPCM,WV,West Virginia,TOTAL,All students,1,All students,216.253287883864,1,0
1293,2015,R3,2015,1,Grade 4,SD:SD,RED,4,RRPCM,WV,West Virginia,TOTAL,All students,1,All students,37.4366719276894,1,0
1294,2015,R3,2015,1,Grade 4,MN:MN,RED,4,RRPCM,WY,Wyoming,TOTAL,All students,1,All students,228.160802772906,1,0
1295,2015,R3,2015,1,Grade 4,SD:SD,RED,4,RRPCM,WY,Wyoming,TOTAL,All students,1,All students,32.8958518181789,1,0
1296,2017,R3,2017,1,Grade 4,MN:MN,RED,4,RRPCM,AK,Alaska,TOTAL,All students,1,All students,207.037630115797,1,0
1297,2017,R3,2017,1,Grade 4,SD:SD,RED,4,RRPCM,AK,Alaska,TOTAL,All students,1,All students,48.0695098413955,1,0
1298,2017,R3,2017,1,Grade 4,MN:MN,RED,4,RRPCM,AL,Alabama,TOTAL,All students,1,All students,216.419813531011,1,0
1299,2017,R3,2017,1,Grade 4,SD:SD,RED,4,RRPCM,AL,Alabama,TOTAL,All students,1,All students,38.8567431912343,1,0
1300,2017,R3,2017,1,Grade 4,MN:MN,RED,4,RRPCM,AR,Arkansas,TOTAL,All students,1,All students,216.108025728181,1,0
1301,2017,R3,2017,1,Grade 4,SD:SD,RED,4,RRPCM,AR,Arkansas,TOTAL,All students,1,All students,38.9682433469394,1,0
1302,2017,R3,2017,1,Grade 4,MN:MN,RED,4,RRPCM,AZ,Arizona,TOTAL,All students,1,All students,215.465951944676,1,0
1303,2017,R3,2017,1,Grade 4,SD:SD,RED,4,RRPCM,AZ,Arizona,TOTAL,All students,1,All students,39.4269134877773,1,0
1304,2017,R3,2017,1,Grade 4,MN:MN,RED,4,RRPCM,CA,California,TOTAL,All students,1,All students,215.421814242133,1,0
1305,2017,R3,2017,1,Grade 4,SD:SD,RED,4,RRPCM,CA,California,TOTAL,All students,1,All students,40.6136202652925,1,0
1306,2017,R3,2017,1,Grade 4,MN:MN,RED,4,RRPCM,CO,Colorado,TOTAL,All students,1,All students,224.691618694193,1,0
1307,2017,R3,2017,1,Grade 4,SD:SD,RED,4,RRPCM,CO,Colorado,TOTAL,All students,1,All students,37.8291100209691,1,0
1308,2017,R3,2017,1,Grade 4,MN:MN,RED,4,RRPCM,CT,Connecticut,TOTAL,All students,1,All students,228.35531240737,1,0
1309,2017,R3,2017,1,Grade 4,SD:SD,RED,4,RRPCM,CT,Connecticut,TOTAL,All students,1,All students,36.0875917750864,1,0
1310,2017,R3,2017,1,Grade 4,MN:MN,RED,4,RRPCM,DC,District of Columbia,TOTAL,All students,1,All students,213.382008766233,1,0
1311,2017,R3,2017,1,Grade 4,SD:SD,RED,4,RRPCM,DC,District of Columbia,TOTAL,All students,1,All students,41.2591622828616,1,0
1312,2017,R3,2017,1,Grade 4,MN:MN,RED,4,RRPCM,DE,Delaware,TOTAL,All students,1,All students,221.482217417377,1,0
1313,2017,R3,2017,1,Grade 4,SD:SD,RED,4,RRPCM,DE,Delaware,TOTAL,All students,1,All students,37.8236274616748,1,0
1314,2017,R3,2017,1,Grade 4,MN:MN,RED,4,RRPCM,FL,Florida,TOTAL,All students,1,All students,228.272622052382,1,0
1315,2017,R3,2017,1,Grade 4,SD:SD,RED,4,RRPCM,FL,Florida,TOTAL,All students,1,All students,33.2948773707268,1,0
1316,2017,R3,2017,1,Grade 4,MN:MN,RED,4,RRPCM,GA,Georgia,TOTAL,All students,1,All students,219.682925180546,1,0
1317,2017,R3,2017,1,Grade 4,SD:SD,RED,4,RRPCM,GA,Georgia,TOTAL,All students,1,All students,38.9321595618895,1,0
1318,2017,R3,2017,1,Grade 4,MN:MN,RED,4,RRPCM,HI,Hawaii,TOTAL,All students,1,All students,216.364536553619,1,0
1319,2017,R3,2017,1,Grade 4,SD:SD,RED,4,RRPCM,HI,Hawaii,TOTAL,All students,1,All students,38.824093112595,1,0
1320,2017,R3,2017,1,Grade 4,MN:MN,RED,4,RRPCM,IA,Iowa,TOTAL,All students,1,All students,221.74726754679,1,0
1321,2017,R3,2017,1,Grade 4,SD:SD,RED,4,RRPCM,IA,Iowa,TOTAL,All students,1,All students,36.6478141884362,1,0
1322,2017,R3,2017,1,Grade 4,MN:MN,RED,4,RRPCM,ID,Idaho,TOTAL,All students,1,All students,222.791065689088,1,0
1323,2017,R3,2017,1,Grade 4,SD:SD,RED,4,RRPCM,ID,Idaho,TOTAL,All students,1,All students,37.3837624102034,1,0
1324,2017,R3,2017,1,Grade 4,MN:MN,RED,4,RRPCM,IL,Illinois,TOTAL,All students,1,All students,220.365898453327,1,0
1325,2017,R3,2017,1,Grade 4,SD:SD,RED,4,RRPCM,IL,Illinois,TOTAL,All students,1,All students,38.9160986065876,1,0
1326,2017,R3,2017,1,Grade 4,MN:MN,RED,4,RRPCM,IN,Indiana,TOTAL,All students,1,All students,226.417994745998,1,0
1327,2017,R3,2017,1,Grade 4,SD:SD,RED,4,RRPCM,IN,Indiana,TOTAL,All students,1,All students,36.0670383410382,1,0
1328,2017,R3,2017,1,Grade 4,MN:MN,RED,4,RRPCM,KS,Kansas,TOTAL,All students,1,All students,223.268429173451,1,0
1329,2017,R3,2017,1,Grade 4,SD:SD,RED,4,RRPCM,KS,Kansas,TOTAL,All students,1,All students,35.9626015002627,1,0
1330,2017,R3,2017,1,Grade 4,MN:MN,RED,4,RRPCM,KY,Kentucky,TOTAL,All students,1,All students,224.080585290071,1,0
1331,2017,R3,2017,1,Grade 4,SD:SD,RED,4,RRPCM,KY,Kentucky,TOTAL,All students,1,All students,36.0498137457026,1,0
1332,2017,R3,2017,1,Grade 4,MN:MN,RED,4,RRPCM,LA,Louisiana,TOTAL,All students,1,All students,211.600527874868,1,0
1333,2017,R3,2017,1,Grade 4,SD:SD,RED,4,RRPCM,LA,Louisiana,TOTAL,All students,1,All students,38.636891808946,1,0
1334,2017,R3,2017,1,Grade 4,MN:MN,RED,4,RRPCM,MA,Massachusetts,TOTAL,All students,1,All students,235.699696767687,1,0
1335,2017,R3,2017,1,Grade 4,SD:SD,RED,4,RRPCM,MA,Massachusetts,TOTAL,All students,1,All students,34.5139279878971,1,0
1336,2017,R3,2017,1,Grade 4,MN:MN,RED,4,RRPCM,MD,Maryland,TOTAL,All students,1,All students,225.04933454894,1,0
1337,2017,R3,2017,1,Grade 4,SD:SD,RED,4,RRPCM,MD,Maryland,TOTAL,All students,1,All students,38.5366918096916,1,0
1338,2017,R3,2017,1,Grade 4,MN:MN,RED,4,RRPCM,ME,Maine,TOTAL,All students,1,All students,221.388602644001,1,0
1339,2017,R3,2017,1,Grade 4,SD:SD,RED,4,RRPCM,ME,Maine,TOTAL,All students,1,All students,38.103802471503,1,0
1340,2017,R3,2017,1,Grade 4,MN:MN,RED,4,RRPCM,MI,Michigan,TOTAL,All students,1,All students,217.753242013193,1,0
1341,2017,R3,2017,1,Grade 4,SD:SD,RED,4,RRPCM,MI,Michigan,TOTAL,All students,1,All students,37.2121637454269,1,0
1342,2017,R3,2017,1,Grade 4,MN:MN,RED,4,RRPCM,MN,Minnesota,TOTAL,All students,1,All students,224.538513441395,1,0
1343,2017,R3,2017,1,Grade 4,SD:SD,RED,4,RRPCM,MN,Minnesota,TOTAL,All students,1,All students,37.2446611701798,1,0
1344,2017,R3,2017,1,Grade 4,MN:MN,RED,4,RRPCM,MO,Missouri,TOTAL,All students,1,All students,222.681081128122,1,0
1345,2017,R3,2017,1,Grade 4,SD:SD,RED,4,RRPCM,MO,Missouri,TOTAL,All students,1,All students,36.0150871377348,1,0
1346,2017,R3,2017,1,Grade 4,MN:MN,RED,4,RRPCM,MS,Mississippi,TOTAL,All students,1,All students,215.203305690064,1,0
1347,2017,R3,2017,1,Grade 4,SD:SD,RED,4,RRPCM,MS,Mississippi,TOTAL,All students,1,All students,35.6266060781763,1,0
1348,2017,R3,2017,1,Grade 4,MN:MN,RED,4,RRPCM,MT,Montana,TOTAL,All students,1,All students,222.326721838733,1,0
1349,2017,R3,2017,1,Grade 4,SD:SD,RED,4,RRPCM,MT,Montana,TOTAL,All students,1,All students,37.5626277888879,1,0
1350,2017,R3,2017,1,Grade 4,MN:MN,RED,4,RRPCM,NC,North Carolina,TOTAL,All students,1,All students,223.930906236334,1,0
1351,2017,R3,2017,1,Grade 4,SD:SD,RED,4,RRPCM,NC,North Carolina,TOTAL,All students,1,All students,36.8486081736778,1,0
1352,2017,R3,2017,1,Grade 4,MN:MN,RED,4,RRPCM,ND,North Dakota,TOTAL,All students,1,All students,221.519265852407,1,0
1353,2017,R3,2017,1,Grade 4,SD:SD,RED,4,RRPCM,ND,North Dakota,TOTAL,All students,1,All students,33.8097272722728,1,0
1354,2017,R3,2017,1,Grade 4,MN:MN,RED,4,RRPCM,NE,Nebraska,TOTAL,All students,1,All students,224.096224936306,1,0
1355,2017,R3,2017,1,Grade 4,SD:SD,RED,4,RRPCM,NE,Nebraska,TOTAL,All students,1,All students,36.0777874441755,1,0
1356,2017,R3,2017,1,Grade 4,MN:MN,RED,4,RRPCM,NH,New Hampshire,TOTAL,All students,1,All students,228.900649270634,1,0
1357,2017,R3,2017,1,Grade 4,SD:SD,RED,4,RRPCM,NH,New Hampshire,TOTAL,All students,1,All students,33.5570840983206,1,0
1358,2017,R3,2017,1,Grade 4,MN:MN,RED,4,RRPCM,NJ,New Jersey,TOTAL,All students,1,All students,232.943318467524,1,0
1359,2017,R3,2017,1,Grade 4,SD:SD,RED,4,RRPCM,NJ,New Jersey,TOTAL,All students,1,All students,35.8436735081585,1,0
1360,2017,R3,2017,1,Grade 4,MN:MN,RED,4,RRPCM,NM,New Mexico,TOTAL,All students,1,All students,207.704353543603,1,0
1361,2017,R3,2017,1,Grade 4,SD:SD,RED,4,RRPCM,NM,New Mexico,TOTAL,All students,1,All students,41.9143213490446,1,0
1362,2017,R3,2017,1,Grade 4,MN:MN,RED,4,RRPCM,NP,National public,TOTAL,All students,1,All students,220.812272480255,1,0
1363,2017,R3,2017,1,Grade 4,SD:SD,RED,4,RRPCM,NP,National public,TOTAL,All students,1,All students,38.0798837264967,1,0
1364,2017,R3,2017,1,Grade 4,MN:MN,RED,4,RRPCM,NR,National private,TOTAL,All students,1,All students,999.0,0,288
1365,2017,R3,2017,1,Grade 4,SD:SD,RED,4,RRPCM,NR,National private,TOTAL,All students,1,All students,999.0,0,288
1366,2017,R3,2017,1,Grade 4,MN:MN,RED,4,RRPCM,NT,National,TOTAL,All students,1,All students,221.892902768779,1,0
1367,2017,R3,2017,1,Grade 4,SD:SD,RED,4,RRPCM,NT,National,TOTAL,All students,1,All students,37.8640926707837,1,0
1368,2017,R3,2017,1,Grade 4,MN:MN,RED,4,RRPCM,NV,Nevada,TOTAL,All students,1,All students,214.841696166346,1,0
1369,2017,R3,2017,1,Grade 4,SD:SD,RED,4,RRPCM,NV,Nevada,TOTAL,All students,1,All students,39.9710233085402,1,0
1370,2017,R3,2017,1,Grade 4,MN:MN,RED,4,RRPCM,NY,New York,TOTAL,All students,1,All students,221.884015359739,1,0
1371,2017,R3,2017,1,Grade 4,SD:SD,RED,4,RRPCM,NY,New York,TOTAL,All students,1,All students,37.5001738915927,1,0
1372,2017,R3,2017,1,Grade 4,MN:MN,RED,4,RRPCM,OH,Ohio,TOTAL,All students,1,All students,225.261138107432,1,0
1373,2017,R3,2017,1,Grade 4,SD:SD,RED,4,RRPCM,OH,Ohio,TOTAL,All students,1,All students,35.4372444144532,1,0
1374,2017,R3,2017,1,Grade 4,MN:MN,RED,4,RRPCM,OK,Oklahoma,TOTAL,All students,1,All students,216.587775171729,1,0
1375,2017,R3,2017,1,Grade 4,SD:SD,RED,4,RRPCM,OK,Oklahoma,TOTAL,All students,1,All students,34.9595012593621,1,0
1376,2017,R3,2017,1,Grade 4,MN:MN,RED,4,RRPCM,OR,Oregon,TOTAL,All students,1,All students,217.531072963868,1,0
1377,2017,R3,2017,1,Grade 4,SD:SD,RED,4,RRPCM,OR,Oregon,TOTAL,All students,1,All students,39.3974043930891,1,0
1378,2017,R3,2017,1,Grade 4,MN:MN,RED,4,RRPCM,PA,Pennsylvania,TOTAL,All students,1,All students,224.924702323396,1,0
1379,2017,R3,2017,1,Grade 4,SD:SD,RED,4,RRPCM,PA,Pennsylvania,TOTAL,All students,1,All students,37.7355442126948,1,0
1380,2017,R3,2017,1,Grade 4,MN:MN,RED,4,RRPCM,RI,Rhode Island,TOTAL,All students,1,All students,223.353442679692,1,0
1381,2017,R3,2017,1,Grade 4,SD:SD,RED,4,RRPCM,RI,Rhode Island,TOTAL,All students,1,All students,39.3520477742501,1,0
1382,2017,R3,2017,1,Grade 4,MN:MN,RED,4,RRPCM,SC,South Carolina,TOTAL,All students,1,All students,213.127835391026,1,0
1383,2017,R3,2017,1,Grade 4,SD:SD,RED,4,RRPCM,SC,South Carolina,TOTAL,All students,1,All students,40.7365100307229,1,0
1384,2017,R3,2017,1,Grade 4,MN:MN,RED,4,RRPCM,SD,South Dakota,TOTAL,All students,1,All students,221.750122908674,1,0
1385,2017,R3,2017,1,Grade 4,SD:SD,RED,4,RRPCM,SD,South Dakota,TOTAL,All students,1,All students,36.0479806338037,1,0
1386,2017,R3,2017,1,Grade 4,MN:MN,RED,4,RRPCM,TN,Tennessee,TOTAL,All students,1,All students,218.952797117684,1,0
1387,2017,R3,2017,1,Grade 4,SD:SD,RED,4,RRPCM,TN,Tennessee,TOTAL,All students,1,All students,37.3417937189599,1,0
1388,2017,R3,2017,1,Grade 4,MN:MN,RED,4,RRPCM,TX,Texas,TOTAL,All students,1,All students,214.87849345961,1,0
1389,2017,R3,2017,1,Grade 4,SD:SD,RED,4,RRPCM,TX,Texas,TOTAL,All students,1,All students,36.880475142284,1,0
1390,2017,R3,2017,1,Grade 4,MN:MN,RED,4,RRPCM,UT,Utah,TOTAL,All students,1,All students,225.159172916822,1,0
1391,2017,R3,2017,1,Grade 4,SD:SD,RED,4,RRPCM,UT,Utah,TOTAL,All students,1,All students,37.6426559285971,1,0
1392,2017,R3,2017,1,Grade 4,MN:MN,RED,4,RRPCM,VA,Virginia,TOTAL,All students,1,All students,227.598382221255,1,0
1393,2017,R3,2017,1,Grade 4,SD:SD,RED,4,RRPCM,VA,Virginia,TOTAL,All students,1,All students,36.6996104048456,1,0
1394,2017,R3,2017,1,Grade 4,MN:MN,RED,4,RRPCM,VT,Vermont,TOTAL,All students,1,All students,226.445343411035,1,0
1395,2017,R3,2017,1,Grade 4,SD:SD,RED,4,RRPCM,VT,Vermont,TOTAL,All students,1,All students,38.0962916614089,1,0
1396,2017,R3,2017,1,Grade 4,MN:MN,RED,4,RRPCM,WA,Washington,TOTAL,All students,1,All students,223.123408781764,1,0
1397,2017,R3,2017,1,Grade 4,SD:SD,RED,4,RRPCM,WA,Washington,TOTAL,All students,1,All students,39.9857707875087,1,0
1398,2017,R3,2017,1,Grade 4,MN:MN,RED,4,RRPCM,WI,Wisconsin,TOTAL,All students,1,All students,219.612694271246,1,0
1399,2017,R3,2017,1,Grade 4,SD:SD,RED,4,RRPCM,WI,Wisconsin,TOTAL,All students,1,All students,37.8964845371477,1,0
1400,2017,R3,2017,1,Grade 4,MN:MN,RED,4,RRPCM,WV,West Virginia,TOTAL,All students,1,All students,217.316396173819,1,0
1401,2017,R3,2017,1,Grade 4,SD:SD,RED,4,RRPCM,WV,West Virginia,TOTAL,All students,1,All students,39.4429967666138,1,0
1402,2017,R3,2017,1,Grade 4,MN:MN,RED,4,RRPCM,WY,Wyoming,TOTAL,All students,1,All students,226.83121099577,1,0
1403,2017,R3,2017,1,Grade 4,SD:SD,RED,4,RRPCM,WY,Wyoming,TOTAL,All students,1,All students,34.3690025147041,1,0
1404,2019,R3,2019,1,Grade 4,MN:MN,RED,4,RRPCM,AK,Alaska,TOTAL,All students,1,All students,204.373572021553,1,0
1405,2019,R3,2019,1,Grade 4,SD:SD,RED,4,RRPCM,AK,Alaska,TOTAL,All students,1,All students,46.7513843997176,1,0
1406,2019,R3,2019,1,Grade 4,MN:MN,RED,4,RRPCM,AL,Alabama,TOTAL,All students,1,All students,211.728520409549,1,0
1407,2019,R3,2019,1,Grade 4,SD:SD,RED,4,RRPCM,AL,Alabama,TOTAL,All students,1,All students,40.4684822340491,1,0
1408,2019,R3,2019,1,Grade 4,MN:MN,RED,4,RRPCM,AR,Arkansas,TOTAL,All students,1,All students,215.054222154958,1,0
1409,2019,R3,2019,1,Grade 4,SD:SD,RED,4,RRPCM,AR,Arkansas,TOTAL,All students,1,All students,40.9785781595197,1,0
1410,2019,R3,2019,1,Grade 4,MN:MN,RED,4,RRPCM,AZ,Arizona,TOTAL,All students,1,All students,215.841230797164,1,0
1411,2019,R3,2019,1,Grade 4,SD:SD,RED,4,RRPCM,AZ,Arizona,TOTAL,All students,1,All students,39.355674662046,1,0
1412,2019,R3,2019,1,Grade 4,MN:MN,RED,4,RRPCM,CA,California,TOTAL,All students,1,All students,216.48126594299,1,0
1413,2019,R3,2019,1,Grade 4,SD:SD,RED,4,RRPCM,CA,California,TOTAL,All students,1,All students,40.690219025057,1,0
1414,2019,R3,2019,1,Grade 4,MN:MN,RED,4,RRPCM,CO,Colorado,TOTAL,All students,1,All students,224.862437298555,1,0
1415,2019,R3,2019,1,Grade 4,SD:SD,RED,4,RRPCM,CO,Colorado,TOTAL,All students,1,All students,37.7738258118975,1,0
1416,2019,R3,2019,1,Grade 4,MN:MN,RED,4,RRPCM,CT,Connecticut,TOTAL,All students,1,All students,224.34981661865,1,0
1417,2019,R3,2019,1,Grade 4,SD:SD,RED,4,RRPCM,CT,Connecticut,TOTAL,All students,1,All students,39.0926091181635,1,0
1418,2019,R3,2019,1,Grade 4,MN:MN,RED,4,RRPCM,DC,District of Columbia,TOTAL,All students,1,All students,214.278715504121,1,0
1419,2019,R3,2019,1,Grade 4,SD:SD,RED,4,RRPCM,DC,District of Columbia,TOTAL,All students,1,All students,41.765851765899,1,0
1420,2019,R3,2019,1,Grade 4,MN:MN,RED,4,RRPCM,DE,Delaware,TOTAL,All students,1,All students,217.686784683225,1,0
1421,2019,R3,2019,1,Grade 4,SD:SD,RED,4,RRPCM,DE,Delaware,TOTAL,All students,1,All students,39.5165302544024,1,0
1422,2019,R3,2019,1,Grade 4,MN:MN,RED,4,RRPCM,FL,Florida,TOTAL,All students,1,All students,224.71226131,1,0
1423,2019,R3,2019,1,Grade 4,SD:SD,RED,4,RRPCM,FL,Florida,TOTAL,All students,1,All students,35.2208445960622,1,0
1424,2019,R3,2019,1,Grade 4,MN:MN,RED,4,RRPCM,GA,Georgia,TOTAL,All students,1,All students,217.982568037342,1,0
1425,2019,R3,2019,1,Grade 4,SD:SD,RED,4,RRPCM,GA,Georgia,TOTAL,All students,1,All students,39.6784846085009,1,0
1426,2019,R3,2019,1,Grade 4,MN:MN,RED,4,RRPCM,HI,Hawaii,TOTAL,All students,1,All students,217.532057714727,1,0
1427,2019,R3,2019,1,Grade 4,SD:SD,RED,4,RRPCM,HI,Hawaii,TOTAL,All students,1,All students,39.9238825830188,1,0
1428,2019,R3,2019,1,Grade 4,MN:MN,RED,4,RRPCM,IA,Iowa,TOTAL,All students,1,All students,220.502917093727,1,0
1429,2019,R3,2019,1,Grade 4,SD:SD,RED,4,RRPCM,IA,Iowa,TOTAL,All students,1,All students,38.2044084904338,1,0
1430,2019,R3,2019,1,Grade 4,MN:MN,RED,4,RRPCM,ID,Idaho,TOTAL,All students,1,All students,222.505864271442,1,0
1431,2019,R3,2019,1,Grade 4,SD:SD,RED,4,RRPCM,ID,Idaho,TOTAL,All students,1,All students,38.0490478584409,1,0
1432,2019,R3,2019,1,Grade 4,MN:MN,RED,4,RRPCM,IL,Illinois,TOTAL,All students,1,All students,218.172226008408,1,0
1433,2019,R3,2019,1,Grade 4,SD:SD,RED,4,RRPCM,IL,Illinois,TOTAL,All students,1,All students,40.4228104213158,1,0
1434,2019,R3,2019,1,Grade 4,MN:MN,RED,4,RRPCM,IN,Indiana,TOTAL,All students,1,All students,221.812962059612,1,0
1435,2019,R3,2019,1,Grade 4,SD:SD,RED,4,RRPCM,IN,Indiana,TOTAL,All students,1,All students,38.5734728140443,1,0
1436,2019,R3,2019,1,Grade 4,MN:MN,RED,4,RRPCM,KS,Kansas,TOTAL,All students,1,All students,219.133566574447,1,0
1437,2019,R3,2019,1,Grade 4,SD:SD,RED,4,RRPCM,KS,Kansas,TOTAL,All students,1,All students,37.9911717743562,1,0
1438,2019,R3,2019,1,Grade 4,MN:MN,RED,4,RRPCM,KY,Kentucky,TOTAL,All students,1,All students,220.929888641558,1,0
1439,2019,R3,2019,1,Grade 4,SD:SD,RED,4,RRPCM,KY,Kentucky,TOTAL,All students,1,All students,37.8129563357999,1,0
1440,2019,R3,2019,1,Grade 4,MN:MN,RED,4,RRPCM,LA,Louisiana,TOTAL,All students,1,All students,209.873121958397,1,0
1441,2019,R3,2019,1,Grade 4,SD:SD,RED,4,RRPCM,LA,Louisiana,TOTAL,All students,1,All students,40.1309775628608,1,0
1442,2019,R3,2019,1,Grade 4,MN:MN,RED,4,RRPCM,MA,Massachusetts,TOTAL,All students,1,All students,231.091059288799,1,0
1443,2019,R3,2019,1,Grade 4,SD:SD,RED,4,RRPCM,MA,Massachusetts,TOTAL,All students,1,All students,36.0133507226362,1,0
1444,2019,R3,2019,1,Grade 4,MN:MN,RED,4,RRPCM,MD,Maryland,TOTAL,All students,1,All students,219.838944928094,1,0
1445,2019,R3,2019,1,Grade 4,SD:SD,RED,4,RRPCM,MD,Maryland,TOTAL,All students,1,All students,41.0740468133615,1,0
1446,2019,R3,2019,1,Grade 4,MN:MN,RED,4,RRPCM,ME,Maine,TOTAL,All students,1,All students,221.236527103754,1,0
1447,2019,R3,2019,1,Grade 4,SD:SD,RED,4,RRPCM,ME,Maine,TOTAL,All students,1,All students,38.1166902164948,1,0
1448,2019,R3,2019,1,Grade 4,MN:MN,RED,4,RRPCM,MI,Michigan,TOTAL,All students,1,All students,218.266956539571,1,0
1449,2019,R3,2019,1,Grade 4,SD:SD,RED,4,RRPCM,MI,Michigan,TOTAL,All students,1,All students,37.0130737391091,1,0
1450,2019,R3,2019,1,Grade 4,MN:MN,RED,4,RRPCM,MN,Minnesota,TOTAL,All students,1,All students,222.393248950052,1,0
1451,2019,R3,2019,1,Grade 4,SD:SD,RED,4,RRPCM,MN,Minnesota,TOTAL,All students,1,All students,38.6052700493203,1,0
1452,2019,R3,2019,1,Grade 4,MN:MN,RED,4,RRPCM,MO,Missouri,TOTAL,All students,1,All students,218.00163625009,1,0
1453,2019,R3,2019,1,Grade 4,SD:SD,RED,4,RRPCM,MO,Missouri,TOTAL,All students,1,All students,39.5818921315786,1,0
1454,2019,R3,2019,1,Grade 4,MN:MN,RED,4,RRPCM,MS,Mississippi,TOTAL,All students,1,All students,219.342215016725,1,0
1455,2019,R3,2019,1,Grade 4,SD:SD,RED,4,RRPCM,MS,Mississippi,TOTAL,All students,1,All students,34.3937454910323,1,0
1456,2019,R3,2019,1,Grade 4,MN:MN,RED,4,RRPCM,MT,Montana,TOTAL,All students,1,All students,221.67913092515,1,0
1457,2019,R3,2019,1,Grade 4,SD:SD,RED,4,RRPCM,MT,Montana,TOTAL,All students,1,All students,37.4229679220742,1,0
1458,2019,R3,2019,1,Grade 4,MN:MN,RED,4,RRPCM,NC,North Carolina,TOTAL,All students,1,All students,221.280043715178,1,0
1459,2019,R3,2019,1,Grade 4,SD:SD,RED,4,RRPCM,NC,North Carolina,TOTAL,All students,1,All students,37.6982618096964,1,0
1460,2019,R3,2019,1,Grade 4,MN:MN,RED,4,RRPCM,ND,North Dakota,TOTAL,All students,1,All students,221.177007147619,1,0
1461,2019,R3,2019,1,Grade 4,SD:SD,RED,4,RRPCM,ND,North Dakota,TOTAL,All students,1,All students,35.1476851470057,1,0
1462,2019,R3,2019,1,Grade 4,MN:MN,RED,4,RRPCM,NE,Nebraska,TOTAL,All students,1,All students,222.362133819339,1,0
1463,2019,R3,2019,1,Grade 4,SD:SD,RED,4,RRPCM,NE,Nebraska,TOTAL,All students,1,All students,36.9649012627766,1,0
1464,2019,R3,2019,1,Grade 4,MN:MN,RED,4,RRPCM,NH,New Hampshire,TOTAL,All students,1,All students,224.264004126578,1,0
1465,2019,R3,2019,1,Grade 4,SD:SD,RED,4,RRPCM,NH,New Hampshire,TOTAL,All students,1,All students,36.7609208546672,1,0
1466,2019,R3,2019,1,Grade 4,MN:MN,RED,4,RRPCM,NJ,New Jersey,TOTAL,All students,1,All students,227.189417167925,1,0
1467,2019,R3,2019,1,Grade 4,SD:SD,RED,4,RRPCM,NJ,New Jersey,TOTAL,All students,1,All students,36.6822365469695,1,0
1468,2019,R3,2019,1,Grade 4,MN:MN,RED,4,RRPCM,NM,New Mexico,TOTAL,All students,1,All students,207.564688511317,1,0
1469,2019,R3,2019,1,Grade 4,SD:SD,RED,4,RRPCM,NM,New Mexico,TOTAL,All students,1,All students,39.9105541287114,1,0
1470,2019,R3,2019,1,Grade 4,MN:MN,RED,4,RRPCM,NP,National public,TOTAL,All students,1,All students,219.440029789958,1,0
1471,2019,R3,2019,1,Grade 4,SD:SD,RED,4,RRPCM,NP,National public,TOTAL,All students,1,All students,38.767335123362,1,0
1472,2019,R3,2019,1,Grade 4,MN:MN,RED,4,RRPCM,NR,National private,TOTAL,All students,1,All students,999.0,0,288
1473,2019,R3,2019,1,Grade 4,SD:SD,RED,4,RRPCM,NR,National private,TOTAL,All students,1,All students,999.0,0,288
1474,2019,R3,2019,1,Grade 4,MN:MN,RED,4,RRPCM,NT,National,TOTAL,All students,1,All students,220.474059149004,1,0
1475,2019,R3,2019,1,Grade 4,SD:SD,RED,4,RRPCM,NT,National,TOTAL,All students,1,All students,38.5219618291653,1,0
1476,2019,R3,2019,1,Grade 4,MN:MN,RED,4,RRPCM,NV,Nevada,TOTAL,All students,1,All students,217.617561606892,1,0
1477,2019,R3,2019,1,Grade 4,SD:SD,RED,4,RRPCM,NV,Nevada,TOTAL,All students,1,All students,37.2147381365357,1,0
1478,2019,R3,2019,1,Grade 4,MN:MN,RED,4,RRPCM,NY,New York,TOTAL,All students,1,All students,219.604193649582,1,0
1479,2019,R3,2019,1,Grade 4,SD:SD,RED,4,RRPCM,NY,New York,TOTAL,All students,1,All students,37.7652768950289,1,0
1480,2019,R3,2019,1,Grade 4,MN:MN,RED,4,RRPCM,OH,Ohio,TOTAL,All students,1,All students,221.969268954792,1,0
1481,2019,R3,2019,1,Grade 4,SD:SD,RED,4,RRPCM,OH,Ohio,TOTAL,All students,1,All students,36.7717828279009,1,0
1482,2019,R3,2019,1,Grade 4,MN:MN,RED,4,RRPCM,OK,Oklahoma,TOTAL,All students,1,All students,216.35068432151,1,0
1483,2019,R3,2019,1,Grade 4,SD:SD,RED,4,RRPCM,OK,Oklahoma,TOTAL,All students,1,All students,35.1481487246242,1,0
1484,2019,R3,2019,1,Grade 4,MN:MN,RED,4,RRPCM,OR,Oregon,TOTAL,All students,1,All students,217.71771124627,1,0
1485,2019,R3,2019,1,Grade 4,SD:SD,RED,4,RRPCM,OR,Oregon,TOTAL,All students,1,All students,41.5895771839437,1,0
1486,2019,R3,2019,1,Grade 4,MN:MN,RED,4,RRPCM,PA,Pennsylvania,TOTAL,All students,1,All students,223.213382797261,1,0
1487,2019,R3,2019,1,Grade 4,SD:SD,RED,4,RRPCM,PA,Pennsylvania,TOTAL,All students,1,All students,40.048711519866,1,0
1488,2019,R3,2019,1,Grade 4,MN:MN,RED,4,RRPCM,RI,Rhode Island,TOTAL,All students,1,All students,220.193475524749,1,0
1489,2019,R3,2019,1,Grade 4,SD:SD,RED,4,RRPCM,RI,Rhode Island,TOTAL,All students,1,All students,39.7212263121007,1,0
1490,2019,R3,2019,1,Grade 4,MN:MN,RED,4,RRPCM,SC,South Carolina,TOTAL,All students,1,All students,215.981732374201,1,0
1491,2019,R3,2019,1,Grade 4,SD:SD,RED,4,RRPCM,SC,South Carolina,TOTAL,All students,1,All students,40.6962165884854,1,0
1492,2019,R3,2019,1,Grade 4,MN:MN,RED,4,RRPCM,SD,South Dakota,TOTAL,All students,1,All students,222.004520540202,1,0
1493,2019,R3,2019,1,Grade 4,SD:SD,RED,4,RRPCM,SD,South Dakota,TOTAL,All students,1,All students,36.5344137961995,1,0
1494,2019,R3,2019,1,Grade 4,MN:MN,RED,4,RRPCM,TN,Tennessee,TOTAL,All students,1,All students,219.061110000096,1,0
1495,2019,R3,2019,1,Grade 4,SD:SD,RED,4,RRPCM,TN,Tennessee,TOTAL,All students,1,All students,39.3285876075394,1,0
1496,2019,R3,2019,1,Grade 4,MN:MN,RED,4,RRPCM,TX,Texas,TOTAL,All students,1,All students,216.044998438523,1,0
1497,2019,R3,2019,1,Grade 4,SD:SD,RED,4,RRPCM,TX,Texas,TOTAL,All students,1,All students,37.4749695814822,1,0
1498,2019,R3,2019,1,Grade 4,MN:MN,RED,4,RRPCM,UT,Utah,TOTAL,All students,1,All students,225.148646813036,1,0
1499,2019,R3,2019,1,Grade 4,SD:SD,RED,4,RRPCM,UT,Utah,TOTAL,All students,1,All students,36.8018761534026,1,0
1500,2019,R3,2019,1,Grade 4,MN:MN,RED,4,RRPCM,VA,Virginia,TOTAL,All students,1,All students,223.641834613407,1,0
1501,2019,R3,2019,1,Grade 4,SD:SD,RED,4,RRPCM,VA,Virginia,TOTAL,All students,1,All students,36.7322477286713,1,0
1502,2019,R3,2019,1,Grade 4,MN:MN,RED,4,RRPCM,VT,Vermont,TOTAL,All students,1,All students,221.825911338781,1,0
1503,2019,R3,2019,1,Grade 4,SD:SD,RED,4,RRPCM,VT,Vermont,TOTAL,All students,1,All students,38.8243945988643,1,0
1504,2019,R3,2019,1,Grade 4,MN:MN,RED,4,RRPCM,WA,Washington,TOTAL,All students,1,All students,219.692800380164,1,0
1505,2019,R3,2019,1,Grade 4,SD:SD,RED,4,RRPCM,WA,Washington,TOTAL,All students,1,All students,39.6988578887573,1,0
1506,2019,R3,2019,1,Grade 4,MN:MN,RED,4,RRPCM,WI,Wisconsin,TOTAL,All students,1,All students,219.704274445441,1,0
1507,2019,R3,2019,1,Grade 4,SD:SD,RED,4,RRPCM,WI,Wisconsin,TOTAL,All students,1,All students,39.606941504589,1,0
1508,2019,R3,2019,1,Grade 4,MN:MN,RED,4,RRPCM,WV,West Virginia,TOTAL,All students,1,All students,213.184518276667,1,0
1509,2019,R3,2019,1,Grade 4,SD:SD,RED,4,RRPCM,WV,West Virginia,TOTAL,All students,1,All students,41.6939726078111,1,0
1510,2019,R3,2019,1,Grade 4,MN:MN,RED,4,RRPCM,WY,Wyoming,TOTAL,All students,1,All students,226.690277671218,1,0
1511,2019,R3,2019,1,Grade 4,SD:SD,RED,4,RRPCM,WY,Wyoming,TOTAL,All students,1,All students,34.841261893917,1,0
1512,2022,R3,2022,1,Grade 4,MN:MN,RED,4,RRPCM,AK,Alaska,TOTAL,All students,1,All students,203.834393388451,1,0
1513,2022,R3,2022,1,Grade 4,SD:SD,RED,4,RRPCM,AK,Alaska,TOTAL,All students,1,All students,44.900052950691,1,0
1514,2022,R3,2022,1,Grade 4,MN:MN,RED,4,RRPCM,AL,Alabama,TOTAL,All students,1,All students,213.304803954478,1,0
1515,2022,R3,2022,1,Grade 4,SD:SD,RED,4,RRPCM,AL,Alabama,TOTAL,All students,1,All students,38.778900240012,1,0
1516,2022,R3,2022,1,Grade 4,MN:MN,RED,4,RRPCM,AR,Arkansas,TOTAL,All students,1,All students,211.952401971433,1,0
1517,2022,R3,2022,1,Grade 4,SD:SD,RED,4,RRPCM,AR,Arkansas,TOTAL,All students,1,All students,42.5267689505943,1,0
1518,2022,R3,2022,1,Grade 4,MN:MN,RED,4,RRPCM,AZ,Arizona,TOTAL,All students,1,All students,215.478915088885,1,0
1519,2022,R3,2022,1,Grade 4,SD:SD,RED,4,RRPCM,AZ,Arizona,TOTAL,All students,1,All students,39.6815349537056,1,0
1520,2022,R3,2022,1,Grade 4,MN:MN,RED,4,RRPCM,CA,California,TOTAL,All students,1,All students,214.38813409151,1,0
1521,2022,R3,2022,1,Grade 4,SD:SD,RED,4,RRPCM,CA,California,TOTAL,All students,1,All students,42.3213483843778,1,0
1522,2022,R3,2022,1,Grade 4,MN:MN,RED,4,RRPCM,CO,Colorado,TOTAL,All students,1,All students,222.853892245728,1,0
1523,2022,R3,2022,1,Grade 4,SD:SD,RED,4,RRPCM,CO,Colorado,TOTAL,All students,1,All students,38.5951702968631,1,0
1524,2022,R3,2022,1,Grade 4,MN:MN,RED,4,RRPCM,CT,Connecticut,TOTAL,All students,1,All students,219.147978324754,1,0
1525,2022,R3,2022,1,Grade 4,SD:SD,RED,4,RRPCM,CT,Connecticut,TOTAL,All students,1,All students,40.139068239324,1,0
1526,2022,R3,2022,1,Grade 4,MN:MN,RED,4,RRPCM,DC,District of Columbia,TOTAL,All students,1,All students,206.753141538805,1,0
1527,2022,R3,2022,1,Grade 4,SD:SD,RED,4,RRPCM,DC,District of Columbia,TOTAL,All students,1,All students,47.1723159436458,1,0
1528,2022,R3,2022,1,Grade 4,MN:MN,RED,4,RRPCM,DE,Delaware,TOTAL,All students,1,All students,208.301570070164,1,0
1529,2022,R3,2022,1,Grade 4,SD:SD,RED,4,RRPCM,DE,Delaware,TOTAL,All students,1,All students,41.4065825829951,1,0
1530,2022,R3,2022,1,Grade 4,MN:MN,RED,4,RRPCM,FL,Florida,TOTAL,All students,1,All students,224.739478076644,1,0
1531,2022,R3,2022,1,Grade 4,SD:SD,RED,4,RRPCM,FL,Florida,TOTAL,All students,1,All students,35.8332860451917,1,0
1532,2022,R3,2022,1,Grade 4,MN:MN,RED,4,RRPCM,GA,Georgia,TOTAL,All students,1,All students,215.882292250826,1,0
1533,2022,R3,2022,1,Grade 4,SD:SD,RED,4,RRPCM,GA,Georgia,TOTAL,All students,1,All students,40.8679987095157,1,0
1534,2022,R3,2022,1,Grade 4,MN:MN,RED,4,RRPCM,HI,Hawaii,TOTAL,All students,1,All students,218.815079671815,1,0
1535,2022,R3,2022,1,Grade 4,SD:SD,RED,4,RRPCM,HI,Hawaii,TOTAL,All students,1,All students,41.260385387104,1,0
1536,2022,R3,2022,1,Grade 4,MN:MN,RED,4,RRPCM,IA,Iowa,TOTAL,All students,1,All students,218.019791217283,1,0
1537,2022,R3,2022,1,Grade 4,SD:SD,RED,4,RRPCM,IA,Iowa,TOTAL,All students,1,All students,38.2995789254154,1,0
1538,2022,R3,2022,1,Grade 4,MN:MN,RED,4,RRPCM,ID,Idaho,TOTAL,All students,1,All students,214.885235432219,1,0
1539,2022,R3,2022,1,Grade 4,SD:SD,RED,4,RRPCM,ID,Idaho,TOTAL,All students,1,All students,41.591960898795,1,0
1540,2022,R3,2022,1,Grade 4,MN:MN,RED,4,RRPCM,IL,Illinois,TOTAL,All students,1,All students,217.777584290905,1,0
1541,2022,R3,2022,1,Grade 4,SD:SD,RED,4,RRPCM,IL,Illinois,TOTAL,All students,1,All students,40.6887033308662,1,0
1542,2022,R3,2022,1,Grade 4,MN:MN,RED,4,RRPCM,IN,Indiana,TOTAL,All students,1,All students,217.363500242914,1,0
1543,2022,R3,2022,1,Grade 4,SD:SD,RED,4,RRPCM,IN,Indiana,TOTAL,All students,1,All students,40.0513246529369,1,0
1544,2022,R3,2022,1,Grade 4,MN:MN,RED,4,RRPCM,KS,Kansas,TOTAL,All students,1,All students,214.682441301693,1,0
1545,2022,R3,2022,1,Grade 4,SD:SD,RED,4,RRPCM,KS,Kansas,TOTAL,All students,1,All students,39.9367269197868,1,0
1546,2022,R3,2022,1,Grade 4,MN:MN,RED,4,RRPCM,KY,Kentucky,TOTAL,All students,1,All students,216.597654865333,1,0
1547,2022,R3,2022,1,Grade 4,SD:SD,RED,4,RRPCM,KY,Kentucky,TOTAL,All students,1,All students,38.4204410242698,1,0
1548,2022,R3,2022,1,Grade 4,MN:MN,RED,4,RRPCM,LA,Louisiana,TOTAL,All students,1,All students,212.335700553312,1,0
1549,2022,R3,2022,1,Grade 4,SD:SD,RED,4,RRPCM,LA,Louisiana,TOTAL,All students,1,All students,40.8252455742321,1,0
1550,2022,R3,2022,1,Grade 4,MN:MN,RED,4,RRPCM,MA,Massachusetts,TOTAL,All students,1,All students,226.803604642226,1,0
1551,2022,R3,2022,1,Grade 4,SD:SD,RED,4,RRPCM,MA,Massachusetts,TOTAL,All students,1,All students,40.4082055171485,1,0
1552,2022,R3,2022,1,Grade 4,MN:MN,RED,4,RRPCM,MD,Maryland,TOTAL,All students,1,All students,212.480141744086,1,0
1553,2022,R3,2022,1,Grade 4,SD:SD,RED,4,RRPCM,MD,Maryland,TOTAL,All students,1,All students,44.0972813909324,1,0
1554,2022,R3,2022,1,Grade 4,MN:MN,RED,4,RRPCM,ME,Maine,TOTAL,All students,1,All students,212.813075931121,1,0
1555,2022,R3,2022,1,Grade 4,SD:SD,RED,4,RRPCM,ME,Maine,TOTAL,All students,1,All students,40.8734199837535,1,0
1556,2022,R3,2022,1,Grade 4,MN:MN,RED,4,RRPCM,MI,Michigan,TOTAL,All students,1,All students,211.841478223351,1,0
1557,2022,R3,2022,1,Grade 4,SD:SD,RED,4,RRPCM,MI,Michigan,TOTAL,All students,1,All students,40.7152118135045,1,0
1558,2022,R3,2022,1,Grade 4,MN:MN,RED,4,RRPCM,MN,Minnesota,TOTAL,All students,1,All students,215.468384880638,1,0
1559,2022,R3,2022,1,Grade 4,SD:SD,RED,4,RRPCM,MN,Minnesota,TOTAL,All students,1,All students,40.1948423696884,1,0
1560,2022,R3,2022,1,Grade 4,MN:MN,RED,4,RRPCM,MO,Missouri,TOTAL,All students,1,All students,213.355231570616,1,0
1561,2022,R3,2022,1,Grade 4,SD:SD,RED,4,RRPCM,MO,Missouri,TOTAL,All students,1,All students,41.4981446634202,1,0
1562,2022,R3,2022,1,Grade 4,MN:MN,RED,4,RRPCM,MS,Mississippi,TOTAL,All students,1,All students,217.160500079958,1,0
1563,2022,R3,2022,1,Grade 4,SD:SD,RED,4,RRPCM,MS,Mississippi,TOTAL,All students,1,All students,36.7568535893737,1,0
1564,2022,R3,2022,1,Grade 4,MN:MN,RED,4,RRPCM,MT,Montana,TOTAL,All students,1,All students,218.726121279142,1,0
1565,2022,R3,2022,1,Grade 4,SD:SD,RED,4,RRPCM,MT,Montana,TOTAL,All students,1,All students,38.3958176762308,1,0
1566,2022,R3,2022,1,Grade 4,MN:MN,RED,4,RRPCM,NC,North Carolina,TOTAL,All students,1,All students,216.130141000817,1,0
1567,2022,R3,2022,1,Grade 4,SD:SD,RED,4,RRPCM,NC,North Carolina,TOTAL,All students,1,All students,40.8875947765836,1,0
1568,2022,R3,2022,1,Grade 4,MN:MN,RED,4,RRPCM,ND,North Dakota,TOTAL,All students,1,All students,217.53456368653,1,0
1569,2022,R3,2022,1,Grade 4,SD:SD,RED,4,RRPCM,ND,North Dakota,TOTAL,All students,1,All students,36.2315814085829,1,0
1570,2022,R3,2022,1,Grade 4,MN:MN,RED,4,RRPCM,NE,Nebraska,TOTAL,All students,1,All students,218.613653639063,1,0
1571,2022,R3,2022,1,Grade 4,SD:SD,RED,4,RRPCM,NE,Nebraska,TOTAL,All students,1,All students,39.5910060704667,1,0
1572,2022,R3,2022,1,Grade 4,MN:MN,RED,4,RRPCM,NH,New Hampshire,TOTAL,All students,1,All students,222.537287495664,1,0
1573,2022,R3,2022,1,Grade 4,SD:SD,RED,4,RRPCM,NH,New Hampshire,TOTAL,All students,1,All students,37.6382378780992,1,0
1574,2022,R3,2022,1,Grade 4,MN:MN,RED,4,RRPCM,NJ,New Jersey,TOTAL,All students,1,All students,222.728282134377,1,0
1575,2022,R3,2022,1,Grade 4,SD:SD,RED,4,RRPCM,NJ,New Jersey,TOTAL,All students,1,All students,38.7211088949128,1,0
1576,2022,R3,2022,1,Grade 4,MN:MN,RED,4,RRPCM,NM,New Mexico,TOTAL,All students,1,All students,202.080998079384,1,0
1577,2022,R3,2022,1,Grade 4,SD:SD,RED,4,RRPCM,NM,New Mexico,TOTAL,All students,1,All students,42.5084638841558,1,0
1578,2022,R3,2022,1,Grade 4,MN:MN,RED,4,RRPCM,NP,National public,TOTAL,All students,1,All students,216.113410808617,1,0
1579,2022,R3,2022,1,Grade 4,SD:SD,RED,4,RRPCM,NP,National public,TOTAL,All students,1,All students,40.5478048063187,1,0
1580,2022,R3,2022,1,Grade 4,MN:MN,RED,4,RRPCM,NR,National private,TOTAL,All students,1,All students,999.0,0,288
1581,2022,R3,2022,1,Grade 4,SD:SD,RED,4,RRPCM,NR,National private,TOTAL,All students,1,All students,999.0,0,288
1582,2022,R3,2022,1,Grade 4,MN:MN,RED,4,RRPCM,NT,National,TOTAL,All students,1,All students,217.494490502989,1,0
1583,2022,R3,2022,1,Grade 4,SD:SD,RED,4,RRPCM,NT,National,TOTAL,All students,1,All students,40.2851602919901,1,0
1584,2022,R3,2022,1,Grade 4,MN:MN,RED,4,RRPCM,NV,Nevada,TOTAL,All students,1,All students,211.525078548584,1,0
1585,2022,R3,2022,1,Grade 4,SD:SD,RED,4,RRPCM,NV,Nevada,TOTAL,All students,1,All students,39.5581781771997,1,0
1586,2022,R3,2022,1,Grade 4,MN:MN,RED,4,RRPCM,NY,New York,TOTAL,All students,1,All students,213.572630962094,1,0
1587,2022,R3,2022,1,Grade 4,SD:SD,RED,4,RRPCM,NY,New York,TOTAL,All students,1,All students,41.7938152499043,1,0
1588,2022,R3,2022,1,Grade 4,MN:MN,RED,4,RRPCM,OH,Ohio,TOTAL,All students,1,All students,218.56171629756,1,0
1589,2022,R3,2022,1,Grade 4,SD:SD,RED,4,RRPCM,OH,Ohio,TOTAL,All students,1,All students,41.1349507348197,1,0
1590,2022,R3,2022,1,Grade 4,MN:MN,RED,4,RRPCM,OK,Oklahoma,TOTAL,All students,1,All students,208.10830835914,1,0
1591,2022,R3,2022,1,Grade 4,SD:SD,RED,4,RRPCM,OK,Oklahoma,TOTAL,All students,1,All students,39.3123858083125,1,0
1592,2022,R3,2022,1,Grade 4,MN:MN,RED,4,RRPCM,OR,Oregon,TOTAL,All students,1,All students,210.314054419297,1,0
1593,2022,R3,2022,1,Grade 4,SD:SD,RED,4,RRPCM,OR,Oregon,TOTAL,All students,1,All students,42.5237906022602,1,0
1594,2022,R3,2022,1,Grade 4,MN:MN,RED,4,RRPCM,PA,Pennsylvania,TOTAL,All students,1,All students,218.894472303117,1,0
1595,2022,R3,2022,1,Grade 4,SD:SD,RED,4,RRPCM,PA,Pennsylvania,TOTAL,All students,1,All students,40.0946878581575,1,0
1596,2022,R3,2022,1,Grade 4,MN:MN,RED,4,RRPCM,RI,Rhode Island,TOTAL,All students,1,All students,217.261164309337,1,0
1597,2022,R3,2022,1,Grade 4,SD:SD,RED,4,RRPCM,RI,Rhode Island,TOTAL,All students,1,All students,41.1321979463579,1,0
1598,2022,R3,2022,1,Grade 4,MN:MN,RED,4,RRPCM,SC,South Carolina,TOTAL,All students,1,All students,216.388794375541,1,0
1599,2022,R3,2022,1,Grade 4,SD:SD,RED,4,RRPCM,SC,South Carolina,TOTAL,All students,1,All students,40.388081290983,1,0
1600,2022,R3,2022,1,Grade 4,MN:MN,RED,4,RRPCM,SD,South Dakota,TOTAL,All students,1,All students,218.067398995857,1,0
1601,2022,R3,2022,1,Grade 4,SD:SD,RED,4,RRPCM,SD,South Dakota,TOTAL,All students,1,All students,37.8831459218658,1,0
1602,2022,R3,2022,1,Grade 4,MN:MN,RED,4,RRPCM,TN,Tennessee,TOTAL,All students,1,All students,214.000841671919,1,0
1603,2022,R3,2022,1,Grade 4,SD:SD,RED,4,RRPCM,TN,Tennessee,TOTAL,All students,1,All students,39.7844832728783,1,0
1604,2022,R3,2022,1,Grade 4,MN:MN,RED,4,RRPCM,TX,Texas,TOTAL,All students,1,All students,214.198243688727,1,0
1605,2022,R3,2022,1,Grade 4,SD:SD,RED,4,RRPCM,TX,Texas,TOTAL,All students,1,All students,38.7030311846396,1,0
1606,2022,R3,2022,1,Grade 4,MN:MN,RED,4,RRPCM,UT,Utah,TOTAL,All students,1,All students,221.085903820864,1,0
1607,2022,R3,2022,1,Grade 4,SD:SD,RED,4,RRPCM,UT,Utah,TOTAL,All students,1,All students,39.4049637217207,1,0
1608,2022,R3,2022,1,Grade 4,MN:MN,RED,4,RRPCM,VA,Virginia,TOTAL,All students,1,All students,214.035607766354,1,0
1609,2022,R3,2022,1,Grade 4,SD:SD,RED,4,RRPCM,VA,Virginia,TOTAL,All students,1,All students,43.0821694569206,1,0
1610,2022,R3,2022,1,Grade 4,MN:MN,RED,4,RRPCM,VT,Vermont,TOTAL,All students,1,All students,216.982897590298,1,0
1611,2022,R3,2022,1,Grade 4,SD:SD,RED,4,RRPCM,VT,Vermont,TOTAL,All students,1,All students,41.5271229661103,1,0
1612,2022,R3,2022,1,Grade 4,MN:MN,RED,4,RRPCM,WA,Washington,TOTAL,All students,1,All students,216.690692889093,1,0
1613,2022,R3,2022,1,Grade 4,SD:SD,RED,4,RRPCM,WA,Washington,TOTAL,All students,1,All students,42.0985349849795,1,0
1614,2022,R3,2022,1,Grade 4,MN:MN,RED,4,RRPCM,WI,Wisconsin,TOTAL,All students,1,All students,217.373606249923,1,0
1615,2022,R3,2022,1,Grade 4,SD:SD,RED,4,RRPCM,WI,Wisconsin,TOTAL,All students,1,All students,39.6682186921811,1,0
1616,2022,R3,2022,1,Grade 4,MN:MN,RED,4,RRPCM,WV,West Virginia,TOTAL,All students,1,All students,205.310453431884,1,0
1617,2022,R3,2022,1,Grade 4,SD:SD,RED,4,RRPCM,WV,West Virginia,TOTAL,All students,1,All students,41.8431424261652,1,0
1618,2022,R3,2022,1,Grade 4,MN:MN,RED,4,RRPCM,WY,Wyoming,TOTAL,All students,1,All students,224.7935690166,1,0
1619,2022,R3,2022,1,Grade 4,SD:SD,RED,4,RRPCM,WY,Wyoming,TOTAL,All students,1,All students,36.3105959203026,1,0
1620,2024,R3,2024,1,Grade 4,MN:MN,RED,4,RRPCM,AK,Alaska,TOTAL,All students,1,All students,201.593475467698,1,0
1621,2024,R3,2024,1,Grade 4,SD:SD,RED,4,RRPCM,AK,Alaska,TOTAL,All students,1,All students,43.8335053454896,1,0
1622,2024,R3,2024,1,Grade 4,MN:MN,RED,4,RRPCM,AL,Alabama,TOTAL,All students,1,All students,213.209999777534,1,0
1623,2024,R3,2024,1,Grade 4,SD:SD,RED,4,RRPCM,AL,Alabama,TOTAL,All students,1,All students,39.6499927258538,1,0
1624,2024,R3,2024,1,Grade 4,MN:MN,RED,4,RRPCM,AR,Arkansas,TOTAL,All students,1,All students,209.703975948749,1,0
1625,2024,R3,2024,1,Grade 4,SD:SD,RED,4,RRPCM,AR,Arkansas,TOTAL,All students,1,All students,43.2521731078014,1,0
1626,2024,R3,2024,1,Grade 4,MN:MN,RED,4,RRPCM,AZ,Arizona,TOTAL,All students,1,All students,208.095149457954,1,0
1627,2024,R3,2024,1,Grade 4,SD:SD,RED,4,RRPCM,AZ,Arizona,TOTAL,All students,1,All students,44.3251314454405,1,0
1628,2024,R3,2024,1,Grade 4,MN:MN,RED,4,RRPCM,CA,California,TOTAL,All students,1,All students,211.742395779622,1,0
1629,2024,R3,2024,1,Grade 4,SD:SD,RED,4,RRPCM,CA,California,TOTAL,All students,1,All students,41.4795714134211,1,0
1630,2024,R3,2024,1,Grade 4,MN:MN,RED,4,RRPCM,CO,Colorado,TOTAL,All students,1,All students,220.919411381867,1,0
1631,2024,R3,2024,1,Grade 4,SD:SD,RED,4,RRPCM,CO,Colorado,TOTAL,All students,1,All students,39.5725345245166,1,0
1632,2024,R3,2024,1,Grade 4,MN:MN,RED,4,RRPCM,CT,Connecticut,TOTAL,All students,1,All students,219.159136069453,1,0
1633,2024,R3,2024,1,Grade 4,SD:SD,RED,4,RRPCM,CT,Connecticut,TOTAL,All students,1,All students,42.9125292029453,1,0
1634,2024,R3,2024,1,Grade 4,MN:MN,RED,4,RRPCM,DC,District of Columbia,TOTAL,All students,1,All students,209.178441326426,1,0
1635,2024,R3,2024,1,Grade 4,SD:SD,RED,4,RRPCM,DC,District of Columbia,TOTAL,All students,1,All students,47.9872440161199,1,0
1636,2024,R3,2024,1,Grade 4,MN:MN,RED,4,RRPCM,DE,Delaware,TOTAL,All students,1,All students,209.530546360739,1,0
1637,2024,R3,2024,1,Grade 4,SD:SD,RED,4,RRPCM,DE,Delaware,TOTAL,All students,1,All students,42.0658989249367,1,0
1638,2024,R3,2024,1,Grade 4,MN:MN,RED,4,RRPCM,FL,Florida,TOTAL,All students,1,All students,218.223941250067,1,0
1639,2024,R3,2024,1,Grade 4,SD:SD,RED,4,RRPCM,FL,Florida,TOTAL,All students,1,All students,39.6136095434799,1,0
1640,2024,R3,2024,1,Grade 4,MN:MN,RED,4,RRPCM,GA,Georgia,TOTAL,All students,1,All students,214.358708339384,1,0
1641,2024,R3,2024,1,Grade 4,SD:SD,RED,4,RRPCM,GA,Georgia,TOTAL,All students,1,All students,41.7665539912322,1,0
1642,2024,R3,2024,1,Grade 4,MN:MN,RED,4,RRPCM,HI,Hawaii,TOTAL,All students,1,All students,215.793175321881,1,0
1643,2024,R3,2024,1,Grade 4,SD:SD,RED,4,RRPCM,HI,Hawaii,TOTAL,All students,1,All students,40.7672078147945,1,0
1644,2024,R3,2024,1,Grade 4,MN:MN,RED,4,RRPCM,IA,Iowa,TOTAL,All students,1,All students,214.627071244476,1,0
1645,2024,R3,2024,1,Grade 4,SD:SD,RED,4,RRPCM,IA,Iowa,TOTAL,All students,1,All students,38.8085975273374,1,0
1646,2024,R3,2024,1,Grade 4,MN:MN,RED,4,RRPCM,ID,Idaho,TOTAL,All students,1,All students,215.656201065876,1,0
1647,2024,R3,2024,1,Grade 4,SD:SD,RED,4,RRPCM,ID,Idaho,TOTAL,All students,1,All students,40.3657450327956,1,0
1648,2024,R3,2024,1,Grade 4,MN:MN,RED,4,RRPCM,IL,Illinois,TOTAL,All students,1,All students,214.249807124294,1,0
1649,2024,R3,2024,1,Grade 4,SD:SD,RED,4,RRPCM,IL,Illinois,TOTAL,All students,1,All students,42.4233577167229,1,0
1650,2024,R3,2024,1,Grade 4,MN:MN,RED,4,RRPCM,IN,Indiana,TOTAL,All students,1,All students,220.13827410544,1,0
1651,2024,R3,2024,1,Grade 4,SD:SD,RED,4,RRPCM,IN,Indiana,TOTAL,All students,1,All students,39.3690296775581,1,0
1652,2024,R3,2024,1,Grade 4,MN:MN,RED,4,RRPCM,KS,Kansas,TOTAL,All students,1,All students,213.120245284913,1,0
1653,2024,R3,2024,1,Grade 4,SD:SD,RED,4,RRPCM,KS,Kansas,TOTAL,All students,1,All students,39.3269996777777,1,0
1654,2024,R3,2024,1,Grade 4,MN:MN,RED,4,RRPCM,KY,Kentucky,TOTAL,All students,1,All students,218.031788045287,1,0
1655,2024,R3,2024,1,Grade 4,SD:SD,RED,4,RRPCM,KY,Kentucky,TOTAL,All students,1,All students,40.3673982175805,1,0
1656,2024,R3,2024,1,Grade 4,MN:MN,RED,4,RRPCM,LA,Louisiana,TOTAL,All students,1,All students,215.976174842941,1,0
1657,2024,R3,2024,1,Grade 4,SD:SD,RED,4,RRPCM,LA,Louisiana,TOTAL,All students,1,All students,41.5008900535561,1,0
1658,2024,R3,2024,1,Grade 4,MN:MN,RED,4,RRPCM,MA,Massachusetts,TOTAL,All students,1,All students,224.778472538661,1,0
1659,2024,R3,2024,1,Grade 4,SD:SD,RED,4,RRPCM,MA,Massachusetts,TOTAL,All students,1,All students,41.4895466057809,1,0
1660,2024,R3,2024,1,Grade 4,MN:MN,RED,4,RRPCM,MD,Maryland,TOTAL,All students,1,All students,215.643199419369,1,0
1661,2024,R3,2024,1,Grade 4,SD:SD,RED,4,RRPCM,MD,Maryland,TOTAL,All students,1,All students,44.8903978456599,1,0
1662,2024,R3,2024,1,Grade 4,MN:MN,RED,4,RRPCM,ME,Maine,TOTAL,All students,1,All students,209.598296517843,1,0
1663,2024,R3,2024,1,Grade 4,SD:SD,RED,4,RRPCM,ME,Maine,TOTAL,All students,1,All students,40.6809886840448,1,0
1664,2024,R3,2024,1,Grade 4,MN:MN,RED,4,RRPCM,MI,Michigan,TOTAL,All students,1,All students,209.14085321949,1,0
1665,2024,R3,2024,1,Grade 4,SD:SD,RED,4,RRPCM,MI,Michigan,TOTAL,All students,1,All students,39.3971202682027,1,0
1666,2024,R3,2024,1,Grade 4,MN:MN,RED,4,RRPCM,MN,Minnesota,TOTAL,All students,1,All students,214.44062758755,1,0
1667,2024,R3,2024,1,Grade 4,SD:SD,RED,4,RRPCM,MN,Minnesota,TOTAL,All students,1,All students,40.1727003632809,1,0
1668,2024,R3,2024,1,Grade 4,MN:MN,RED,4,RRPCM,MO,Missouri,TOTAL,All students,1,All students,211.900404385859,1,0
1669,2024,R3,2024,1,Grade 4,SD:SD,RED,4,RRPCM,MO,Missouri,TOTAL,All students,1,All students,40.2314222159535,1,0
1670,2024,R3,2024,1,Grade 4,MN:MN,RED,4,RRPCM,MS,Mississippi,TOTAL,All students,1,All students,218.501197673508,1,0
1671,2024,R3,2024,1,Grade 4,SD:SD,RED,4,RRPCM,MS,Mississippi,TOTAL,All students,1,All students,36.4882270670447,1,0
1672,2024,R3,2024,1,Grade 4,MN:MN,RED,4,RRPCM,MT,Montana,TOTAL,All students,1,All students,217.208255117987,1,0
1673,2024,R3,2024,1,Grade 4,SD:SD,RED,4,RRPCM,MT,Montana,TOTAL,All students,1,All students,38.2273073556277,1,0
1674,2024,R3,2024,1,Grade 4,MN:MN,RED,4,RRPCM,NC,North Carolina,TOTAL,All students,1,All students,213.35179919366,1,0
1675,2024,R3,2024,1,Grade 4,SD:SD,RED,4,RRPCM,NC,North Carolina,TOTAL,All students,1,All students,42.5996838879478,1,0
1676,2024,R3,2024,1,Grade 4,MN:MN,RED,4,RRPCM,ND,North Dakota,TOTAL,All students,1,All students,215.507954176959,1,0
1677,2024,R3,2024,1,Grade 4,SD:SD,RED,4,RRPCM,ND,North Dakota,TOTAL,All students,1,All students,36.0233102019461,1,0
1678,2024,R3,2024,1,Grade 4,MN:MN,RED,4,RRPCM,NE,Nebraska,TOTAL,All students,1,All students,211.705589804961,1,0
1679,2024,R3,2024,1,Grade 4,SD:SD,RED,4,RRPCM,NE,Nebraska,TOTAL,All students,1,All students,40.4867648675705,1,0
1680,2024,R3,2024,1,Grade 4,MN:MN,RED,4,RRPCM,NH,New Hampshire,TOTAL,All students,1,All students,221.484849293639,1,0
1681,2024,R3,2024,1,Grade 4,SD:SD,RED,4,RRPCM,NH,New Hampshire,TOTAL,All students,1,All students,38.667121785624,1,0
1682,2024,R3,2024,1,Grade 4,MN:MN,RED,4,RRPCM,NJ,New Jersey,TOTAL,All students,1,All students,221.636810430856,1,0
1683,2024,R3,2024,1,Grade 4,SD:SD,RED,4,RRPCM,NJ,New Jersey,TOTAL,All students,1,All students,44.0469434445636,1,0
1684,2024,R3,2024,1,Grade 4,MN:MN,RED,4,RRPCM,NM,New Mexico,TOTAL,All students,1,All students,200.638149466901,1,0
1685,2024,R3,2024,1,Grade 4,SD:SD,RED,4,RRPCM,NM,New Mexico,TOTAL,All students,1,All students,42.8774741789515,1,0
1686,2024,R3,2024,1,Grade 4,MN:MN,RED,4,RRPCM,NP,National public,TOTAL,All students,1,All students,214.274883563924,1,0
1687,2024,R3,2024,1,Grade 4,SD:SD,RED,4,RRPCM,NP,National public,TOTAL,All students,1,All students,41.4393955975929,1,0
1688,2024,R3,2024,1,Grade 4,MN:MN,RED,4,RRPCM,NR,National private,TOTAL,All students,1,All students,999.0,0,288
1689,2024,R3,2024,1,Grade 4,SD:SD,RED,4,RRPCM,NR,National private,TOTAL,All students,1,All students,999.0,0,288
1690,2024,R3,2024,1,Grade 4,MN:MN,RED,4,RRPCM,NT,National,TOTAL,All students,1,All students,215.044096718576,1,0
1691,2024,R3,2024,1,Grade 4,SD:SD,RED,4,RRPCM,NT,National,TOTAL,All students,1,All students,41.2154215408216,1,0
1692,2024,R3,2024,1,Grade 4,MN:MN,RED,4,RRPCM,NV,Nevada,TOTAL,All students,1,All students,213.135730429508,1,0
1693,2024,R3,2024,1,Grade 4,SD:SD,RED,4,RRPCM,NV,Nevada,TOTAL,All students,1,All students,41.5900925928007,1,0
1694,2024,R3,2024,1,Grade 4,MN:MN,RED,4,RRPCM,NY,New York,TOTAL,All students,1,All students,214.630140897987,1,0
1695,2024,R3,2024,1,Grade 4,SD:SD,RED,4,RRPCM,NY,New York,TOTAL,All students,1,All students,41.9398395228676,1,0
1696,2024,R3,2024,1,Grade 4,MN:MN,RED,4,RRPCM,OH,Ohio,TOTAL,All students,1,All students,215.994421846674,1,0
1697,2024,R3,2024,1,Grade 4,SD:SD,RED,4,RRPCM,OH,Ohio,TOTAL,All students,1,All students,41.0771361327416,1,0
1698,2024,R3,2024,1,Grade 4,MN:MN,RED,4,RRPCM,OK,Oklahoma,TOTAL,All students,1,All students,207.26472277647,1,0
1699,2024,R3,2024,1,Grade 4,SD:SD,RED,4,RRPCM,OK,Oklahoma,TOTAL,All students,1,All students,38.9605769456081,1,0
1700,2024,R3,2024,1,Grade 4,MN:MN,RED,4,RRPCM,OR,Oregon,TOTAL,All students,1,All students,206.974907710936,1,0
1701,2024,R3,2024,1,Grade 4,SD:SD,RED,4,RRPCM,OR,Oregon,TOTAL,All students,1,All students,44.4092842032507,1,0
1702,2024,R3,2024,1,Grade 4,MN:MN,RED,4,RRPCM,PA,Pennsylvania,TOTAL,All students,1,All students,215.761958839465,1,0
1703,2024,R3,2024,1,Grade 4,SD:SD,RED,4,RRPCM,PA,Pennsylvania,TOTAL,All students,1,All students,41.6669541281934,1,0
1704,2024,R3,2024,1,Grade 4,MN:MN,RED,4,RRPCM,RI,Rhode Island,TOTAL,All students,1,All students,216.300464930226,1,0
1705,2024,R3,2024,1,Grade 4,SD:SD,RED,4,RRPCM,RI,Rhode Island,TOTAL,All students,1,All students,42.0279891678881,1,0
1706,2024,R3,2024,1,Grade 4,MN:MN,RED,4,RRPCM,SC,South Carolina,TOTAL,All students,1,All students,214.909030050636,1,0
1707,2024,R3,2024,1,Grade 4,SD:SD,RED,4,RRPCM,SC,South Carolina,TOTAL,All students,1,All students,42.6122806868202,1,0
1708,2024,R3,2024,1,Grade 4,MN:MN,RED,4,RRPCM,SD,South Dakota,TOTAL,All students,1,All students,214.054601095028,1,0
1709,2024,R3,2024,1,Grade 4,SD:SD,RED,4,RRPCM,SD,South Dakota,TOTAL,All students,1,All students,38.2144688678541,1,0
1710,2024,R3,2024,1,Grade 4,MN:MN,RED,4,RRPCM,TN,Tennessee,TOTAL,All students,1,All students,215.059848694056,1,0
1711,2024,R3,2024,1,Grade 4,SD:SD,RED,4,RRPCM,TN,Tennessee,TOTAL,All students,1,All students,42.3451236157322,1,0
1712,2024,R3,2024,1,Grade 4,MN:MN,RED,4,RRPCM,TX,Texas,TOTAL,All students,1,All students,211.922709722091,1,0
1713,2024,R3,2024,1,Grade 4,SD:SD,RED,4,RRPCM,TX,Texas,TOTAL,All students,1,All students,40.0507548833621,1,0
1714,2024,R3,2024,1,Grade 4,MN:MN,RED,4,RRPCM,UT,Utah,TOTAL,All students,1,All students,219.323655324309,1,0
1715,2024,R3,2024,1,Grade 4,SD:SD,RED,4,RRPCM,UT,Utah,TOTAL,All students,1,All students,41.2948587365777,1,0
1716,2024,R3,2024,1,Grade 4,MN:MN,RED,4,RRPCM,VA,Virginia,TOTAL,All students,1,All students,214.105878066384,1,0
1717,2024,R3,2024,1,Grade 4,SD:SD,RED,4,RRPCM,VA,Virginia,TOTAL,All students,1,All students,41.8619690320965,1,0
1718,2024,R3,2024,1,Grade 4,MN:MN,RED,4,RRPCM,VT,Vermont,TOTAL,All students,1,All students,212.685018123322,1,0
1719,2024,R3,2024,1,Grade 4,SD:SD,RED,4,RRPCM,VT,Vermont,TOTAL,All students,1,All students,42.3207746156796,1,0
1720,2024,R3,2024,1,Grade 4,MN:MN,RED,4,RRPCM,WA,Washington,TOTAL,All students,1,All students,215.715249116431,1,0
1721,2024,R3,2024,1,Grade 4,SD:SD,RED,4,RRPCM,WA,Washington,TOTAL,All students,1,All students,41.6710250412333,1,0
1722,2024,R3,2024,1,Grade 4,MN:MN,RED,4,RRPCM,WI,Wisconsin,TOTAL,All students,1,All students,215.316172837383,1,0
1723,2024,R3,2024,1,Grade 4,SD:SD,RED,4,RRPCM,WI,Wisconsin,TOTAL,All students,1,All students,40.8687495531081,1,0
1724,2024,R3,2024,1,Grade 4,MN:MN,RED,4,RRPCM,WV,West Virginia,TOTAL,All students,1,All students,205.869976709566,1,0
1725,2024,R3,2024,1,Grade 4,SD:SD,RED,4,RRPCM,WV,West Virginia,TOTAL,All students,1,All students,42.7324411088547,1,0
1726,2024,R3,2024,1,Grade 4,MN:MN,RED,4,RRPCM,WY,Wyoming,TOTAL,All students,1,All students,221.942661544784,1,0
1727,2024,R3,2024,1,Grade 4,SD:SD,RED,4,RRPCM,WY,Wyoming,TOTAL,All students,1,All students,36.8738708251965,1,0
0,1992,R2,1992&#185;,2,Grade 8,MN:MN,RED,8,RRPCM,AK,Alaska,TOTAL,All students,1,All students,999.0,0,328
1,1992,R2,1992&#185;,2,Grade 8,SD:SD,RED,8,RRPCM,AK,Alaska,TOTAL,All students,1,All students,999.0,0,328
2,1992,R2,1992&#185;,2,Grade 8,MN:MN,RED,8,RRPCM,AL,Alabama,TOTAL,All students,1,All students,999.0,0,328
3,1992,R2,1992&#185;,2,Grade 8,SD:SD,RED,8,RRPCM,AL,Alabama,TOTAL,All students,1,All students,999.0,0,328
4,1992,R2,1992&#185;,2,Grade 8,MN:MN,RED,8,RRPCM,AR,Arkansas,TOTAL,All students,1,All students,999.0,0,328
5,1992,R2,1992&#185;,2,Grade 8,SD:SD,RED,8,RRPCM,AR,Arkansas,TOTAL,All students,1,All students,999.0,0,328
6,1992,R2,1992&#185;,2,Grade 8,MN:MN,RED,8,RRPCM,AZ,Arizona,TOTAL,All students,1,All students,999.0,0,328
7,1992,R2,1992&#185;,2,Grade 8,SD:SD,RED,8,RRPCM,AZ,Arizona,TOTAL,All students,1,All students,999.0,0,328
8,1992,R2,1992&#185;,2,Grade 8,MN:MN,RED,8,RRPCM,CA,California,TOTAL,All students,1,All students,999.0,0,328
9,1992,R2,1992&#185;,2,Grade 8,SD:SD,RED,8,RRPCM,CA,California,TOTAL,All students,1,All students,999.0,0,328
10,1992,R2,1992&#185;,2,Grade 8,MN:MN,RED,8,RRPCM,CO,Colorado,TOTAL,All students,1,All students,999.0,0,328
11,1992,R2,1992&#185;,2,Grade 8,SD:SD,RED,8,RRPCM,CO,Colorado,TOTAL,All students,1,All students,999.0,0,328
12,1992,R2,1992&#185;,2,Grade 8,MN:MN,RED,8,RRPCM,CT,Connecticut,TOTAL,All students,1,All students,999.0,0,328
13,1992,R2,1992&#185;,2,Grade 8,SD:SD,RED,8,RRPCM,CT,Connecticut,TOTAL,All students,1,All students,999.0,0,328
14,1992,R2,1992&#185;,2,Grade 8,MN:MN,RED,8,RRPCM,DC,District of Columbia,TOTAL,All students,1,All students,999.0,0,328
15,1992,R2,1992&#185;,2,Grade 8,SD:SD,RED,8,RRPCM,DC,District of Columbia,TOTAL,All students,1,All students,999.0,0,328
16,1992,R2,1992&#185;,2,Grade 8,MN:MN,RED,8,RRPCM,DE,Delaware,TOTAL,All students,1,All students,999.0,0,328
17,1992,R2,1992&#185;,2,Grade 8,SD:SD,RED,8,RRPCM,DE,Delaware,TOTAL,All students,1,All students,999.0,0,328
18,1992,R2,1992&#185;,2,Grade 8,MN:MN,RED,8,RRPCM,FL,Florida,TOTAL,All students,1,All students,999.0,0,328
19,1992,R2,1992&#185;,2,Grade 8,SD:SD,RED,8,RRPCM,FL,Florida,TOTAL,All students,1,All students,999.0,0,328
20,1992,R2,1992&#185;,2,Grade 8,MN:MN,RED,8,RRPCM,GA,Georgia,TOTAL,All students,1,All students,999.0,0,328
21,1992,R2,1992&#185;,2,Grade 8,SD:SD,RED,8,RRPCM,GA,Georgia,TOTAL,All students,1,All students,999.0,0,328
22,1992,R2,1992&#185;,2,Grade 8,MN:MN,RED,8,RRPCM,HI,Hawaii,TOTAL,All students,1,All students,999.0,0,328
23,1992,R2,1992&#185;,2,Grade 8,SD:SD,RED,8,RRPCM,HI,Hawaii,TOTAL,All students,1,All students,999.0,0,328
24,1992,R2,1992&#185;,2,Grade 8,MN:MN,RED,8,RRPCM,IA,Iowa,TOTAL,All students,1,All students,999.0,0,328
25,1992,R2,1992&#185;,2,Grade 8,SD:SD,RED,8,RRPCM,IA,Iowa,TOTAL,All students,1,All students,999.0,0,328
26,1992,R2,1992&#185;,2,Grade 8,MN:MN,RED,8,RRPCM,ID,Idaho,TOTAL,All students,1,All students,999.0,0,328
27,1992,R2,1992&#185;,2,Grade 8,SD:SD,RED,8,RRPCM,ID,Idaho,TOTAL,All students,1,All students,999.0,0,328
28,1992,R2,1992&#185;,2,Grade 8,MN:MN,RED,8,RRPCM,IL,Illinois,TOTAL,All students,1,All students,999.0,0,328
29,1992,R2,1992&#185;,2,Grade 8,SD:SD,RED,8,RRPCM,IL,Illinois,TOTAL,All students,1,All students,999.0,0,328
30,1992,R2,1992&#185;,2,Grade 8,MN:MN,RED,8,RRPCM,IN,Indiana,TOTAL,All students,1,All students,999.0,0,328
31,1992,R2,1992&#185;,2,Grade 8,SD:SD,RED,8,RRPCM,IN,Indiana,TOTAL,All students,1,All students,999.0,0,328
32,1992,R2,1992&#185;,2,Grade 8,MN:MN,RED,8,RRPCM,KS,Kansas,TOTAL,All students,1,All students,999.0,0,328
33,1992,R2,1992&#185;,2,Grade 8,SD:SD,RED,8,RRPCM,KS,Kansas,TOTAL,All students,1,All students,999.0,0,328
34,1992,R2,1992&#185;,2,Grade 8,MN:MN,RED,8,RRPCM,KY,Kentucky,TOTAL,All students,1,All students,999.0,0,328
35,1992,R2,1992&#185;,2,Grade 8,SD:SD,RED,8,RRPCM,KY,Kentucky,TOTAL,All students,1,All students,999.0,0,328
36,1992,R2,1992&#185;,2,Grade 8,MN:MN,RED,8,RRPCM,LA,Louisiana,TOTAL,All students,1,All students,999.0,0,328
37,1992,R2,1992&#185;,2,Grade 8,SD:SD,RED,8,RRPCM,LA,Louisiana,TOTAL,All students,1,All students,999.0,0,328
38,1992,R2,1992&#185;,2,Grade 8,MN:MN,RED,8,RRPCM,MA,Massachusetts,TOTAL,All students,1,All students,999.0,0,328
39,1992,R2,1992&#185;,2,Grade 8,SD:SD,RED,8,RRPCM,MA,Massachusetts,TOTAL,All students,1,All students,999.0,0,328
40,1992,R2,1992&#185;,2,Grade 8,MN:MN,RED,8,RRPCM,MD,Maryland,TOTAL,All students,1,All students,999.0,0,328
41,1992,R2,1992&#185;,2,Grade 8,SD:SD,RED,8,RRPCM,MD,Maryland,TOTAL,All students,1,All students,999.0,0,328
42,1992,R2,1992&#185;,2,Grade 8,MN:MN,RED,8,RRPCM,ME,Maine,TOTAL,All students,1,All students,999.0,0,328
43,1992,R2,1992&#185;,2,Grade 8,SD:SD,RED,8,RRPCM,ME,Maine,TOTAL,All students,1,All students,999.0,0,328
44,1992,R2,1992&#185;,2,Grade 8,MN:MN,RED,8,RRPCM,MI,Michigan,TOTAL,All students,1,All students,999.0,0,328
45,1992,R2,1992&#185;,2,Grade 8,SD:SD,RED,8,RRPCM,MI,Michigan,TOTAL,All students,1,All students,999.0,0,328
46,1992,R2,1992&#185;,2,Grade 8,MN:MN,RED,8,RRPCM,MN,Minnesota,TOTAL,All students,1,All students,999.0,0,328
47,1992,R2,1992&#185;,2,Grade 8,SD:SD,RED,8,RRPCM,MN,Minnesota,TOTAL,All students,1,All students,999.0,0,328
48,1992,R2,1992&#185;,2,Grade 8,MN:MN,RED,8,RRPCM,MO,Missouri,TOTAL,All students,1,All students,999.0,0,328
49,1992,R2,1992&#185;,2,Grade 8,SD:SD,RED,8,RRPCM,MO,Missouri,TOTAL,All students,1,All students,999.0,0,328
50,1992,R2,1992&#185;,2,Grade 8,MN:MN,RED,8,RRPCM,MS,Mississippi,TOTAL,All students,1,All students,999.0,0,328
51,1992,R2,1992&#185;,2,Grade 8,SD:SD,RED,8,RRPCM,MS,Mississippi,TOTAL,All students,1,All students,999.0,0,328
52,1992,R2,1992&#185;,2,Grade 8,MN:MN,RED,8,RRPCM,MT,Montana,TOTAL,All students,1,All students,999.0,0,328
53,1992,R2,1992&#185;,2,Grade 8,SD:SD,RED,8,RRPCM,MT,Montana,TOTAL,All students,1,All students,999.0,0,328
54,1992,R2,1992&#185;,2,Grade 8,MN:MN,RED,8,RRPCM,NC,North Carolina,TOTAL,All students,1,All students,999.0,0,328
55,1992,R2,1992&#185;,2,Grade 8,SD:SD,RED,8,RRPCM,NC,North Carolina,TOTAL,All students,1,All students,999.0,0,328
56,1992,R2,1992&#185;,2,Grade 8,MN:MN,RED,8,RRPCM,ND,North Dakota,TOTAL,All students,1,All students,999.0,0,328
57,1992,R2,1992&#185;,2,Grade 8,SD:SD,RED,8,RRPCM,ND,North Dakota,TOTAL,All students,1,All students,999.0,0,328
58,1992,R2,1992&#185;,2,Grade 8,MN:MN,RED,8,RRPCM,NE,Nebraska,TOTAL,All students,1,All students,999.0,0,328
59,1992,R2,1992&#185;,2,Grade 8,SD:SD,RED,8,RRPCM,NE,Nebraska,TOTAL,All students,1,All students,999.0,0,328
60,1992,R2,1992&#185;,2,Grade 8,MN:MN,RED,8,RRPCM,NH,New Hampshire,TOTAL,All students,1,All students,999.0,0,328
61,1992,R2,1992&#185;,2,Grade 8,SD:SD,RED,8,RRPCM,NH,New Hampshire,TOTAL,All students,1,All students,999.0,0,328
62,1992,R2,1992&#185;,2,Grade 8,MN:MN,RED,8,RRPCM,NJ,New Jersey,TOTAL,All students,1,All students,999.0,0,328
63,1992,R2,1992&#185;,2,Grade 8,SD:SD,RED,8,RRPCM,NJ,New Jersey,TOTAL,All students,1,All students,999.0,0,328
64,1992,R2,1992&#185;,2,Grade 8,MN:MN,RED,8,RRPCM,NM,New Mexico,TOTAL,All students,1,All students,999.0,0,328
65,1992,R2,1992&#185;,2,Grade 8,SD:SD,RED,8,RRPCM,NM,New Mexico,TOTAL,All students,1,All students,999.0,0,328
66,1992,R2,1992&#185;,2,Grade 8,MN:MN,RED,8,RRPCM,NP,National public,TOTAL,All students,1,All students,257.881631363802,1,8
67,1992,R2,1992&#185;,2,Grade 8,SD:SD,RED,8,RRPCM,NP,National public,TOTAL,All students,1,All students,35.7051826899493,1,8
68,1992,R2,1992&#185;,2,Grade 8,MN:MN,RED,8,RRPCM,NR,National private,TOTAL,All students,1,All students,278.261875078365,1,8
69,1992,R2,1992&#185;,2,Grade 8,SD:SD,RED,8,RRPCM,NR,National private,TOTAL,All students,1,All students,32.0697094648726,1,8
70,1992,R2,1992&#185;,2,Grade 8,MN:MN,RED,8,RRPCM,NT,National,TOTAL,All students,1,All students,260.037676237691,1,8
71,1992,R2,1992&#185;,2,Grade 8,SD:SD,RED,8,RRPCM,NT,National,TOTAL,All students,1,All students,35.8900537867962,1,8
72,1992,R2,1992&#185;,2,Grade 8,MN:MN,RED,8,RRPCM,NV,Nevada,TOTAL,All students,1,All students,999.0,0,328
73,1992,R2,1992&#185;,2,Grade 8,SD:SD,RED,8,RRPCM,NV,Nevada,TOTAL,All students,1,All students,999.0,0,328
74,1992,R2,1992&#185;,2,Grade 8,MN:MN,RED,8,RRPCM,NY,New York,TOTAL,All students,1,All students,999.0,0,328
75,1992,R2,1992&#185;,2,Grade 8,SD:SD,RED,8,RRPCM,NY,New York,TOTAL,All students,1,All students,999.0,0,328
76,1992,R2,1992&#185;,2,Grade 8,MN:MN,RED,8,RRPCM,OH,Ohio,TOTAL,All students,1,All students,999.0,0,328
77,1992,R2,1992&#185;,2,Grade 8,SD:SD,RED,8,RRPCM,OH,Ohio,TOTAL,All students,1,All students,999.0,0,328
78,1992,R2,1992&#185;,2,Grade 8,MN:MN,RED,8,RRPCM,OK,Oklahoma,TOTAL,All students,1,All students,999.0,0,328
79,1992,R2,1992&#185;,2,Grade 8,SD:SD,RED,8,RRPCM,OK,Oklahoma,TOTAL,All students,1,All students,999.0,0,328
80,1992,R2,1992&#185;,2,Grade 8,MN:MN,RED,8,RRPCM,OR,Oregon,TOTAL,All students,1,All students,999.0,0,328
81,1992,R2,1992&#185;,2,Grade 8,SD:SD,RED,8,RRPCM,OR,Oregon,TOTAL,All students,1,All students,999.0,0,328
82,1992,R2,1992&#185;,2,Grade 8,MN:MN,RED,8,RRPCM,PA,Pennsylvania,TOTAL,All students,1,All students,999.0,0,328
83,1992,R2,1992&#185;,2,Grade 8,SD:SD,RED,8,RRPCM,PA,Pennsylvania,TOTAL,All students,1,All students,999.0,0,328
84,1992,R2,1992&#185;,2,Grade 8,MN:MN,RED,8,RRPCM,RI,Rhode Island,TOTAL,All students,1,All students,999.0,0,328
85,1992,R2,1992&#185;,2,Grade 8,SD:SD,RED,8,RRPCM,RI,Rhode Island,TOTAL,All students,1,All students,999.0,0,328
86,1992,R2,1992&#185;,2,Grade 8,MN:MN,RED,8,RRPCM,SC,South Carolina,TOTAL,All students,1,All students,999.0,0,328
87,1992,R2,1992&#185;,2,Grade 8,SD:SD,RED,8,RRPCM,SC,South Carolina,TOTAL,All students,1,All students,999.0,0,328
88,1992,R2,1992&#185;,2,Grade 8,MN:MN,RED,8,RRPCM,SD,South Dakota,TOTAL,All students,1,All students,999.0,0,328
89,1992,R2,1992&#185;,2,Grade 8,SD:SD,RED,8,RRPCM,SD,South Dakota,TOTAL,All students,1,All students,999.0,0,328
90,1992,R2,1992&#185;,2,Grade 8,MN:MN,RED,8,RRPCM,TN,Tennessee,TOTAL,All students,1,All students,999.0,0,328
91,1992,R2,1992&#185;,2,Grade 8,SD:SD,RED,8,RRPCM,TN,Tennessee,TOTAL,All students,1,All students,999.0,0,328
92,1992,R2,1992&#185;,2,Grade 8,MN:MN,RED,8,RRPCM,TX,Texas,TOTAL,All students,1,All students,999.0,0,328
93,1992,R2,1992&#185;,2,Grade 8,SD:SD,RED,8,RRPCM,TX,Texas,TOTAL,All students,1,All students,999.0,0,328
94,1992,R2,1992&#185;,2,Grade 8,MN:MN,RED,8,RRPCM,UT,Utah,TOTAL,All students,1,All students,999.0,0,328
95,1992,R2,1992&#185;,2,Grade 8,SD:SD,RED,8,RRPCM,UT,Utah,TOTAL,All students,1,All students,999.0,0,328
96,1992,R2,1992&#185;,2,Grade 8,MN:MN,RED,8,RRPCM,VA,Virginia,TOTAL,All students,1,All students,999.0,0,328
97,1992,R2,1992&#185;,2,Grade 8,SD:SD,RED,8,RRPCM,VA,Virginia,TOTAL,All students,1,All students,999.0,0,328
98,1992,R2,1992&#185;,2,Grade 8,MN:MN,RED,8,RRPCM,VT,Vermont,TOTAL,All students,1,All students,999.0,0,328
99,1992,R2,1992&#185;,2,Grade 8,SD:SD,RED,8,RRPCM,VT,Vermont,TOTAL,All students,1,All students,999.0,0,328
100,1992,R2,1992&#185;,2,Grade 8,MN:MN,RED,8,RRPCM,WA,Washington,TOTAL,All students,1,All students,999.0,0,328
101,1992,R2,1992&#185;,2,Grade 8,SD:SD,RED,8,RRPCM,WA,Washington,TOTAL,All students,1,All students,999.0,0,328
102,1992,R2,1992&#185;,2,Grade 8,MN:MN,RED,8,RRPCM,WI,Wisconsin,TOTAL,All students,1,All students,999.0,0,328
103,1992,R2,1992&#185;,2,Grade 8,SD:SD,RED,8,RRPCM,WI,Wisconsin,TOTAL,All students,1,All students,999.0,0,328
104,1992,R2,1992&#185;,2,Grade 8,MN:MN,RED,8,RRPCM,WV,West Virginia,TOTAL,All students,1,All students,999.0,0,328
105,1992,R2,1992&#185;,2,Grade 8,SD:SD,RED,8,RRPCM,WV,West Virginia,TOTAL,All students,1,All students,999.0,0,328
106,1992,R2,1992&#185;,2,Grade 8,MN:MN,RED,8,RRPCM,WY,Wyoming,TOTAL,All students,1,All students,999.0,0,328
107,1992,R2,1992&#185;,2,Grade 8,SD:SD,RED,8,RRPCM,WY,Wyoming,TOTAL,All students,1,All students,999.0,0,328
108,1994,R2,1994&#185;,2,Grade 8,MN:MN,RED,8,RRPCM,AK,Alaska,TOTAL,All students,1,All students,999.0,0,328
109,1994,R2,1994&#185;,2,Grade 8,SD:SD,RED,8,RRPCM,AK,Alaska,TOTAL,All students,1,All students,999.0,0,328
110,1994,R2,1994&#185;,2,Grade 8,MN:MN,RED,8,RRPCM,AL,Alabama,TOTAL,All students,1,All students,999.0,0,328
111,1994,R2,1994&#185;,2,Grade 8,SD:SD,RED,8,RRPCM,AL,Alabama,TOTAL,All students,1,All students,999.0,0,328
112,1994,R2,1994&#185;,2,Grade 8,MN:MN,RED,8,RRPCM,AR,Arkansas,TOTAL,All students,1,All students,999.0,0,328
113,1994,R2,1994&#185;,2,Grade 8,SD:SD,RED,8,RRPCM,AR,Arkansas,TOTAL,All students,1,All students,999.0,0,328
114,1994,R2,1994&#185;,2,Grade 8,MN:MN,RED,8,RRPCM,AZ,Arizona,TOTAL,All students,1,All students,999.0,0,328
115,1994,R2,1994&#185;,2,Grade 8,SD:SD,RED,8,RRPCM,AZ,Arizona,TOTAL,All students,1,All students,999.0,0,328
116,1994,R2,1994&#185;,2,Grade 8,MN:MN,RED,8,RRPCM,CA,California,TOTAL,All students,1,All students,999.0,0,328
117,1994,R2,1994&#185;,2,Grade 8,SD:SD,RED,8,RRPCM,CA,California,TOTAL,All students,1,All students,999.0,0,328
118,1994,R2,1994&#185;,2,Grade 8,MN:MN,RED,8,RRPCM,CO,Colorado,TOTAL,All students,1,All students,999.0,0,328
119,1994,R2,1994&#185;,2,Grade 8,SD:SD,RED,8,RRPCM,CO,Colorado,TOTAL,All students,1,All students,999.0,0,328
120,1994,R2,1994&#185;,2,Grade 8,MN:MN,RED,8,RRPCM,CT,Connecticut,TOTAL,All students,1,All students,999.0,0,328
121,1994,R2,1994&#185;,2,Grade 8,SD:SD,RED,8,RRPCM,CT,Connecticut,TOTAL,All students,1,All students,999.0,0,328
122,1994,R2,1994&#185;,2,Grade 8,MN:MN,RED,8,RRPCM,DC,District of Columbia,TOTAL,All students,1,All students,999.0,0,328
123,1994,R2,1994&#185;,2,Grade 8,SD:SD,RED,8,RRPCM,DC,District of Columbia,TOTAL,All students,1,All students,999.0,0,328
124,1994,R2,1994&#185;,2,Grade 8,MN:MN,RED,8,RRPCM,DE,Delaware,TOTAL,All students,1,All students,999.0,0,328
125,1994,R2,1994&#185;,2,Grade 8,SD:SD,RED,8,RRPCM,DE,Delaware,TOTAL,All students,1,All students,999.0,0,328
126,1994,R2,1994&#185;,2,Grade 8,MN:MN,RED,8,RRPCM,FL,Florida,TOTAL,All students,1,All students,999.0,0,328
127,1994,R2,1994&#185;,2,Grade 8,SD:SD,RED,8,RRPCM,FL,Florida,TOTAL,All students,1,All students,999.0,0,328
128,1994,R2,1994&#185;,2,Grade 8,MN:MN,RED,8,RRPCM,GA,Georgia,TOTAL,All students,1,All students,999.0,0,328
129,1994,R2,1994&#185;,2,Grade 8,SD:SD,RED,8,RRPCM,GA,Georgia,TOTAL,All students,1,All students,999.0,0,328
130,1994,R2,1994&#185;,2,Grade 8,MN:MN,RED,8,RRPCM,HI,Hawaii,TOTAL,All students,1,All students,999.0,0,328
131,1994,R2,1994&#185;,2,Grade 8,SD:SD,RED,8,RRPCM,HI,Hawaii,TOTAL,All students,1,All students,999.0,0,328
132,1994,R2,1994&#185;,2,Grade 8,MN:MN,RED,8,RRPCM,IA,Iowa,TOTAL,All students,1,All students,999.0,0,328
133,1994,R2,1994&#185;,2,Grade 8,SD:SD,RED,8,RRPCM,IA,Iowa,TOTAL,All students,1,All students,999.0,0,328
134,1994,R2,1994&#185;,2,Grade 8,MN:MN,RED,8,RRPCM,ID,Idaho,TOTAL,All students,1,All students,999.0,0,328
135,1994,R2,1994&#185;,2,Grade 8,SD:SD,RED,8,RRPCM,ID,Idaho,TOTAL,All students,1,All students,999.0,0,328
136,1994,R2,1994&#185;,2,Grade 8,MN:MN,RED,8,RRPCM,IL,Illinois,TOTAL,All students,1,All students,999.0,0,328
137,1994,R2,1994&#185;,2,Grade 8,SD:SD,RED,8,RRPCM,IL,Illinois,TOTAL,All students,1,All students,999.0,0,328
138,1994,R2,1994&#185;,2,Grade 8,MN:MN,RED,8,RRPCM,IN,Indiana,TOTAL,All students,1,All students,999.0,0,328
139,1994,R2,1994&#185;,2,Grade 8,SD:SD,RED,8,RRPCM,IN,Indiana,TOTAL,All students,1,All students,999.0,0,328
140,1994,R2,1994&#185;,2,Grade 8,MN:MN,RED,8,RRPCM,KS,Kansas,TOTAL,All students,1,All students,999.0,0,328
141,1994,R2,1994&#185;,2,Grade 8,SD:SD,RED,8,RRPCM,KS,Kansas,TOTAL,All students,1,All students,999.0,0,328
142,1994,R2,1994&#185;,2,Grade 8,MN:MN,RED,8,RRPCM,KY,Kentucky,TOTAL,All students,1,All students,999.0,0,328
143,1994,R2,1994&#185;,2,Grade 8,SD:SD,RED,8,RRPCM,KY,Kentucky,TOTAL,All students,1,All students,999.0,0,328
144,1994,R2,1994&#185;,2,Grade 8,MN:MN,RED,8,RRPCM,LA,Louisiana,TOTAL,All students,1,All students,999.0,0,328
145,1994,R2,1994&#185;,2,Grade 8,SD:SD,RED,8,RRPCM,LA,Louisiana,TOTAL,All students,1,All students,999.0,0,328
146,1994,R2,1994&#185;,2,Grade 8,MN:MN,RED,8,RRPCM,MA,Massachusetts,TOTAL,All students,1,All students,999.0,0,328
147,1994,R2,1994&#185;,2,Grade 8,SD:SD,RED,8,RRPCM,MA,Massachusetts,TOTAL,All students,1,All students,999.0,0,328
148,1994,R2,1994&#185;,2,Grade 8,MN:MN,RED,8,RRPCM,MD,Maryland,TOTAL,All students,1,All students,999.0,0,328
149,1994,R2,1994&#185;,2,Grade 8,SD:SD,RED,8,RRPCM,MD,Maryland,TOTAL,All students,1,All students,999.0,0,328
150,1994,R2,1994&#185;,2,Grade 8,MN:MN,RED,8,RRPCM,ME,Maine,TOTAL,All students,1,All students,999.0,0,328
151,1994,R2,1994&#185;,2,Grade 8,SD:SD,RED,8,RRPCM,ME,Maine,TOTAL,All students,1,All students,999.0,0,328
152,1994,R2,1994&#185;,2,Grade 8,MN:MN,RED,8,RRPCM,MI,Michigan,TOTAL,All students,1,All students,999.0,0,328
153,1994,R2,1994&#185;,2,Grade 8,SD:SD,RED,8,RRPCM,MI,Michigan,TOTAL,All students,1,All students,999.0,0,328
154,1994,R2,1994&#185;,2,Grade 8,MN:MN,RED,8,RRPCM,MN,Minnesota,TOTAL,All students,1,All students,999.0,0,328
155,1994,R2,1994&#185;,2,Grade 8,SD:SD,RED,8,RRPCM,MN,Minnesota,TOTAL,All students,1,All students,999.0,0,328
156,1994,R2,1994&#185;,2,Grade 8,MN:MN,RED,8,RRPCM,MO,Missouri,TOTAL,All students,1,All students,999.0,0,328
157,1994,R2,1994&#185;,2,Grade 8,SD:SD,RED,8,RRPCM,MO,Missouri,TOTAL,All students,1,All students,999.0,0,328
158,1994,R2,1994&#185;,2,Grade 8,MN:MN,RED,8,RRPCM,MS,Mississippi,TOTAL,All students,1,All students,999.0,0,328
159,1994,R2,1994&#185;,2,Grade 8,SD:SD,RED,8,RRPCM,MS,Mississippi,TOTAL,All students,1,All students,999.0,0,328
160,1994,R2,1994&#185;,2,Grade 8,MN:MN,RED,8,RRPCM,MT,Montana,TOTAL,All students,1,All students,999.0,0,328
161,1994,R2,1994&#185;,2,Grade 8,SD:SD,RED,8,RRPCM,MT,Montana,TOTAL,All students,1,All students,999.0,0,328
162,1994,R2,1994&#185;,2,Grade 8,MN:MN,RED,8,RRPCM,NC,North Carolina,TOTAL,All students,1,All students,999.0,0,328
163,1994,R2,1994&#185;,2,Grade 8,SD:SD,RED,8,RRPCM,NC,North Carolina,TOTAL,All students,1,All students,999.0,0,328
164,1994,R2,1994&#185;,2,Grade 8,MN:MN,RED,8,RRPCM,ND,North Dakota,TOTAL,All students,1,All students,999.0,0,328
165,1994,R2,1994&#185;,2,Grade 8,SD:SD,RED,8,RRPCM,ND,North Dakota,TOTAL,All students,1,All students,999.0,0,328
166,1994,R2,1994&#185;,2,Grade 8,MN:MN,RED,8,RRPCM,NE,Nebraska,TOTAL,All students,1,All students,999.0,0,328
167,1994,R2,1994&#185;,2,Grade 8,SD:SD,RED,8,RRPCM,NE,Nebraska,TOTAL,All students,1,All students,999.0,0,328
168,1994,R2,1994&#185;,2,Grade 8,MN:MN,RED,8,RRPCM,NH,New Hampshire,TOTAL,All students,1,All students,999.0,0,328
169,1994,R2,1994&#185;,2,Grade 8,SD:SD,RED,8,RRPCM,NH,New Hampshire,TOTAL,All students,1,All students,999.0,0,328
170,1994,R2,1994&#185;,2,Grade 8,MN:MN,RED,8,RRPCM,NJ,New Jersey,TOTAL,All students,1,All students,999.0,0,328
171,1994,R2,1994&#185;,2,Grade 8,SD:SD,RED,8,RRPCM,NJ,New Jersey,TOTAL,All students,1,All students,999.0,0,328
172,1994,R2,1994&#185;,2,Grade 8,MN:MN,RED,8,RRPCM,NM,New Mexico,TOTAL,All students,1,All students,999.0,0,328
173,1994,R2,1994&#185;,2,Grade 8,SD:SD,RED,8,RRPCM,NM,New Mexico,TOTAL,All students,1,All students,999.0,0,328
174,1994,R2,1994&#185;,2,Grade 8,MN:MN,RED,8,RRPCM,NP,National public,TOTAL,All students,1,All students,257.301498330658,1,8
175,1994,R2,1994&#185;,2,Grade 8,SD:SD,RED,8,RRPCM,NP,National public,TOTAL,All students,1,All students,36.7903316606853,1,8
176,1994,R2,1994&#185;,2,Grade 8,MN:MN,RED,8,RRPCM,NR,National private,TOTAL,All students,1,All students,279.303113625244,1,8
177,1994,R2,1994&#185;,2,Grade 8,SD:SD,RED,8,RRPCM,NR,National private,TOTAL,All students,1,All students,29.8226230160291,1,8
178,1994,R2,1994&#185;,2,Grade 8,MN:MN,RED,8,RRPCM,NT,National,TOTAL,All students,1,All students,259.643122329506,1,8
179,1994,R2,1994&#185;,2,Grade 8,SD:SD,RED,8,RRPCM,NT,National,TOTAL,All students,1,All students,36.7452592827593,1,8
180,1994,R2,1994&#185;,2,Grade 8,MN:MN,RED,8,RRPCM,NV,Nevada,TOTAL,All students,1,All students,999.0,0,328
181,1994,R2,1994&#185;,2,Grade 8,SD:SD,RED,8,RRPCM,NV,Nevada,TOTAL,All students,1,All students,999.0,0,328
182,1994,R2,1994&#185;,2,Grade 8,MN:MN,RED,8,RRPCM,NY,New York,TOTAL,All students,1,All students,999.0,0,328
183,1994,R2,1994&#185;,2,Grade 8,SD:SD,RED,8,RRPCM,NY,New York,TOTAL,All students,1,All students,999.0,0,328
184,1994,R2,1994&#185;,2,Grade 8,MN:MN,RED,8,RRPCM,OH,Ohio,TOTAL,All students,1,All students,999.0,0,328
185,1994,R2,1994&#185;,2,Grade 8,SD:SD,RED,8,RRPCM,OH,Ohio,TOTAL,All students,1,All students,999.0,0,328
186,1994,R2,1994&#185;,2,Grade 8,MN:MN,RED,8,RRPCM,OK,Oklahoma,TOTAL,All students,1,All students,999.0,0,328
187,1994,R2,1994&#185;,2,Grade 8,SD:SD,RED,8,RRPCM,OK,Oklahoma,TOTAL,All students,1,All students,999.0,0,328
188,1994,R2,1994&#185;,2,Grade 8,MN:MN,RED,8,RRPCM,OR,Oregon,TOTAL,All students,1,All students,999.0,0,328
189,1994,R2,1994&#185;,2,Grade 8,SD:SD,RED,8,RRPCM,OR,Oregon,TOTAL,All students,1,All students,999.0,0,328
190,1994,R2,1994&#185;,2,Grade 8,MN:MN,RED,8,RRPCM,PA,Pennsylvania,TOTAL,All students,1,All students,999.0,0,328
191,1994,R2,1994&#185;,2,Grade 8,SD:SD,RED,8,RRPCM,PA,Pennsylvania,TOTAL,All students,1,All students,999.0,0,328
192,1994,R2,1994&#185;,2,Grade 8,MN:MN,RED,8,RRPCM,RI,Rhode Island,TOTAL,All students,1,All students,999.0,0,328
193,1994,R2,1994&#185;,2,Grade 8,SD:SD,RED,8,RRPCM,RI,Rhode Island,TOTAL,All students,1,All students,999.0,0,328
194,1994,R2,1994&#185;,2,Grade 8,MN:MN,RED,8,RRPCM,SC,South Carolina,TOTAL,All students,1,All students,999.0,0,328
195,1994,R2,1994&#185;,2,Grade 8,SD:SD,RED,8,RRPCM,SC,South Carolina,TOTAL,All students,1,All students,999.0,0,328
196,1994,R2,1994&#185;,2,Grade 8,MN:MN,RED,8,RRPCM,SD,South Dakota,TOTAL,All students,1,All students,999.0,0,328
197,1994,R2,1994&#185;,2,Grade 8,SD:SD,RED,8,RRPCM,SD,South Dakota,TOTAL,All students,1,All students,999.0,0,328
198,1994,R2,1994&#185;,2,Grade 8,MN:MN,RED,8,RRPCM,TN,Tennessee,TOTAL,All students,1,All students,999.0,0,328
199,1994,R2,1994&#185;,2,Grade 8,SD:SD,RED,8,RRPCM,TN,Tennessee,TOTAL,All students,1,All students,999.0,0,328
200,1994,R2,1994&#185;,2,Grade 8,MN:MN,RED,8,RRPCM,TX,Texas,TOTAL,All students,1,All students,999.0,0,328
201,1994,R2,1994&#185;,2,Grade 8,SD:SD,RED,8,RRPCM,TX,Texas,TOTAL,All students,1,All students,999.0,0,328
202,1994,R2,1994&#185;,2,Grade 8,MN:MN,RED,8,RRPCM,UT,Utah,TOTAL,All students,1,All students,999.0,0,328
203,1994,R2,1994&#185;,2,Grade 8,SD:SD,RED,8,RRPCM,UT,Utah,TOTAL,All students,1,All students,999.0,0,328
204,1994,R2,1994&#185;,2,Grade 8,MN:MN,RED,8,RRPCM,VA,Virginia,TOTAL,All students,1,All students,999.0,0,328
205,1994,R2,1994&#185;,2,Grade 8,SD:SD,RED,8,RRPCM,VA,Virginia,TOTAL,All students,1,All students,999.0,0,328
206,1994,R2,1994&#185;,2,Grade 8,MN:MN,RED,8,RRPCM,VT,Vermont,TOTAL,All students,1,All students,999.0,0,328
207,1994,R2,1994&#185;,2,Grade 8,SD:SD,RED,8,RRPCM,VT,Vermont,TOTAL,All students,1,All students,999.0,0,328
208,1994,R2,1994&#185;,2,Grade 8,MN:MN,RED,8,RRPCM,WA,Washington,TOTAL,All students,1,All students,999.0,0,328
209,1994,R2,1994&#185;,2,Grade 8,SD:SD,RED,8,RRPCM,WA,Washington,TOTAL,All students,1,All students,999.0,0,328
210,1994,R2,1994&#185;,2,Grade 8,MN:MN,RED,8,RRPCM,WI,Wisconsin,TOTAL,All students,1,All students,999.0,0,328
211,1994,R2,1994&#185;,2,Grade 8,SD:SD,RED,8,RRPCM,WI,Wisconsin,TOTAL,All students,1,All students,999.0,0,328
212,1994,R2,1994&#185;,2,Grade 8,MN:MN,RED,8,RRPCM,WV,West Virginia,TOTAL,All students,1,All students,999.0,0,328
213,1994,R2,1994&#185;,2,Grade 8,SD:SD,RED,8,RRPCM,WV,West Virginia,TOTAL,All students,1,All students,999.0,0,328
214,1994,R2,1994&#185;,2,Grade 8,MN:MN,RED,8,RRPCM,WY,Wyoming,TOTAL,All students,1,All students,999.0,0,328
215,1994,R2,1994&#185;,2,Grade 8,SD:SD,RED,8,RRPCM,WY,Wyoming,TOTAL,All students,1,All students,999.0,0,328
216,1998,R3,1998,2,Grade 8,MN:MN,RED,8,RRPCM,AK,Alaska,TOTAL,All students,1,All students,999.0,0,320
217,1998,R3,1998,2,Grade 8,SD:SD,RED,8,RRPCM,AK,Alaska,TOTAL,All students,1,All students,999.0,0,320
218,1998,R3,1998,2,Grade 8,MN:MN,RED,8,RRPCM,AL,Alabama,TOTAL,All students,1,All students,255.036152377497,1,0
219,1998,R3,1998,2,Grade 8,SD:SD,RED,8,RRPCM,AL,Alabama,TOTAL,All students,1,All students,32.8324063434327,1,0
220,1998,R3,1998,2,Grade 8,MN:MN,RED,8,RRPCM,AR,Arkansas,TOTAL,All students,1,All students,256.002413068545,1,0
221,1998,R3,1998,2,Grade 8,SD:SD,RED,8,RRPCM,AR,Arkansas,TOTAL,All students,1,All students,34.3122832934879,1,0
222,1998,R3,1998,2,Grade 8,MN:MN,RED,8,RRPCM,AZ,Arizona,TOTAL,All students,1,All students,259.954719407495,1,0
223,1998,R3,1998,2,Grade 8,SD:SD,RED,8,RRPCM,AZ,Arizona,TOTAL,All students,1,All students,31.8765639681954,1,0
224,1998,R3,1998,2,Grade 8,MN:MN,RED,8,RRPCM,CA,California,TOTAL,All students,1,All students,252.332229503452,1,0
225,1998,R3,1998,2,Grade 8,SD:SD,RED,8,RRPCM,CA,California,TOTAL,All students,1,All students,34.2952532093798,1,0
226,1998,R3,1998,2,Grade 8,MN:MN,RED,8,RRPCM,CO,Colorado,TOTAL,All students,1,All students,263.642216606257,1,0
227,1998,R3,1998,2,Grade 8,SD:SD,RED,8,RRPCM,CO,Colorado,TOTAL,All students,1,All students,31.8067000957178,1,0
228,1998,R3,1998,2,Grade 8,MN:MN,RED,8,RRPCM,CT,Connecticut,TOTAL,All students,1,All students,270.467913010395,1,0
229,1998,R3,1998,2,Grade 8,SD:SD,RED,8,RRPCM,CT,Connecticut,TOTAL,All students,1,All students,31.9890320546592,1,0
230,1998,R3,1998,2,Grade 8,MN:MN,RED,8,RRPCM,DC,District of Columbia,TOTAL,All students,1,All students,235.730444365736,1,0
231,1998,R3,1998,2,Grade 8,SD:SD,RED,8,RRPCM,DC,District of Columbia,TOTAL,All students,1,All students,39.200340354554,1,0
232,1998,R3,1998,2,Grade 8,MN:MN,RED,8,RRPCM,DE,Delaware,TOTAL,All students,1,All students,253.721489866001,1,0
233,1998,R3,1998,2,Grade 8,SD:SD,RED,8,RRPCM,DE,Delaware,TOTAL,All students,1,All students,36.681063156873,1,0
234,1998,R3,1998,2,Grade 8,MN:MN,RED,8,RRPCM,FL,Florida,TOTAL,All students,1,All students,254.547250344452,1,0
235,1998,R3,1998,2,Grade 8,SD:SD,RED,8,RRPCM,FL,Florida,TOTAL,All students,1,All students,34.8471260792973,1,0
236,1998,R3,1998,2,Grade 8,MN:MN,RED,8,RRPCM,GA,Georgia,TOTAL,All students,1,All students,257.227061017969,1,0
237,1998,R3,1998,2,Grade 8,SD:SD,RED,8,RRPCM,GA,Georgia,TOTAL,All students,1,All students,33.7270739549119,1,0
238,1998,R3,1998,2,Grade 8,MN:MN,RED,8,RRPCM,HI,Hawaii,TOTAL,All students,1,All students,248.846620317517,1,0
239,1998,R3,1998,2,Grade 8,SD:SD,RED,8,RRPCM,HI,Hawaii,TOTAL,All students,1,All students,37.0036774067852,1,0
240,1998,R3,1998,2,Grade 8,MN:MN,RED,8,RRPCM,IA,Iowa,TOTAL,All students,1,All students,999.0,0,320
241,1998,R3,1998,2,Grade 8,SD:SD,RED,8,RRPCM,IA,Iowa,TOTAL,All students,1,All students,999.0,0,320
242,1998,R3,1998,2,Grade 8,MN:MN,RED,8,RRPCM,ID,Idaho,TOTAL,All students,1,All students,999.0,0,320
243,1998,R3,1998,2,Grade 8,SD:SD,RED,8,RRPCM,ID,Idaho,TOTAL,All students,1,All students,999.0,0,320
244,1998,R3,1998,2,Grade 8,MN:MN,RED,8,RRPCM,IL,Illinois,TOTAL,All students,1,All students,999.0,0,288
245,1998,R3,1998,2,Grade 8,SD:SD,RED,8,RRPCM,IL,Illinois,TOTAL,All students,1,All students,999.0,0,288
246,1998,R3,1998,2,Grade 8,MN:MN,RED,8,RRPCM,IN,Indiana,TOTAL,All students,1,All students,999.0,0,320
247,1998,R3,1998,2,Grade 8,SD:SD,RED,8,RRPCM,IN,Indiana,TOTAL,All students,1,All students,999.0,0,320
248,1998,R3,1998,2,Grade 8,MN:MN,RED,8,RRPCM,KS,Kansas,TOTAL,All students,1,All students,267.647139717559,1,0
249,1998,R3,1998,2,Grade 8,SD:SD,RED,8,RRPCM,KS,Kansas,TOTAL,All students,1,All students,32.2661191742305,1,0
250,1998,R3,1998,2,Grade 8,MN:MN,RED,8,RRPCM,KY,Kentucky,TOTAL,All students,1,All students,262.306553041109,1,0
251,1998,R3,1998,2,Grade 8,SD:SD,RED,8,RRPCM,KY,Kentucky,TOTAL,All students,1,All students,33.4301737291789,1,0
252,1998,R3,1998,2,Grade 8,MN:MN,RED,8,RRPCM,LA,Louisiana,TOTAL,All students,1,All students,251.503839154305,1,0
253,1998,R3,1998,2,Grade 8,SD:SD,RED,8,RRPCM,LA,Louisiana,TOTAL,All students,1,All students,31.4784482815452,1,0
254,1998,R3,1998,2,Grade 8,MN:MN,RED,8,RRPCM,MA,Massachusetts,TOTAL,All students,1,All students,268.769855547528,1,0
255,1998,R3,1998,2,Grade 8,SD:SD,RED,8,RRPCM,MA,Massachusetts,TOTAL,All students,1,All students,32.398105857696,1,0
256,1998,R3,1998,2,Grade 8,MN:MN,RED,8,RRPCM,MD,Maryland,TOTAL,All students,1,All students,260.96575031522,1,0
257,1998,R3,1998,2,Grade 8,SD:SD,RED,8,RRPCM,MD,Maryland,TOTAL,All students,1,All students,36.6474940310528,1,0
258,1998,R3,1998,2,Grade 8,MN:MN,RED,8,RRPCM,ME,Maine,TOTAL,All students,1,All students,271.414032904181,1,0
259,1998,R3,1998,2,Grade 8,SD:SD,RED,8,RRPCM,ME,Maine,TOTAL,All students,1,All students,32.6521795330347,1,0
260,1998,R3,1998,2,Grade 8,MN:MN,RED,8,RRPCM,MI,Michigan,TOTAL,All students,1,All students,999.0,0,320
261,1998,R3,1998,2,Grade 8,SD:SD,RED,8,RRPCM,MI,Michigan,TOTAL,All students,1,All students,999.0,0,320
262,1998,R3,1998,2,Grade 8,MN:MN,RED,8,RRPCM,MN,Minnesota,TOTAL,All students,1,All students,265.117702488594,1,0
263,1998,R3,1998,2,Grade 8,SD:SD,RED,8,RRPCM,MN,Minnesota,TOTAL,All students,1,All students,35.2716564731247,1,0
264,1998,R3,1998,2,Grade 8,MN:MN,RED,8,RRPCM,MO,Missouri,TOTAL,All students,1,All students,262.336244321986,1,0
265,1998,R3,1998,2,Grade 8,SD:SD,RED,8,RRPCM,MO,Missouri,TOTAL,All students,1,All students,30.879334589185,1,0
266,1998,R3,1998,2,Grade 8,MN:MN,RED,8,RRPCM,MS,Mississippi,TOTAL,All students,1,All students,251.466846872795,1,0
267,1998,R3,1998,2,Grade 8,SD:SD,RED,8,RRPCM,MS,Mississippi,TOTAL,All students,1,All students,32.6400022668777,1,0
268,1998,R3,1998,2,Grade 8,MN:MN,RED,8,RRPCM,MT,Montana,TOTAL,All students,1,All students,270.924927734973,1,0
269,1998,R3,1998,2,Grade 8,SD:SD,RED,8,RRPCM,MT,Montana,TOTAL,All students,1,All students,31.5575156610098,1,0
270,1998,R3,1998,2,Grade 8,MN:MN,RED,8,RRPCM,NC,North Carolina,TOTAL,All students,1,All students,262.305587415392,1,0
271,1998,R3,1998,2,Grade 8,SD:SD,RED,8,RRPCM,NC,North Carolina,TOTAL,All students,1,All students,33.6727872081641,1,0
272,1998,R3,1998,2,Grade 8,MN:MN,RED,8,RRPCM,ND,North Dakota,TOTAL,All students,1,All students,999.0,0,320
273,1998,R3,1998,2,Grade 8,SD:SD,RED,8,RRPCM,ND,North Dakota,TOTAL,All students,1,All students,999.0,0,320
274,1998,R3,1998,2,Grade 8,MN:MN,RED,8,RRPCM,NE,Nebraska,TOTAL,All students,1,All students,999.0,0,320
275,1998,R3,1998,2,Grade 8,SD:SD,RED,8,RRPCM,NE,Nebraska,TOTAL,All students,1,All students,999.0,0,320
276,1998,R3,1998,2,Grade 8,MN:MN,RED,8,RRPCM,NH,New Hampshire,TOTAL,All students,1,All students,999.0,0,320
277,1998,R3,1998,2,Grade 8,SD:SD,RED,8,RRPCM,NH,New Hampshire,TOTAL,All students,1,All students,999.0,0,320
278,1998,R3,1998,2,Grade 8,MN:MN,RED,8,RRPCM,NJ,New Jersey,TOTAL,All students,1,All students,999.0,0,320
279,1998,R3,1998,2,Grade 8,SD:SD,RED,8,RRPCM,NJ,New Jersey,TOTAL,All students,1,All students,999.0,0,320
280,1998,R3,1998,2,Grade 8,MN:MN,RED,8,RRPCM,NM,New Mexico,TOTAL,All students,1,All students,257.972035791621,1,0
281,1998,R3,1998,2,Grade 8,SD:SD,RED,8,RRPCM,NM,New Mexico,TOTAL,All students,1,All students,31.3098202999369,1,0
282,1998,R3,1998,2,Grade 8,MN:MN,RED,8,RRPCM,NP,National public,TOTAL,All students,1,All students,260.661401275178,1,0
283,1998,R3,1998,2,Grade 8,SD:SD,RED,8,RRPCM,NP,National public,TOTAL,All students,1,All students,35.26564131482,1,0
284,1998,R3,1998,2,Grade 8,MN:MN,RED,8,RRPCM,NR,National private,TOTAL,All students,1,All students,281.330178421698,1,0
285,1998,R3,1998,2,Grade 8,SD:SD,RED,8,RRPCM,NR,National private,TOTAL,All students,1,All students,28.031653521146,1,0
286,1998,R3,1998,2,Grade 8,MN:MN,RED,8,RRPCM,NT,National,TOTAL,All students,1,All students,262.939002183963,1,0
287,1998,R3,1998,2,Grade 8,SD:SD,RED,8,RRPCM,NT,National,TOTAL,All students,1,All students,35.1445741214337,1,0
288,1998,R3,1998,2,Grade 8,MN:MN,RED,8,RRPCM,NV,Nevada,TOTAL,All students,1,All students,257.778411858453,1,0
289,1998,R3,1998,2,Grade 8,SD:SD,RED,8,RRPCM,NV,Nevada,TOTAL,All students,1,All students,31.8672412661052,1,0
290,1998,R3,1998,2,Grade 8,MN:MN,RED,8,RRPCM,NY,New York,TOTAL,All students,1,All students,264.794080968393,1,0
291,1998,R3,1998,2,Grade 8,SD:SD,RED,8,RRPCM,NY,New York,TOTAL,All students,1,All students,31.6823591660288,1,0
292,1998,R3,1998,2,Grade 8,MN:MN,RED,8,RRPCM,OH,Ohio,TOTAL,All students,1,All students,999.0,0,320
293,1998,R3,1998,2,Grade 8,SD:SD,RED,8,RRPCM,OH,Ohio,TOTAL,All students,1,All students,999.0,0,320
294,1998,R3,1998,2,Grade 8,MN:MN,RED,8,RRPCM,OK,Oklahoma,TOTAL,All students,1,All students,265.246278829082,1,0
295,1998,R3,1998,2,Grade 8,SD:SD,RED,8,RRPCM,OK,Oklahoma,TOTAL,All students,1,All students,28.2327244294682,1,0
296,1998,R3,1998,2,Grade 8,MN:MN,RED,8,RRPCM,OR,Oregon,TOTAL,All students,1,All students,266.020906525897,1,0
297,1998,R3,1998,2,Grade 8,SD:SD,RED,8,RRPCM,OR,Oregon,TOTAL,All students,1,All students,34.1792899366339,1,0
298,1998,R3,1998,2,Grade 8,MN:MN,RED,8,RRPCM,PA,Pennsylvania,TOTAL,All students,1,All students,999.0,0,320
299,1998,R3,1998,2,Grade 8,SD:SD,RED,8,RRPCM,PA,Pennsylvania,TOTAL,All students,1,All students,999.0,0,320
300,1998,R3,1998,2,Grade 8,MN:MN,RED,8,RRPCM,RI,Rhode Island,TOTAL,All students,1,All students,264.38804179439,1,0
301,1998,R3,1998,2,Grade 8,SD:SD,RED,8,RRPCM,RI,Rhode Island,TOTAL,All students,1,All students,33.1169769689313,1,0
302,1998,R3,1998,2,Grade 8,MN:MN,RED,8,RRPCM,SC,South Carolina,TOTAL,All students,1,All students,254.798881191918,1,0
303,1998,R3,1998,2,Grade 8,SD:SD,RED,8,RRPCM,SC,South Carolina,TOTAL,All students,1,All students,33.3019996121663,1,0
304,1998,R3,1998,2,Grade 8,MN:MN,RED,8,RRPCM,SD,South Dakota,TOTAL,All students,1,All students,999.0,0,320
305,1998,R3,1998,2,Grade 8,SD:SD,RED,8,RRPCM,SD,South Dakota,TOTAL,All students,1,All students,999.0,0,320
306,1998,R3,1998,2,Grade 8,MN:MN,RED,8,RRPCM,TN,Tennessee,TOTAL,All students,1,All students,257.939142353544,1,0
307,1998,R3,1998,2,Grade 8,SD:SD,RED,8,RRPCM,TN,Tennessee,TOTAL,All students,1,All students,34.9611755651281,1,0
308,1998,R3,1998,2,Grade 8,MN:MN,RED,8,RRPCM,TX,Texas,TOTAL,All students,1,All students,261.161778438515,1,0
309,1998,R3,1998,2,Grade 8,SD:SD,RED,8,RRPCM,TX,Texas,TOTAL,All students,1,All students,31.8352440140813,1,0
310,1998,R3,1998,2,Grade 8,MN:MN,RED,8,RRPCM,UT,Utah,TOTAL,All students,1,All students,263.430667901433,1,0
311,1998,R3,1998,2,Grade 8,SD:SD,RED,8,RRPCM,UT,Utah,TOTAL,All students,1,All students,33.2371153529825,1,0
312,1998,R3,1998,2,Grade 8,MN:MN,RED,8,RRPCM,VA,Virginia,TOTAL,All students,1,All students,266.493300437165,1,0
313,1998,R3,1998,2,Grade 8,SD:SD,RED,8,RRPCM,VA,Virginia,TOTAL,All students,1,All students,31.1774965924054,1,0
314,1998,R3,1998,2,Grade 8,MN:MN,RED,8,RRPCM,VT,Vermont,TOTAL,All students,1,All students,999.0,0,320
315,1998,R3,1998,2,Grade 8,SD:SD,RED,8,RRPCM,VT,Vermont,TOTAL,All students,1,All students,999.0,0,320
316,1998,R3,1998,2,Grade 8,MN:MN,RED,8,RRPCM,WA,Washington,TOTAL,All students,1,All students,263.81722610342,1,0
317,1998,R3,1998,2,Grade 8,SD:SD,RED,8,RRPCM,WA,Washington,TOTAL,All students,1,All students,33.6144882181159,1,0
318,1998,R3,1998,2,Grade 8,MN:MN,RED,8,RRPCM,WI,Wisconsin,TOTAL,All students,1,All students,265.326199622921,1,0
319,1998,R3,1998,2,Grade 8,SD:SD,RED,8,RRPCM,WI,Wisconsin,TOTAL,All students,1,All students,33.1891152930668,1,0
320,1998,R3,1998,2,Grade 8,MN:MN,RED,8,RRPCM,WV,West Virginia,TOTAL,All students,1,All students,261.783374640315,1,0
321,1998,R3,1998,2,Grade 8,SD:SD,RED,8,RRPCM,WV,West Virginia,TOTAL,All students,1,All students,31.7137117894249,1,0
322,1998,R3,1998,2,Grade 8,MN:MN,RED,8,RRPCM,WY,Wyoming,TOTAL,All students,1,All students,263.198243508292,1,0
323,1998,R3,1998,2,Grade 8,SD:SD,RED,8,RRPCM,WY,Wyoming,TOTAL,All students,1,All students,32.7944092140806,1,0
324,2002,R3,2002,2,Grade 8,MN:MN,RED,8,RRPCM,AK,Alaska,TOTAL,All students,1,All students,999.0,0,320
325,2002,R3,2002,2,Grade 8,SD:SD,RED,8,RRPCM,AK,Alaska,TOTAL,All students,1,All students,999.0,0,320
326,2002,R3,2002,2,Grade 8,MN:MN,RED,8,RRPCM,AL,Alabama,TOTAL,All students,1,All students,252.501705397306,1,0
327,2002,R3,2002,2,Grade 8,SD:SD,RED,8,RRPCM,AL,Alabama,TOTAL,All students,1,All students,35.6291775014533,1,0
328,2002,R3,2002,2,Grade 8,MN:MN,RED,8,RRPCM,AR,Arkansas,TOTAL,All students,1,All students,260.134870734393,1,0
329,2002,R3,2002,2,Grade 8,SD:SD,RED,8,RRPCM,AR,Arkansas,TOTAL,All students,1,All students,33.2127713103345,1,0
330,2002,R3,2002,2,Grade 8,MN:MN,RED,8,RRPCM,AZ,Arizona,TOTAL,All students,1,All students,256.734911435366,1,0
331,2002,R3,2002,2,Grade 8,SD:SD,RED,8,RRPCM,AZ,Arizona,TOTAL,All students,1,All students,32.9770888332781,1,0
332,2002,R3,2002,2,Grade 8,MN:MN,RED,8,RRPCM,CA,California,TOTAL,All students,1,All students,250.450803271288,1,0
333,2002,R3,2002,2,Grade 8,SD:SD,RED,8,RRPCM,CA,California,TOTAL,All students,1,All students,36.0165995609832,1,0
334,2002,R3,2002,2,Grade 8,MN:MN,RED,8,RRPCM,CO,Colorado,TOTAL,All students,1,All students,999.0,0,320
335,2002,R3,2002,2,Grade 8,SD:SD,RED,8,RRPCM,CO,Colorado,TOTAL,All students,1,All students,999.0,0,320
336,2002,R3,2002,2,Grade 8,MN:MN,RED,8,RRPCM,CT,Connecticut,TOTAL,All students,1,All students,267.032072775447,1,0
337,2002,R3,2002,2,Grade 8,SD:SD,RED,8,RRPCM,CT,Connecticut,TOTAL,All students,1,All students,34.8873213512405,1,0
338,2002,R3,2002,2,Grade 8,MN:MN,RED,8,RRPCM,DC,District of Columbia,TOTAL,All students,1,All students,239.810524714068,1,0
339,2002,R3,2002,2,Grade 8,SD:SD,RED,8,RRPCM,DC,District of Columbia,TOTAL,All students,1,All students,32.9894397875416,1,0
340,2002,R3,2002,2,Grade 8,MN:MN,RED,8,RRPCM,DE,Delaware,TOTAL,All students,1,All students,267.274190158207,1,0
341,2002,R3,2002,2,Grade 8,SD:SD,RED,8,RRPCM,DE,Delaware,TOTAL,All students,1,All students,29.6967584331534,1,0
342,2002,R3,2002,2,Grade 8,MN:MN,RED,8,RRPCM,FL,Florida,TOTAL,All students,1,All students,261.053655909529,1,0
343,2002,R3,2002,2,Grade 8,SD:SD,RED,8,RRPCM,FL,Florida,TOTAL,All students,1,All students,34.2877240915701,1,0
344,2002,R3,2002,2,Grade 8,MN:MN,RED,8,RRPCM,GA,Georgia,TOTAL,All students,1,All students,258.005481643787,1,0
345,2002,R3,2002,2,Grade 8,SD:SD,RED,8,RRPCM,GA,Georgia,TOTAL,All students,1,All students,34.7155279550878,1,0
346,2002,R3,2002,2,Grade 8,MN:MN,RED,8,RRPCM,HI,Hawaii,TOTAL,All students,1,All students,251.613131557334,1,0
347,2002,R3,2002,2,Grade 8,SD:SD,RED,8,RRPCM,HI,Hawaii,TOTAL,All students,1,All students,35.7822999961264,1,0
348,2002,R3,2002,2,Grade 8,MN:MN,RED,8,RRPCM,IA,Iowa,TOTAL,All students,1,All students,999.0,0,320
349,2002,R3,2002,2,Grade 8,SD:SD,RED,8,RRPCM,IA,Iowa,TOTAL,All students,1,All students,999.0,0,320
350,2002,R3,2002,2,Grade 8,MN:MN,RED,8,RRPCM,ID,Idaho,TOTAL,All students,1,All students,266.499769185748,1,0
351,2002,R3,2002,2,Grade 8,SD:SD,RED,8,RRPCM,ID,Idaho,TOTAL,All students,1,All students,31.4306960343579,1,0
352,2002,R3,2002,2,Grade 8,MN:MN,RED,8,RRPCM,IL,Illinois,TOTAL,All students,1,All students,999.0,0,288
353,2002,R3,2002,2,Grade 8,SD:SD,RED,8,RRPCM,IL,Illinois,TOTAL,All students,1,All students,999.0,0,288
354,2002,R3,2002,2,Grade 8,MN:MN,RED,8,RRPCM,IN,Indiana,TOTAL,All students,1,All students,264.888121113381,1,0
355,2002,R3,2002,2,Grade 8,SD:SD,RED,8,RRPCM,IN,Indiana,TOTAL,All students,1,All students,31.8002499092826,1,0
356,2002,R3,2002,2,Grade 8,MN:MN,RED,8,RRPCM,KS,Kansas,TOTAL,All students,1,All students,269.11593569735,1,0
357,2002,R3,2002,2,Grade 8,SD:SD,RED,8,RRPCM,KS,Kansas,TOTAL,All students,1,All students,32.5789253179778,1,0
358,2002,R3,2002,2,Grade 8,MN:MN,RED,8,RRPCM,KY,Kentucky,TOTAL,All students,1,All students,265.246740416014,1,0
359,2002,R3,2002,2,Grade 8,SD:SD,RED,8,RRPCM,KY,Kentucky,TOTAL,All students,1,All students,30.228710275028,1,0
360,2002,R3,2002,2,Grade 8,MN:MN,RED,8,RRPCM,LA,Louisiana,TOTAL,All students,1,All students,256.268351413193,1,0
361,2002,R3,2002,2,Grade 8,SD:SD,RED,8,RRPCM,LA,Louisiana,TOTAL,All students,1,All students,32.397593967974,1,0
362,2002,R3,2002,2,Grade 8,MN:MN,RED,8,RRPCM,MA,Massachusetts,TOTAL,All students,1,All students,270.518266591247,1,0
363,2002,R3,2002,2,Grade 8,SD:SD,RED,8,RRPCM,MA,Massachusetts,TOTAL,All students,1,All students,31.4669575332889,1,0
364,2002,R3,2002,2,Grade 8,MN:MN,RED,8,RRPCM,MD,Maryland,TOTAL,All students,1,All students,263.344864194438,1,0
365,2002,R3,2002,2,Grade 8,SD:SD,RED,8,RRPCM,MD,Maryland,TOTAL,All students,1,All students,35.4014371310673,1,0
366,2002,R3,2002,2,Grade 8,MN:MN,RED,8,RRPCM,ME,Maine,TOTAL,All students,1,All students,269.821249244155,1,0
367,2002,R3,2002,2,Grade 8,SD:SD,RED,8,RRPCM,ME,Maine,TOTAL,All students,1,All students,31.7164145547592,1,0
368,2002,R3,2002,2,Grade 8,MN:MN,RED,8,RRPCM,MI,Michigan,TOTAL,All students,1,All students,264.72304587388,1,0
369,2002,R3,2002,2,Grade 8,SD:SD,RED,8,RRPCM,MI,Michigan,TOTAL,All students,1,All students,32.6432477753911,1,0
370,2002,R3,2002,2,Grade 8,MN:MN,RED,8,RRPCM,MN,Minnesota,TOTAL,All students,1,All students,999.0,0,288
371,2002,R3,2002,2,Grade 8,SD:SD,RED,8,RRPCM,MN,Minnesota,TOTAL,All students,1,All students,999.0,0,288
372,2002,R3,2002,2,Grade 8,MN:MN,RED,8,RRPCM,MO,Missouri,TOTAL,All students,1,All students,267.909415312882,1,0
373,2002,R3,2002,2,Grade 8,SD:SD,RED,8,RRPCM,MO,Missouri,TOTAL,All students,1,All students,27.8707322604297,1,0
374,2002,R3,2002,2,Grade 8,MN:MN,RED,8,RRPCM,MS,Mississippi,TOTAL,All students,1,All students,255.021192735284,1,0
375,2002,R3,2002,2,Grade 8,SD:SD,RED,8,RRPCM,MS,Mississippi,TOTAL,All students,1,All students,31.0438950139222,1,0
376,2002,R3,2002,2,Grade 8,MN:MN,RED,8,RRPCM,MT,Montana,TOTAL,All students,1,All students,270.165042334049,1,0
377,2002,R3,2002,2,Grade 8,SD:SD,RED,8,RRPCM,MT,Montana,TOTAL,All students,1,All students,27.8047079825803,1,0
378,2002,R3,2002,2,Grade 8,MN:MN,RED,8,RRPCM,NC,North Carolina,TOTAL,All students,1,All students,265.022858505901,1,0
379,2002,R3,2002,2,Grade 8,SD:SD,RED,8,RRPCM,NC,North Carolina,TOTAL,All students,1,All students,31.6723593347639,1,0
380,2002,R3,2002,2,Grade 8,MN:MN,RED,8,RRPCM,ND,North Dakota,TOTAL,All students,1,All students,268.090026516872,1,0
381,2002,R3,2002,2,Grade 8,SD:SD,RED,8,RRPCM,ND,North Dakota,TOTAL,All students,1,All students,29.6422646181457,1,0
382,2002,R3,2002,2,Grade 8,MN:MN,RED,8,RRPCM,NE,Nebraska,TOTAL,All students,1,All students,269.948920609891,1,0
383,2002,R3,2002,2,Grade 8,SD:SD,RED,8,RRPCM,NE,Nebraska,TOTAL,All students,1,All students,28.3916330837392,1,0
384,2002,R3,2002,2,Grade 8,MN:MN,RED,8,RRPCM,NH,New Hampshire,TOTAL,All students,1,All students,999.0,0,320
385,2002,R3,2002,2,Grade 8,SD:SD,RED,8,RRPCM,NH,New Hampshire,TOTAL,All students,1,All students,999.0,0,320
386,2002,R3,2002,2,Grade 8,MN:MN,RED,8,RRPCM,NJ,New Jersey,TOTAL,All students,1,All students,999.0,0,320
387,2002,R3,2002,2,Grade 8,SD:SD,RED,8,RRPCM,NJ,New Jersey,TOTAL,All students,1,All students,999.0,0,320
388,2002,R3,2002,2,Grade 8,MN:MN,RED,8,RRPCM,NM,New Mexico,TOTAL,All students,1,All students,253.662756337578,1,0
389,2002,R3,2002,2,Grade 8,SD:SD,RED,8,RRPCM,NM,New Mexico,TOTAL,All students,1,All students,32.3705996199317,1,0
390,2002,R3,2002,2,Grade 8,MN:MN,RED,8,RRPCM,NP,National public,TOTAL,All students,1,All students,262.749748119537,1,0
391,2002,R3,2002,2,Grade 8,SD:SD,RED,8,RRPCM,NP,National public,TOTAL,All students,1,All students,33.7953966111269,1,0
392,2002,R3,2002,2,Grade 8,MN:MN,RED,8,RRPCM,NR,National private,TOTAL,All students,1,All students,280.774423053851,1,0
393,2002,R3,2002,2,Grade 8,SD:SD,RED,8,RRPCM,NR,National private,TOTAL,All students,1,All students,29.3061369920687,1,0
394,2002,R3,2002,2,Grade 8,MN:MN,RED,8,RRPCM,NT,National,TOTAL,All students,1,All students,264.341940975291,1,0
395,2002,R3,2002,2,Grade 8,SD:SD,RED,8,RRPCM,NT,National,TOTAL,All students,1,All students,33.8364926881485,1,0
396,2002,R3,2002,2,Grade 8,MN:MN,RED,8,RRPCM,NV,Nevada,TOTAL,All students,1,All students,251.363200981162,1,0
397,2002,R3,2002,2,Grade 8,SD:SD,RED,8,RRPCM,NV,Nevada,TOTAL,All students,1,All students,34.3080145344209,1,0
398,2002,R3,2002,2,Grade 8,MN:MN,RED,8,RRPCM,NY,New York,TOTAL,All students,1,All students,263.948636520536,1,0
399,2002,R3,2002,2,Grade 8,SD:SD,RED,8,RRPCM,NY,New York,TOTAL,All students,1,All students,31.7688335099367,1,0
400,2002,R3,2002,2,Grade 8,MN:MN,RED,8,RRPCM,OH,Ohio,TOTAL,All students,1,All students,268.315861934206,1,0
401,2002,R3,2002,2,Grade 8,SD:SD,RED,8,RRPCM,OH,Ohio,TOTAL,All students,1,All students,30.6048984557811,1,0
402,2002,R3,2002,2,Grade 8,MN:MN,RED,8,RRPCM,OK,Oklahoma,TOTAL,All students,1,All students,262.012002985815,1,0
403,2002,R3,2002,2,Grade 8,SD:SD,RED,8,RRPCM,OK,Oklahoma,TOTAL,All students,1,All students,30.9918760949288,1,0
404,2002,R3,2002,2,Grade 8,MN:MN,RED,8,RRPCM,OR,Oregon,TOTAL,All students,1,All students,268.144530470889,1,0
405,2002,R3,2002,2,Grade 8,SD:SD,RED,8,RRPCM,OR,Oregon,TOTAL,All students,1,All students,32.9969036115234,1,0
406,2002,R3,2002,2,Grade 8,MN:MN,RED,8,RRPCM,PA,Pennsylvania,TOTAL,All students,1,All students,265.320558357815,1,0
407,2002,R3,2002,2,Grade 8,SD:SD,RED,8,RRPCM,PA,Pennsylvania,TOTAL,All students,1,All students,34.3518836535465,1,0
408,2002,R3,2002,2,Grade 8,MN:MN,RED,8,RRPCM,RI,Rhode Island,TOTAL,All students,1,All students,261.903434341009,1,0
409,2002,R3,2002,2,Grade 8,SD:SD,RED,8,RRPCM,RI,Rhode Island,TOTAL,All students,1,All students,33.8752540982842,1,0
410,2002,R3,2002,2,Grade 8,MN:MN,RED,8,RRPCM,SC,South Carolina,TOTAL,All students,1,All students,257.640782839043,1,0
411,2002,R3,2002,2,Grade 8,SD:SD,RED,8,RRPCM,SC,South Carolina,TOTAL,All students,1,All students,32.0449380948821,1,0
412,2002,R3,2002,2,Grade 8,MN:MN,RED,8,RRPCM,SD,South Dakota,TOTAL,All students,1,All students,999.0,0,320
413,2002,R3,2002,2,Grade 8,SD:SD,RED,8,RRPCM,SD,South Dakota,TOTAL,All students,1,All students,999.0,0,320
414,2002,R3,2002,2,Grade 8,MN:MN,RED,8,RRPCM,TN,Tennessee,TOTAL,All students,1,All students,260.276441370062,1,0
415,2002,R3,2002,2,Grade 8,SD:SD,RED,8,RRPCM,TN,Tennessee,TOTAL,All students,1,All students,34.6443702750838,1,0
416,2002,R3,2002,2,Grade 8,MN:MN,RED,8,RRPCM,TX,Texas,TOTAL,All students,1,All students,262.100424202088,1,0
417,2002,R3,2002,2,Grade 8,SD:SD,RED,8,RRPCM,TX,Texas,TOTAL,All students,1,All students,34.3897344679,1,0
418,2002,R3,2002,2,Grade 8,MN:MN,RED,8,RRPCM,UT,Utah,TOTAL,All students,1,All students,263.283637608256,1,0
419,2002,R3,2002,2,Grade 8,SD:SD,RED,8,RRPCM,UT,Utah,TOTAL,All students,1,All students,34.1594701206829,1,0
420,2002,R3,2002,2,Grade 8,MN:MN,RED,8,RRPCM,VA,Virginia,TOTAL,All students,1,All students,269.197450536696,1,0
421,2002,R3,2002,2,Grade 8,SD:SD,RED,8,RRPCM,VA,Virginia,TOTAL,All students,1,All students,30.8371230764456,1,0
422,2002,R3,2002,2,Grade 8,MN:MN,RED,8,RRPCM,VT,Vermont,TOTAL,All students,1,All students,271.834589771075,1,0
423,2002,R3,2002,2,Grade 8,SD:SD,RED,8,RRPCM,VT,Vermont,TOTAL,All students,1,All students,31.2885172265863,1,0
424,2002,R3,2002,2,Grade 8,MN:MN,RED,8,RRPCM,WA,Washington,TOTAL,All students,1,All students,268.168154334937,1,0
425,2002,R3,2002,2,Grade 8,SD:SD,RED,8,RRPCM,WA,Washington,TOTAL,All students,1,All students,34.5525449293813,1,0
426,2002,R3,2002,2,Grade 8,MN:MN,RED,8,RRPCM,WI,Wisconsin,TOTAL,All students,1,All students,999.0,0,288
427,2002,R3,2002,2,Grade 8,SD:SD,RED,8,RRPCM,WI,Wisconsin,TOTAL,All students,1,All students,999.0,0,288
428,2002,R3,2002,2,Grade 8,MN:MN,RED,8,RRPCM,WV,West Virginia,TOTAL,All students,1,All students,263.689781060585,1,0
429,2002,R3,2002,2,Grade 8,SD:SD,RED,8,RRPCM,WV,West Virginia,TOTAL,All students,1,All students,30.3436746122981,1,0
430,2002,R3,2002,2,Grade 8,MN:MN,RED,8,RRPCM,WY,Wyoming,TOTAL,All students,1,All students,264.938465791346,1,0
431,2002,R3,2002,2,Grade 8,SD:SD,RED,8,RRPCM,WY,Wyoming,TOTAL,All students,1,All students,29.9187196887354,1,0
432,2003,R3,2003,2,Grade 8,MN:MN,RED,8,RRPCM,AK,Alaska,TOTAL,All students,1,All students,256.409625298838,1,0
433,2003,R3,2003,2,Grade 8,SD:SD,RED,8,RRPCM,AK,Alaska,TOTAL,All students,1,All students,38.2104994062495,1,0
434,2003,R3,2003,2,Grade 8,MN:MN,RED,8,RRPCM,AL,Alabama,TOTAL,All students,1,All students,253.172593739071,1,0
435,2003,R3,2003,2,Grade 8,SD:SD,RED,8,RRPCM,AL,Alabama,TOTAL,All students,1,All students,36.8538113399552,1,0
436,2003,R3,2003,2,Grade 8,MN:MN,RED,8,RRPCM,AR,Arkansas,TOTAL,All students,1,All students,257.998089007686,1,0
437,2003,R3,2003,2,Grade 8,SD:SD,RED,8,RRPCM,AR,Arkansas,TOTAL,All students,1,All students,35.9531852340181,1,0
438,2003,R3,2003,2,Grade 8,MN:MN,RED,8,RRPCM,AZ,Arizona,TOTAL,All students,1,All students,255.320115210993,1,0
439,2003,R3,2003,2,Grade 8,SD:SD,RED,8,RRPCM,AZ,Arizona,TOTAL,All students,1,All students,36.391175689701,1,0
440,2003,R3,2003,2,Grade 8,MN:MN,RED,8,RRPCM,CA,California,TOTAL,All students,1,All students,251.007500405859,1,0
441,2003,R3,2003,2,Grade 8,SD:SD,RED,8,RRPCM,CA,California,TOTAL,All students,1,All students,38.7842352438711,1,0
442,2003,R3,2003,2,Grade 8,MN:MN,RED,8,RRPCM,CO,Colorado,TOTAL,All students,1,All students,267.592640864405,1,0
443,2003,R3,2003,2,Grade 8,SD:SD,RED,8,RRPCM,CO,Colorado,TOTAL,All students,1,All students,34.3991318844423,1,0
444,2003,R3,2003,2,Grade 8,MN:MN,RED,8,RRPCM,CT,Connecticut,TOTAL,All students,1,All students,267.218075351081,1,0
445,2003,R3,2003,2,Grade 8,SD:SD,RED,8,RRPCM,CT,Connecticut,TOTAL,All students,1,All students,36.5731101476476,1,0
446,2003,R3,2003,2,Grade 8,MN:MN,RED,8,RRPCM,DC,District of Columbia,TOTAL,All students,1,All students,238.700733278197,1,0
447,2003,R3,2003,2,Grade 8,SD:SD,RED,8,RRPCM,DC,District of Columbia,TOTAL,All students,1,All students,36.0647697949976,1,0
448,2003,R3,2003,2,Grade 8,MN:MN,RED,8,RRPCM,DE,Delaware,TOTAL,All students,1,All students,264.532051451005,1,0
449,2003,R3,2003,2,Grade 8,SD:SD,RED,8,RRPCM,DE,Delaware,TOTAL,All students,1,All students,32.2299018038092,1,0
450,2003,R3,2003,2,Grade 8,MN:MN,RED,8,RRPCM,FL,Florida,TOTAL,All students,1,All students,257.301319786896,1,0
451,2003,R3,2003,2,Grade 8,SD:SD,RED,8,RRPCM,FL,Florida,TOTAL,All students,1,All students,36.5399654928376,1,0
452,2003,R3,2003,2,Grade 8,MN:MN,RED,8,RRPCM,GA,Georgia,TOTAL,All students,1,All students,257.714824971911,1,0
453,2003,R3,2003,2,Grade 8,SD:SD,RED,8,RRPCM,GA,Georgia,TOTAL,All students,1,All students,34.8272486764337,1,0
454,2003,R3,2003,2,Grade 8,MN:MN,RED,8,RRPCM,HI,Hawaii,TOTAL,All students,1,All students,251.284801856226,1,0
455,2003,R3,2003,2,Grade 8,SD:SD,RED,8,RRPCM,HI,Hawaii,TOTAL,All students,1,All students,37.9773289212773,1,0
456,2003,R3,2003,2,Grade 8,MN:MN,RED,8,RRPCM,IA,Iowa,TOTAL,All students,1,All students,267.5048316647,1,0
457,2003,R3,2003,2,Grade 8,SD:SD,RED,8,RRPCM,IA,Iowa,TOTAL,All students,1,All students,31.8836291386059,1,0
458,2003,R3,2003,2,Grade 8,MN:MN,RED,8,RRPCM,ID,Idaho,TOTAL,All students,1,All students,264.439775716816,1,0
459,2003,R3,2003,2,Grade 8,SD:SD,RED,8,RRPCM,ID,Idaho,TOTAL,All students,1,All students,33.3287563656153,1,0
460,2003,R3,2003,2,Grade 8,MN:MN,RED,8,RRPCM,IL,Illinois,TOTAL,All students,1,All students,266.408968905567,1,0
461,2003,R3,2003,2,Grade 8,SD:SD,RED,8,RRPCM,IL,Illinois,TOTAL,All students,1,All students,33.3397125572711,1,0
462,2003,R3,2003,2,Grade 8,MN:MN,RED,8,RRPCM,IN,Indiana,TOTAL,All students,1,All students,264.832532267553,1,0
463,2003,R3,2003,2,Grade 8,SD:SD,RED,8,RRPCM,IN,Indiana,TOTAL,All students,1,All students,33.1047982200652,1,0
464,2003,R3,2003,2,Grade 8,MN:MN,RED,8,RRPCM,KS,Kansas,TOTAL,All students,1,All students,266.011689626198,1,0
465,2003,R3,2003,2,Grade 8,SD:SD,RED,8,RRPCM,KS,Kansas,TOTAL,All students,1,All students,34.4240848544836,1,0
466,2003,R3,2003,2,Grade 8,MN:MN,RED,8,RRPCM,KY,Kentucky,TOTAL,All students,1,All students,266.191435227824,1,0
467,2003,R3,2003,2,Grade 8,SD:SD,RED,8,RRPCM,KY,Kentucky,TOTAL,All students,1,All students,32.7187969618521,1,0
468,2003,R3,2003,2,Grade 8,MN:MN,RED,8,RRPCM,LA,Louisiana,TOTAL,All students,1,All students,253.448288243581,1,0
469,2003,R3,2003,2,Grade 8,SD:SD,RED,8,RRPCM,LA,Louisiana,TOTAL,All students,1,All students,35.1724638458273,1,0
470,2003,R3,2003,2,Grade 8,MN:MN,RED,8,RRPCM,MA,Massachusetts,TOTAL,All students,1,All students,272.906645050057,1,0
471,2003,R3,2003,2,Grade 8,SD:SD,RED,8,RRPCM,MA,Massachusetts,TOTAL,All students,1,All students,33.9091273665567,1,0
472,2003,R3,2003,2,Grade 8,MN:MN,RED,8,RRPCM,MD,Maryland,TOTAL,All students,1,All students,261.595731939425,1,0
473,2003,R3,2003,2,Grade 8,SD:SD,RED,8,RRPCM,MD,Maryland,TOTAL,All students,1,All students,36.3078770426588,1,0
474,2003,R3,2003,2,Grade 8,MN:MN,RED,8,RRPCM,ME,Maine,TOTAL,All students,1,All students,268.323265177592,1,0
475,2003,R3,2003,2,Grade 8,SD:SD,RED,8,RRPCM,ME,Maine,TOTAL,All students,1,All students,32.7684321477878,1,0
476,2003,R3,2003,2,Grade 8,MN:MN,RED,8,RRPCM,MI,Michigan,TOTAL,All students,1,All students,264.378292493388,1,0
477,2003,R3,2003,2,Grade 8,SD:SD,RED,8,RRPCM,MI,Michigan,TOTAL,All students,1,All students,33.4498479376268,1,0
478,2003,R3,2003,2,Grade 8,MN:MN,RED,8,RRPCM,MN,Minnesota,TOTAL,All students,1,All students,267.711358412271,1,0
479,2003,R3,2003,2,Grade 8,SD:SD,RED,8,RRPCM,MN,Minnesota,TOTAL,All students,1,All students,33.438930470953,1,0
480,2003,R3,2003,2,Grade 8,MN:MN,RED,8,RRPCM,MO,Missouri,TOTAL,All students,1,All students,267.363673296442,1,0
481,2003,R3,2003,2,Grade 8,SD:SD,RED,8,RRPCM,MO,Missouri,TOTAL,All students,1,All students,31.1928073603846,1,0
482,2003,R3,2003,2,Grade 8,MN:MN,RED,8,RRPCM,MS,Mississippi,TOTAL,All students,1,All students,255.010828024612,1,0
483,2003,R3,2003,2,Grade 8,SD:SD,RED,8,RRPCM,MS,Mississippi,TOTAL,All students,1,All students,31.5891101661447,1,0
484,2003,R3,2003,2,Grade 8,MN:MN,RED,8,RRPCM,MT,Montana,TOTAL,All students,1,All students,269.833415980195,1,0
485,2003,R3,2003,2,Grade 8,SD:SD,RED,8,RRPCM,MT,Montana,TOTAL,All students,1,All students,30.8423284149233,1,0
486,2003,R3,2003,2,Grade 8,MN:MN,RED,8,RRPCM,NC,North Carolina,TOTAL,All students,1,All students,261.71164481782,1,0
487,2003,R3,2003,2,Grade 8,SD:SD,RED,8,RRPCM,NC,North Carolina,TOTAL,All students,1,All students,33.1273232548169,1,0
488,2003,R3,2003,2,Grade 8,MN:MN,RED,8,RRPCM,ND,North Dakota,TOTAL,All students,1,All students,269.73035434547,1,0
489,2003,R3,2003,2,Grade 8,SD:SD,RED,8,RRPCM,ND,North Dakota,TOTAL,All students,1,All students,31.0452603692849,1,0
490,2003,R3,2003,2,Grade 8,MN:MN,RED,8,RRPCM,NE,Nebraska,TOTAL,All students,1,All students,266.313690432675,1,0
491,2003,R3,2003,2,Grade 8,SD:SD,RED,8,RRPCM,NE,Nebraska,TOTAL,All students,1,All students,32.4419982043497,1,0
492,2003,R3,2003,2,Grade 8,MN:MN,RED,8,RRPCM,NH,New Hampshire,TOTAL,All students,1,All students,270.734453004041,1,0
493,2003,R3,2003,2,Grade 8,SD:SD,RED,8,RRPCM,NH,New Hampshire,TOTAL,All students,1,All students,32.8286518270291,1,0
494,2003,R3,2003,2,Grade 8,MN:MN,RED,8,RRPCM,NJ,New Jersey,TOTAL,All students,1,All students,267.786953088416,1,0
495,2003,R3,2003,2,Grade 8,SD:SD,RED,8,RRPCM,NJ,New Jersey,TOTAL,All students,1,All students,33.9676775786264,1,0
496,2003,R3,2003,2,Grade 8,MN:MN,RED,8,RRPCM,NM,New Mexico,TOTAL,All students,1,All students,251.599155965354,1,0
497,2003,R3,2003,2,Grade 8,SD:SD,RED,8,RRPCM,NM,New Mexico,TOTAL,All students,1,All students,35.4290693336199,1,0
498,2003,R3,2003,2,Grade 8,MN:MN,RED,8,RRPCM,NP,National public,TOTAL,All students,1,All students,261.332615070265,1,0
499,2003,R3,2003,2,Grade 8,SD:SD,RED,8,RRPCM,NP,National public,TOTAL,All students,1,All students,35.2481512073098,1,0
500,2003,R3,2003,2,Grade 8,MN:MN,RED,8,RRPCM,NR,National private,TOTAL,All students,1,All students,282.476626276763,1,0
501,2003,R3,2003,2,Grade 8,SD:SD,RED,8,RRPCM,NR,National private,TOTAL,All students,1,All students,30.3962896648001,1,0
502,2003,R3,2003,2,Grade 8,MN:MN,RED,8,RRPCM,NT,National,TOTAL,All students,1,All students,263.290273386919,1,0
503,2003,R3,2003,2,Grade 8,SD:SD,RED,8,RRPCM,NT,National,TOTAL,All students,1,All students,35.3973074235623,1,0
504,2003,R3,2003,2,Grade 8,MN:MN,RED,8,RRPCM,NV,Nevada,TOTAL,All students,1,All students,252.309915677623,1,0
505,2003,R3,2003,2,Grade 8,SD:SD,RED,8,RRPCM,NV,Nevada,TOTAL,All students,1,All students,35.0021068035891,1,0
506,2003,R3,2003,2,Grade 8,MN:MN,RED,8,RRPCM,NY,New York,TOTAL,All students,1,All students,265.329794503317,1,0
507,2003,R3,2003,2,Grade 8,SD:SD,RED,8,RRPCM,NY,New York,TOTAL,All students,1,All students,35.5871623413184,1,0
508,2003,R3,2003,2,Grade 8,MN:MN,RED,8,RRPCM,OH,Ohio,TOTAL,All students,1,All students,266.566105917826,1,0
509,2003,R3,2003,2,Grade 8,SD:SD,RED,8,RRPCM,OH,Ohio,TOTAL,All students,1,All students,32.347915505181,1,0
510,2003,R3,2003,2,Grade 8,MN:MN,RED,8,RRPCM,OK,Oklahoma,TOTAL,All students,1,All students,261.719961000332,1,0
511,2003,R3,2003,2,Grade 8,SD:SD,RED,8,RRPCM,OK,Oklahoma,TOTAL,All students,1,All students,34.9565267367584,1,0
512,2003,R3,2003,2,Grade 8,MN:MN,RED,8,RRPCM,OR,Oregon,TOTAL,All students,1,All students,264.025569883652,1,0
513,2003,R3,2003,2,Grade 8,SD:SD,RED,8,RRPCM,OR,Oregon,TOTAL,All students,1,All students,35.1773182769951,1,0
514,2003,R3,2003,2,Grade 8,MN:MN,RED,8,RRPCM,PA,Pennsylvania,TOTAL,All students,1,All students,264.267365101484,1,0
515,2003,R3,2003,2,Grade 8,SD:SD,RED,8,RRPCM,PA,Pennsylvania,TOTAL,All students,1,All students,32.5072838327719,1,0
516,2003,R3,2003,2,Grade 8,MN:MN,RED,8,RRPCM,RI,Rhode Island,TOTAL,All students,1,All students,260.879572089782,1,0
517,2003,R3,2003,2,Grade 8,SD:SD,RED,8,RRPCM,RI,Rhode Island,TOTAL,All students,1,All students,35.0768908699522,1,0
518,2003,R3,2003,2,Grade 8,MN:MN,RED,8,RRPCM,SC,South Carolina,TOTAL,All students,1,All students,258.088991442805,1,0
519,2003,R3,2003,2,Grade 8,SD:SD,RED,8,RRPCM,SC,South Carolina,TOTAL,All students,1,All students,32.5061501734685,1,0
520,2003,R3,2003,2,Grade 8,MN:MN,RED,8,RRPCM,SD,South Dakota,TOTAL,All students,1,All students,269.971058609565,1,0
521,2003,R3,2003,2,Grade 8,SD:SD,RED,8,RRPCM,SD,South Dakota,TOTAL,All students,1,All students,31.0909293667181,1,0
522,2003,R3,2003,2,Grade 8,MN:MN,RED,8,RRPCM,TN,Tennessee,TOTAL,All students,1,All students,258.10836458389,1,0
523,2003,R3,2003,2,Grade 8,SD:SD,RED,8,RRPCM,TN,Tennessee,TOTAL,All students,1,All students,34.131721867676,1,0
524,2003,R3,2003,2,Grade 8,MN:MN,RED,8,RRPCM,TX,Texas,TOTAL,All students,1,All students,258.777257969241,1,0
525,2003,R3,2003,2,Grade 8,SD:SD,RED,8,RRPCM,TX,Texas,TOTAL,All students,1,All students,34.0652650054373,1,0
526,2003,R3,2003,2,Grade 8,MN:MN,RED,8,RRPCM,UT,Utah,TOTAL,All students,1,All students,264.303442578174,1,0
527,2003,R3,2003,2,Grade 8,SD:SD,RED,8,RRPCM,UT,Utah,TOTAL,All students,1,All students,32.7793294701488,1,0
528,2003,R3,2003,2,Grade 8,MN:MN,RED,8,RRPCM,VA,Virginia,TOTAL,All students,1,All students,268.004817111028,1,0
529,2003,R3,2003,2,Grade 8,SD:SD,RED,8,RRPCM,VA,Virginia,TOTAL,All students,1,All students,32.4716279427956,1,0
530,2003,R3,2003,2,Grade 8,MN:MN,RED,8,RRPCM,VT,Vermont,TOTAL,All students,1,All students,270.519439020331,1,0
531,2003,R3,2003,2,Grade 8,SD:SD,RED,8,RRPCM,VT,Vermont,TOTAL,All students,1,All students,31.9920307681377,1,0
532,2003,R3,2003,2,Grade 8,MN:MN,RED,8,RRPCM,WA,Washington,TOTAL,All students,1,All students,264.494066459256,1,0
533,2003,R3,2003,2,Grade 8,SD:SD,RED,8,RRPCM,WA,Washington,TOTAL,All students,1,All students,34.6609669081866,1,0
534,2003,R3,2003,2,Grade 8,MN:MN,RED,8,RRPCM,WI,Wisconsin,TOTAL,All students,1,All students,266.468617636836,1,0
535,2003,R3,2003,2,Grade 8,SD:SD,RED,8,RRPCM,WI,Wisconsin,TOTAL,All students,1,All students,34.3770007286522,1,0
536,2003,R3,2003,2,Grade 8,MN:MN,RED,8,RRPCM,WV,West Virginia,TOTAL,All students,1,All students,259.564237912782,1,0
537,2003,R3,2003,2,Grade 8,SD:SD,RED,8,RRPCM,WV,West Virginia,TOTAL,All students,1,All students,31.8308889604866,1,0
538,2003,R3,2003,2,Grade 8,MN:MN,RED,8,RRPCM,WY,Wyoming,TOTAL,All students,1,All students,267.00102854451,1,0
539,2003,R3,2003,2,Grade 8,SD:SD,RED,8,RRPCM,WY,Wyoming,TOTAL,All students,1,All students,30.41550220655,1,0
540,2005,R3,2005,2,Grade 8,MN:MN,RED,8,RRPCM,AK,Alaska,TOTAL,All students,1,All students,258.721274696008,1,0
541,2005,R3,2005,2,Grade 8,SD:SD,RED,8,RRPCM,AK,Alaska,TOTAL,All students,1,All students,34.3044942091306,1,0
542,2005,R3,2005,2,Grade 8,MN:MN,RED,8,RRPCM,AL,Alabama,TOTAL,All students,1,All students,251.978391189903,1,0
543,2005,R3,2005,2,Grade 8,SD:SD,RED,8,RRPCM,AL,Alabama,TOTAL,All students,1,All students,37.8592731852188,1,0
544,2005,R3,2005,2,Grade 8,MN:MN,RED,8,RRPCM,AR,Arkansas,TOTAL,All students,1,All students,257.691731885046,1,0
545,2005,R3,2005,2,Grade 8,SD:SD,RED,8,RRPCM,AR,Arkansas,TOTAL,All students,1,All students,34.9535621847805,1,0
546,2005,R3,2005,2,Grade 8,MN:MN,RED,8,RRPCM,AZ,Arizona,TOTAL,All students,1,All students,254.787938225175,1,0
547,2005,R3,2005,2,Grade 8,SD:SD,RED,8,RRPCM,AZ,Arizona,TOTAL,All students,1,All students,34.5802988308796,1,0
548,2005,R3,2005,2,Grade 8,MN:MN,RED,8,RRPCM,CA,California,TOTAL,All students,1,All students,250.431056381298,1,0
549,2005,R3,2005,2,Grade 8,SD:SD,RED,8,RRPCM,CA,California,TOTAL,All students,1,All students,36.6362680259623,1,0
550,2005,R3,2005,2,Grade 8,MN:MN,RED,8,RRPCM,CO,Colorado,TOTAL,All students,1,All students,264.758106095045,1,0
551,2005,R3,2005,2,Grade 8,SD:SD,RED,8,RRPCM,CO,Colorado,TOTAL,All students,1,All students,33.7281464936792,1,0
552,2005,R3,2005,2,Grade 8,MN:MN,RED,8,RRPCM,CT,Connecticut,TOTAL,All students,1,All students,264.012759246181,1,0
553,2005,R3,2005,2,Grade 8,SD:SD,RED,8,RRPCM,CT,Connecticut,TOTAL,All students,1,All students,35.986585904907,1,0
554,2005,R3,2005,2,Grade 8,MN:MN,RED,8,RRPCM,DC,District of Columbia,TOTAL,All students,1,All students,238.20309296003,1,0
555,2005,R3,2005,2,Grade 8,SD:SD,RED,8,RRPCM,DC,District of Columbia,TOTAL,All students,1,All students,36.7459602180949,1,0
556,2005,R3,2005,2,Grade 8,MN:MN,RED,8,RRPCM,DE,Delaware,TOTAL,All students,1,All students,266.00936537348,1,0
557,2005,R3,2005,2,Grade 8,SD:SD,RED,8,RRPCM,DE,Delaware,TOTAL,All students,1,All students,28.579425555744,1,0
558,2005,R3,2005,2,Grade 8,MN:MN,RED,8,RRPCM,FL,Florida,TOTAL,All students,1,All students,255.779970004926,1,0
559,2005,R3,2005,2,Grade 8,SD:SD,RED,8,RRPCM,FL,Florida,TOTAL,All students,1,All students,36.3937126300233,1,0
560,2005,R3,2005,2,Grade 8,MN:MN,RED,8,RRPCM,GA,Georgia,TOTAL,All students,1,All students,256.872381537265,1,0
561,2005,R3,2005,2,Grade 8,SD:SD,RED,8,RRPCM,GA,Georgia,TOTAL,All students,1,All students,34.8437542297449,1,0
562,2005,R3,2005,2,Grade 8,MN:MN,RED,8,RRPCM,HI,Hawaii,TOTAL,All students,1,All students,248.505423021221,1,0
563,2005,R3,2005,2,Grade 8,SD:SD,RED,8,RRPCM,HI,Hawaii,TOTAL,All students,1,All students,35.3817985493901,1,0
564,2005,R3,2005,2,Grade 8,MN:MN,RED,8,RRPCM,IA,Iowa,TOTAL,All students,1,All students,267.003171685311,1,0
565,2005,R3,2005,2,Grade 8,SD:SD,RED,8,RRPCM,IA,Iowa,TOTAL,All students,1,All students,31.4375920288391,1,0
566,2005,R3,2005,2,Grade 8,MN:MN,RED,8,RRPCM,ID,Idaho,TOTAL,All students,1,All students,264.301743791415,1,0
567,2005,R3,2005,2,Grade 8,SD:SD,RED,8,RRPCM,ID,Idaho,TOTAL,All students,1,All students,32.7789588257705,1,0
568,2005,R3,2005,2,Grade 8,MN:MN,RED,8,RRPCM,IL,Illinois,TOTAL,All students,1,All students,263.517029687837,1,0
569,2005,R3,2005,2,Grade 8,SD:SD,RED,8,RRPCM,IL,Illinois,TOTAL,All students,1,All students,33.6837688271388,1,0
570,2005,R3,2005,2,Grade 8,MN:MN,RED,8,RRPCM,IN,Indiana,TOTAL,All students,1,All students,261.013686455544,1,0
571,2005,R3,2005,2,Grade 8,SD:SD,RED,8,RRPCM,IN,Indiana,TOTAL,All students,1,All students,33.5725644158314,1,0
572,2005,R3,2005,2,Grade 8,MN:MN,RED,8,RRPCM,KS,Kansas,TOTAL,All students,1,All students,266.831233242163,1,0
573,2005,R3,2005,2,Grade 8,SD:SD,RED,8,RRPCM,KS,Kansas,TOTAL,All students,1,All students,32.578119333808,1,0
574,2005,R3,2005,2,Grade 8,MN:MN,RED,8,RRPCM,KY,Kentucky,TOTAL,All students,1,All students,263.938418419941,1,0
575,2005,R3,2005,2,Grade 8,SD:SD,RED,8,RRPCM,KY,Kentucky,TOTAL,All students,1,All students,33.0952076118949,1,0
576,2005,R3,2005,2,Grade 8,MN:MN,RED,8,RRPCM,LA,Louisiana,TOTAL,All students,1,All students,252.691593269226,1,0
577,2005,R3,2005,2,Grade 8,SD:SD,RED,8,RRPCM,LA,Louisiana,TOTAL,All students,1,All students,33.5897364387623,1,0
578,2005,R3,2005,2,Grade 8,MN:MN,RED,8,RRPCM,MA,Massachusetts,TOTAL,All students,1,All students,273.716062946534,1,0
579,2005,R3,2005,2,Grade 8,SD:SD,RED,8,RRPCM,MA,Massachusetts,TOTAL,All students,1,All students,32.958301327742,1,0
580,2005,R3,2005,2,Grade 8,MN:MN,RED,8,RRPCM,MD,Maryland,TOTAL,All students,1,All students,260.78238344543,1,0
581,2005,R3,2005,2,Grade 8,SD:SD,RED,8,RRPCM,MD,Maryland,TOTAL,All students,1,All students,36.0774431401059,1,0
582,2005,R3,2005,2,Grade 8,MN:MN,RED,8,RRPCM,ME,Maine,TOTAL,All students,1,All students,269.983443790132,1,0
583,2005,R3,2005,2,Grade 8,SD:SD,RED,8,RRPCM,ME,Maine,TOTAL,All students,1,All students,31.8153378214122,1,0
584,2005,R3,2005,2,Grade 8,MN:MN,RED,8,RRPCM,MI,Michigan,TOTAL,All students,1,All students,261.138472348508,1,0
585,2005,R3,2005,2,Grade 8,SD:SD,RED,8,RRPCM,MI,Michigan,TOTAL,All students,1,All students,33.6910584819428,1,0
586,2005,R3,2005,2,Grade 8,MN:MN,RED,8,RRPCM,MN,Minnesota,TOTAL,All students,1,All students,268.356672871089,1,0
587,2005,R3,2005,2,Grade 8,SD:SD,RED,8,RRPCM,MN,Minnesota,TOTAL,All students,1,All students,32.7326916630472,1,0
588,2005,R3,2005,2,Grade 8,MN:MN,RED,8,RRPCM,MO,Missouri,TOTAL,All students,1,All students,264.659368767086,1,0
589,2005,R3,2005,2,Grade 8,SD:SD,RED,8,RRPCM,MO,Missouri,TOTAL,All students,1,All students,31.8865190023106,1,0
590,2005,R3,2005,2,Grade 8,MN:MN,RED,8,RRPCM,MS,Mississippi,TOTAL,All students,1,All students,250.530668896407,1,0
591,2005,R3,2005,2,Grade 8,SD:SD,RED,8,RRPCM,MS,Mississippi,TOTAL,All students,1,All students,33.7843602911793,1,0
592,2005,R3,2005,2,Grade 8,MN:MN,RED,8,RRPCM,MT,Montana,TOTAL,All students,1,All students,269.224129746888,1,0
593,2005,R3,2005,2,Grade 8,SD:SD,RED,8,RRPCM,MT,Montana,TOTAL,All students,1,All students,30.1935134152619,1,0
594,2005,R3,2005,2,Grade 8,MN:MN,RED,8,RRPCM,NC,North Carolina,TOTAL,All students,1,All students,258.160185489234,1,0
595,2005,R3,2005,2,Grade 8,SD:SD,RED,8,RRPCM,NC,North Carolina,TOTAL,All students,1,All students,35.5201428187388,1,0
596,2005,R3,2005,2,Grade 8,MN:MN,RED,8,RRPCM,ND,North Dakota,TOTAL,All students,1,All students,270.243755830946,1,0
597,2005,R3,2005,2,Grade 8,SD:SD,RED,8,RRPCM,ND,North Dakota,TOTAL,All students,1,All students,28.7383584462435,1,0
598,2005,R3,2005,2,Grade 8,MN:MN,RED,8,RRPCM,NE,Nebraska,TOTAL,All students,1,All students,267.455694338449,1,0
599,2005,R3,2005,2,Grade 8,SD:SD,RED,8,RRPCM,NE,Nebraska,TOTAL,All students,1,All students,31.2504034345586,1,0
600,2005,R3,2005,2,Grade 8,MN:MN,RED,8,RRPCM,NH,New Hampshire,TOTAL,All students,1,All students,269.651270332586,1,0
601,2005,R3,2005,2,Grade 8,SD:SD,RED,8,RRPCM,NH,New Hampshire,TOTAL,All students,1,All students,32.3598745385635,1,0
602,2005,R3,2005,2,Grade 8,MN:MN,RED,8,RRPCM,NJ,New Jersey,TOTAL,All students,1,All students,269.423228138126,1,0
603,2005,R3,2005,2,Grade 8,SD:SD,RED,8,RRPCM,NJ,New Jersey,TOTAL,All students,1,All students,33.2251506722908,1,0
604,2005,R3,2005,2,Grade 8,MN:MN,RED,8,RRPCM,NM,New Mexico,TOTAL,All students,1,All students,251.033330748445,1,0
605,2005,R3,2005,2,Grade 8,SD:SD,RED,8,RRPCM,NM,New Mexico,TOTAL,All students,1,All students,34.5311075069373,1,0
606,2005,R3,2005,2,Grade 8,MN:MN,RED,8,RRPCM,NP,National public,TOTAL,All students,1,All students,260.404509701013,1,0
607,2005,R3,2005,2,Grade 8,SD:SD,RED,8,RRPCM,NP,National public,TOTAL,All students,1,All students,35.1076297907284,1,0
608,2005,R3,2005,2,Grade 8,MN:MN,RED,8,RRPCM,NR,National private,TOTAL,All students,1,All students,999.0,0,288
609,2005,R3,2005,2,Grade 8,SD:SD,RED,8,RRPCM,NR,National private,TOTAL,All students,1,All students,999.0,0,288
610,2005,R3,2005,2,Grade 8,MN:MN,RED,8,RRPCM,NT,National,TOTAL,All students,1,All students,262.169658855575,1,0
611,2005,R3,2005,2,Grade 8,SD:SD,RED,8,RRPCM,NT,National,TOTAL,All students,1,All students,35.1876643071342,1,0
612,2005,R3,2005,2,Grade 8,MN:MN,RED,8,RRPCM,NV,Nevada,TOTAL,All students,1,All students,252.86906252292,1,0
613,2005,R3,2005,2,Grade 8,SD:SD,RED,8,RRPCM,NV,Nevada,TOTAL,All students,1,All students,36.0557237992989,1,0
614,2005,R3,2005,2,Grade 8,MN:MN,RED,8,RRPCM,NY,New York,TOTAL,All students,1,All students,265.138561817316,1,0
615,2005,R3,2005,2,Grade 8,SD:SD,RED,8,RRPCM,NY,New York,TOTAL,All students,1,All students,34.2027870241205,1,0
616,2005,R3,2005,2,Grade 8,MN:MN,RED,8,RRPCM,OH,Ohio,TOTAL,All students,1,All students,266.767281184036,1,0
617,2005,R3,2005,2,Grade 8,SD:SD,RED,8,RRPCM,OH,Ohio,TOTAL,All students,1,All students,34.4643311357954,1,0
618,2005,R3,2005,2,Grade 8,MN:MN,RED,8,RRPCM,OK,Oklahoma,TOTAL,All students,1,All students,259.631359955752,1,0
619,2005,R3,2005,2,Grade 8,SD:SD,RED,8,RRPCM,OK,Oklahoma,TOTAL,All students,1,All students,31.4957980252727,1,0
620,2005,R3,2005,2,Grade 8,MN:MN,RED,8,RRPCM,OR,Oregon,TOTAL,All students,1,All students,263.156890818544,1,0
621,2005,R3,2005,2,Grade 8,SD:SD,RED,8,RRPCM,OR,Oregon,TOTAL,All students,1,All students,34.7515561314796,1,0
622,2005,R3,2005,2,Grade 8,MN:MN,RED,8,RRPCM,PA,Pennsylvania,TOTAL,All students,1,All students,266.821911059188,1,0
623,2005,R3,2005,2,Grade 8,SD:SD,RED,8,RRPCM,PA,Pennsylvania,TOTAL,All students,1,All students,34.5619466701224,1,0
624,2005,R3,2005,2,Grade 8,MN:MN,RED,8,RRPCM,RI,Rhode Island,TOTAL,All students,1,All students,260.968326762196,1,0
625,2005,R3,2005,2,Grade 8,SD:SD,RED,8,RRPCM,RI,Rhode Island,TOTAL,All students,1,All students,35.7947470609624,1,0
626,2005,R3,2005,2,Grade 8,MN:MN,RED,8,RRPCM,SC,South Carolina,TOTAL,All students,1,All students,257.16910456442,1,0
627,2005,R3,2005,2,Grade 8,SD:SD,RED,8,RRPCM,SC,South Carolina,TOTAL,All students,1,All students,34.013262163369,1,0
628,2005,R3,2005,2,Grade 8,MN:MN,RED,8,RRPCM,SD,South Dakota,TOTAL,All students,1,All students,268.540435645755,1,0
629,2005,R3,2005,2,Grade 8,SD:SD,RED,8,RRPCM,SD,South Dakota,TOTAL,All students,1,All students,29.456711011697,1,0
630,2005,R3,2005,2,Grade 8,MN:MN,RED,8,RRPCM,TN,Tennessee,TOTAL,All students,1,All students,259.072341834008,1,0
631,2005,R3,2005,2,Grade 8,SD:SD,RED,8,RRPCM,TN,Tennessee,TOTAL,All students,1,All students,32.9718135675684,1,0
632,2005,R3,2005,2,Grade 8,MN:MN,RED,8,RRPCM,TX,Texas,TOTAL,All students,1,All students,258.191597999486,1,0
633,2005,R3,2005,2,Grade 8,SD:SD,RED,8,RRPCM,TX,Texas,TOTAL,All students,1,All students,34.9238725122951,1,0
634,2005,R3,2005,2,Grade 8,MN:MN,RED,8,RRPCM,UT,Utah,TOTAL,All students,1,All students,261.87087212251,1,0
635,2005,R3,2005,2,Grade 8,SD:SD,RED,8,RRPCM,UT,Utah,TOTAL,All students,1,All students,33.2599280885353,1,0
636,2005,R3,2005,2,Grade 8,MN:MN,RED,8,RRPCM,VA,Virginia,TOTAL,All students,1,All students,267.808966738154,1,0
637,2005,R3,2005,2,Grade 8,SD:SD,RED,8,RRPCM,VA,Virginia,TOTAL,All students,1,All students,32.3335635048222,1,0
638,2005,R3,2005,2,Grade 8,MN:MN,RED,8,RRPCM,VT,Vermont,TOTAL,All students,1,All students,268.772420626961,1,0
639,2005,R3,2005,2,Grade 8,SD:SD,RED,8,RRPCM,VT,Vermont,TOTAL,All students,1,All students,32.8061507188325,1,0
640,2005,R3,2005,2,Grade 8,MN:MN,RED,8,RRPCM,WA,Washington,TOTAL,All students,1,All students,264.656551932316,1,0
641,2005,R3,2005,2,Grade 8,SD:SD,RED,8,RRPCM,WA,Washington,TOTAL,All students,1,All students,35.8351825098353,1,0
642,2005,R3,2005,2,Grade 8,MN:MN,RED,8,RRPCM,WI,Wisconsin,TOTAL,All students,1,All students,266.228560789199,1,0
643,2005,R3,2005,2,Grade 8,SD:SD,RED,8,RRPCM,WI,Wisconsin,TOTAL,All students,1,All students,34.557944611607,1,0
644,2005,R3,2005,2,Grade 8,MN:MN,RED,8,RRPCM,WV,West Virginia,TOTAL,All students,1,All students,255.0733795631,1,0
645,2005,R3,2005,2,Grade 8,SD:SD,RED,8,RRPCM,WV,West Virginia,TOTAL,All students,1,All students,33.8237329359221,1,0
646,2005,R3,2005,2,Grade 8,MN:MN,RED,8,RRPCM,WY,Wyoming,TOTAL,All students,1,All students,268.124234884295,1,0
647,2005,R3,2005,2,Grade 8,SD:SD,RED,8,RRPCM,WY,Wyoming,TOTAL,All students,1,All students,30.4779993258988,1,0
648,2007,R3,2007,2,Grade 8,MN:MN,RED,8,RRPCM,AK,Alaska,TOTAL,All students,1,All students,258.798455932602,1,0
649,2007,R3,2007,2,Grade 8,SD:SD,RED,8,RRPCM,AK,Alaska,TOTAL,All students,1,All students,35.3408703819113,1,0
650,2007,R3,2007,2,Grade 8,MN:MN,RED,8,RRPCM,AL,Alabama,TOTAL,All students,1,All students,251.936881437536,1,0
651,2007,R3,2007,2,Grade 8,SD:SD,RED,8,RRPCM,AL,Alabama,TOTAL,All students,1,All students,35.8697186436563,1,0
652,2007,R3,2007,2,Grade 8,MN:MN,RED,8,RRPCM,AR,Arkansas,TOTAL,All students,1,All students,257.96099580386,1,0
653,2007,R3,2007,2,Grade 8,SD:SD,RED,8,RRPCM,AR,Arkansas,TOTAL,All students,1,All students,33.7099461840829,1,0
654,2007,R3,2007,2,Grade 8,MN:MN,RED,8,RRPCM,AZ,Arizona,TOTAL,All students,1,All students,254.828792354004,1,0
655,2007,R3,2007,2,Grade 8,SD:SD,RED,8,RRPCM,AZ,Arizona,TOTAL,All students,1,All students,36.3883804069456,1,0
656,2007,R3,2007,2,Grade 8,MN:MN,RED,8,RRPCM,CA,California,TOTAL,All students,1,All students,251.287791535591,1,0
657,2007,R3,2007,2,Grade 8,SD:SD,RED,8,RRPCM,CA,California,TOTAL,All students,1,All students,37.8064239295778,1,0
658,2007,R3,2007,2,Grade 8,MN:MN,RED,8,RRPCM,CO,Colorado,TOTAL,All students,1,All students,266.407881623504,1,0
659,2007,R3,2007,2,Grade 8,SD:SD,RED,8,RRPCM,CO,Colorado,TOTAL,All students,1,All students,32.071403655023,1,0
660,2007,R3,2007,2,Grade 8,MN:MN,RED,8,RRPCM,CT,Connecticut,TOTAL,All students,1,All students,267.055691390062,1,0
661,2007,R3,2007,2,Grade 8,SD:SD,RED,8,RRPCM,CT,Connecticut,TOTAL,All students,1,All students,36.0592486378004,1,0
662,2007,R3,2007,2,Grade 8,MN:MN,RED,8,RRPCM,DC,District of Columbia,TOTAL,All students,1,All students,240.793624795109,1,0
663,2007,R3,2007,2,Grade 8,SD:SD,RED,8,RRPCM,DC,District of Columbia,TOTAL,All students,1,All students,35.0192001393655,1,0
664,2007,R3,2007,2,Grade 8,MN:MN,RED,8,RRPCM,DE,Delaware,TOTAL,All students,1,All students,264.544830664544,1,0
665,2007,R3,2007,2,Grade 8,SD:SD,RED,8,RRPCM,DE,Delaware,TOTAL,All students,1,All students,30.9345462690438,1,0
666,2007,R3,2007,2,Grade 8,MN:MN,RED,8,RRPCM,FL,Florida,TOTAL,All students,1,All students,259.790720651776,1,0
667,2007,R3,2007,2,Grade 8,SD:SD,RED,8,RRPCM,FL,Florida,TOTAL,All students,1,All students,34.9788875014668,1,0
668,2007,R3,2007,2,Grade 8,MN:MN,RED,8,RRPCM,GA,Georgia,TOTAL,All students,1,All students,258.70499279234,1,0
669,2007,R3,2007,2,Grade 8,SD:SD,RED,8,RRPCM,GA,Georgia,TOTAL,All students,1,All students,33.2762759529784,1,0
670,2007,R3,2007,2,Grade 8,MN:MN,RED,8,RRPCM,HI,Hawaii,TOTAL,All students,1,All students,251.330810691924,1,0
671,2007,R3,2007,2,Grade 8,SD:SD,RED,8,RRPCM,HI,Hawaii,TOTAL,All students,1,All students,35.7730120445087,1,0
672,2007,R3,2007,2,Grade 8,MN:MN,RED,8,RRPCM,IA,Iowa,TOTAL,All students,1,All students,267.450719560442,1,0
673,2007,R3,2007,2,Grade 8,SD:SD,RED,8,RRPCM,IA,Iowa,TOTAL,All students,1,All students,32.7973911116601,1,0
674,2007,R3,2007,2,Grade 8,MN:MN,RED,8,RRPCM,ID,Idaho,TOTAL,All students,1,All students,264.886342446047,1,0
675,2007,R3,2007,2,Grade 8,SD:SD,RED,8,RRPCM,ID,Idaho,TOTAL,All students,1,All students,31.0080842030162,1,0
676,2007,R3,2007,2,Grade 8,MN:MN,RED,8,RRPCM,IL,Illinois,TOTAL,All students,1,All students,262.826617097915,1,0
677,2007,R3,2007,2,Grade 8,SD:SD,RED,8,RRPCM,IL,Illinois,TOTAL,All students,1,All students,33.4007180044442,1,0
678,2007,R3,2007,2,Grade 8,MN:MN,RED,8,RRPCM,IN,Indiana,TOTAL,All students,1,All students,264.095960900362,1,0
679,2007,R3,2007,2,Grade 8,SD:SD,RED,8,RRPCM,IN,Indiana,TOTAL,All students,1,All students,32.5943393104243,1,0
680,2007,R3,2007,2,Grade 8,MN:MN,RED,8,RRPCM,KS,Kansas,TOTAL,All students,1,All students,267.413790936682,1,0
681,2007,R3,2007,2,Grade 8,SD:SD,RED,8,RRPCM,KS,Kansas,TOTAL,All students,1,All students,30.6867021169671,1,0
682,2007,R3,2007,2,Grade 8,MN:MN,RED,8,RRPCM,KY,Kentucky,TOTAL,All students,1,All students,261.965950993654,1,0
683,2007,R3,2007,2,Grade 8,SD:SD,RED,8,RRPCM,KY,Kentucky,TOTAL,All students,1,All students,32.4487598499816,1,0
684,2007,R3,2007,2,Grade 8,MN:MN,RED,8,RRPCM,LA,Louisiana,TOTAL,All students,1,All students,253.238294281289,1,0
685,2007,R3,2007,2,Grade 8,SD:SD,RED,8,RRPCM,LA,Louisiana,TOTAL,All students,1,All students,32.2133481404455,1,0
686,2007,R3,2007,2,Grade 8,MN:MN,RED,8,RRPCM,MA,Massachusetts,TOTAL,All students,1,All students,273.284048809294,1,0
687,2007,R3,2007,2,Grade 8,SD:SD,RED,8,RRPCM,MA,Massachusetts,TOTAL,All students,1,All students,31.6891214860618,1,0
688,2007,R3,2007,2,Grade 8,MN:MN,RED,8,RRPCM,MD,Maryland,TOTAL,All students,1,All students,265.240121492132,1,0
689,2007,R3,2007,2,Grade 8,SD:SD,RED,8,RRPCM,MD,Maryland,TOTAL,All students,1,All students,33.4098265203058,1,0
690,2007,R3,2007,2,Grade 8,MN:MN,RED,8,RRPCM,ME,Maine,TOTAL,All students,1,All students,269.920153818638,1,0
691,2007,R3,2007,2,Grade 8,SD:SD,RED,8,RRPCM,ME,Maine,TOTAL,All students,1,All students,29.6939500608368,1,0
692,2007,R3,2007,2,Grade 8,MN:MN,RED,8,RRPCM,MI,Michigan,TOTAL,All students,1,All students,260.317706092973,1,0
693,2007,R3,2007,2,Grade 8,SD:SD,RED,8,RRPCM,MI,Michigan,TOTAL,All students,1,All students,33.9146302438206,1,0
694,2007,R3,2007,2,Grade 8,MN:MN,RED,8,RRPCM,MN,Minnesota,TOTAL,All students,1,All students,268.197442761373,1,0
695,2007,R3,2007,2,Grade 8,SD:SD,RED,8,RRPCM,MN,Minnesota,TOTAL,All students,1,All students,32.6976661030978,1,0
696,2007,R3,2007,2,Grade 8,MN:MN,RED,8,RRPCM,MO,Missouri,TOTAL,All students,1,All students,263.442315999206,1,0
697,2007,R3,2007,2,Grade 8,SD:SD,RED,8,RRPCM,MO,Missouri,TOTAL,All students,1,All students,33.5571345923986,1,0
698,2007,R3,2007,2,Grade 8,MN:MN,RED,8,RRPCM,MS,Mississippi,TOTAL,All students,1,All students,250.063570104392,1,0
699,2007,R3,2007,2,Grade 8,SD:SD,RED,8,RRPCM,MS,Mississippi,TOTAL,All students,1,All students,33.7255534733494,1,0
700,2007,R3,2007,2,Grade 8,MN:MN,RED,8,RRPCM,MT,Montana,TOTAL,All students,1,All students,270.937849960978,1,0
701,2007,R3,2007,2,Grade 8,SD:SD,RED,8,RRPCM,MT,Montana,TOTAL,All students,1,All students,29.3174230347737,1,0
702,2007,R3,2007,2,Grade 8,MN:MN,RED,8,RRPCM,NC,North Carolina,TOTAL,All students,1,All students,259.136703088411,1,0
703,2007,R3,2007,2,Grade 8,SD:SD,RED,8,RRPCM,NC,North Carolina,TOTAL,All students,1,All students,36.0897386541237,1,0
704,2007,R3,2007,2,Grade 8,MN:MN,RED,8,RRPCM,ND,North Dakota,TOTAL,All students,1,All students,268.017670542433,1,0
705,2007,R3,2007,2,Grade 8,SD:SD,RED,8,RRPCM,ND,North Dakota,TOTAL,All students,1,All students,26.6415552928015,1,0
706,2007,R3,2007,2,Grade 8,MN:MN,RED,8,RRPCM,NE,Nebraska,TOTAL,All students,1,All students,267.030850555401,1,0
707,2007,R3,2007,2,Grade 8,SD:SD,RED,8,RRPCM,NE,Nebraska,TOTAL,All students,1,All students,32.3352220775847,1,0
708,2007,R3,2007,2,Grade 8,MN:MN,RED,8,RRPCM,NH,New Hampshire,TOTAL,All students,1,All students,269.734588561039,1,0
709,2007,R3,2007,2,Grade 8,SD:SD,RED,8,RRPCM,NH,New Hampshire,TOTAL,All students,1,All students,30.3545360192843,1,0
710,2007,R3,2007,2,Grade 8,MN:MN,RED,8,RRPCM,NJ,New Jersey,TOTAL,All students,1,All students,270.141550284263,1,0
711,2007,R3,2007,2,Grade 8,SD:SD,RED,8,RRPCM,NJ,New Jersey,TOTAL,All students,1,All students,32.859392287496,1,0
712,2007,R3,2007,2,Grade 8,MN:MN,RED,8,RRPCM,NM,New Mexico,TOTAL,All students,1,All students,250.75317445253,1,0
713,2007,R3,2007,2,Grade 8,SD:SD,RED,8,RRPCM,NM,New Mexico,TOTAL,All students,1,All students,33.0368802447609,1,0
714,2007,R3,2007,2,Grade 8,MN:MN,RED,8,RRPCM,NP,National public,TOTAL,All students,1,All students,261.013950653666,1,0
715,2007,R3,2007,2,Grade 8,SD:SD,RED,8,RRPCM,NP,National public,TOTAL,All students,1,All students,34.6879024282604,1,0
716,2007,R3,2007,2,Grade 8,MN:MN,RED,8,RRPCM,NR,National private,TOTAL,All students,1,All students,280.402645898721,1,0
717,2007,R3,2007,2,Grade 8,SD:SD,RED,8,RRPCM,NR,National private,TOTAL,All students,1,All students,31.292443697923,1,0
718,2007,R3,2007,2,Grade 8,MN:MN,RED,8,RRPCM,NT,National,TOTAL,All students,1,All students,262.791677985083,1,0
719,2007,R3,2007,2,Grade 8,SD:SD,RED,8,RRPCM,NT,National,TOTAL,All students,1,All students,34.8476917475478,1,0
720,2007,R3,2007,2,Grade 8,MN:MN,RED,8,RRPCM,NV,Nevada,TOTAL,All students,1,All students,252.348473866768,1,0
721,2007,R3,2007,2,Grade 8,SD:SD,RED,8,RRPCM,NV,Nevada,TOTAL,All students,1,All students,37.4472634217652,1,0
722,2007,R3,2007,2,Grade 8,MN:MN,RED,8,RRPCM,NY,New York,TOTAL,All students,1,All students,263.54571646767,1,0
723,2007,R3,2007,2,Grade 8,SD:SD,RED,8,RRPCM,NY,New York,TOTAL,All students,1,All students,34.4734877231238,1,0
724,2007,R3,2007,2,Grade 8,MN:MN,RED,8,RRPCM,OH,Ohio,TOTAL,All students,1,All students,267.978979400559,1,0
725,2007,R3,2007,2,Grade 8,SD:SD,RED,8,RRPCM,OH,Ohio,TOTAL,All students,1,All students,32.1941189874383,1,0
726,2007,R3,2007,2,Grade 8,MN:MN,RED,8,RRPCM,OK,Oklahoma,TOTAL,All students,1,All students,259.547225161046,1,0
727,2007,R3,2007,2,Grade 8,SD:SD,RED,8,RRPCM,OK,Oklahoma,TOTAL,All students,1,All students,32.6050318349386,1,0
728,2007,R3,2007,2,Grade 8,MN:MN,RED,8,RRPCM,OR,Oregon,TOTAL,All students,1,All students,265.710210180337,1,0
729,2007,R3,2007,2,Grade 8,SD:SD,RED,8,RRPCM,OR,Oregon,TOTAL,All students,1,All students,33.5445319548131,1,0
730,2007,R3,2007,2,Grade 8,MN:MN,RED,8,RRPCM,PA,Pennsylvania,TOTAL,All students,1,All students,267.665630227785,1,0
731,2007,R3,2007,2,Grade 8,SD:SD,RED,8,RRPCM,PA,Pennsylvania,TOTAL,All students,1,All students,33.2956046285002,1,0
732,2007,R3,2007,2,Grade 8,MN:MN,RED,8,RRPCM,RI,Rhode Island,TOTAL,All students,1,All students,258.321117711185,1,0
733,2007,R3,2007,2,Grade 8,SD:SD,RED,8,RRPCM,RI,Rhode Island,TOTAL,All students,1,All students,35.6622930115316,1,0
734,2007,R3,2007,2,Grade 8,MN:MN,RED,8,RRPCM,SC,South Carolina,TOTAL,All students,1,All students,257.421202792973,1,0
735,2007,R3,2007,2,Grade 8,SD:SD,RED,8,RRPCM,SC,South Carolina,TOTAL,All students,1,All students,33.518261876931,1,0
736,2007,R3,2007,2,Grade 8,MN:MN,RED,8,RRPCM,SD,South Dakota,TOTAL,All students,1,All students,269.596763416027,1,0
737,2007,R3,2007,2,Grade 8,SD:SD,RED,8,RRPCM,SD,South Dakota,TOTAL,All students,1,All students,30.1626130494209,1,0
738,2007,R3,2007,2,Grade 8,MN:MN,RED,8,RRPCM,TN,Tennessee,TOTAL,All students,1,All students,259.161954905287,1,0
739,2007,R3,2007,2,Grade 8,SD:SD,RED,8,RRPCM,TN,Tennessee,TOTAL,All students,1,All students,33.0050424915722,1,0
740,2007,R3,2007,2,Grade 8,MN:MN,RED,8,RRPCM,TX,Texas,TOTAL,All students,1,All students,260.812919224922,1,0
741,2007,R3,2007,2,Grade 8,SD:SD,RED,8,RRPCM,TX,Texas,TOTAL,All students,1,All students,33.051084906324,1,0
742,2007,R3,2007,2,Grade 8,MN:MN,RED,8,RRPCM,UT,Utah,TOTAL,All students,1,All students,262.228024678962,1,0
743,2007,R3,2007,2,Grade 8,SD:SD,RED,8,RRPCM,UT,Utah,TOTAL,All students,1,All students,33.7824645479644,1,0
744,2007,R3,2007,2,Grade 8,MN:MN,RED,8,RRPCM,VA,Virginia,TOTAL,All students,1,All students,266.878737486076,1,0
745,2007,R3,2007,2,Grade 8,SD:SD,RED,8,RRPCM,VA,Virginia,TOTAL,All students,1,All students,31.3217485321377,1,0
746,2007,R3,2007,2,Grade 8,MN:MN,RED,8,RRPCM,VT,Vermont,TOTAL,All students,1,All students,273.045757236707,1,0
747,2007,R3,2007,2,Grade 8,SD:SD,RED,8,RRPCM,VT,Vermont,TOTAL,All students,1,All students,30.3696459351403,1,0
748,2007,R3,2007,2,Grade 8,MN:MN,RED,8,RRPCM,WA,Washington,TOTAL,All students,1,All students,264.947778144606,1,0
749,2007,R3,2007,2,Grade 8,SD:SD,RED,8,RRPCM,WA,Washington,TOTAL,All students,1,All students,34.2873306928733,1,0
750,2007,R3,2007,2,Grade 8,MN:MN,RED,8,RRPCM,WI,Wisconsin,TOTAL,All students,1,All students,264.184509633385,1,0
751,2007,R3,2007,2,Grade 8,SD:SD,RED,8,RRPCM,WI,Wisconsin,TOTAL,All students,1,All students,34.7797259570405,1,0
752,2007,R3,2007,2,Grade 8,MN:MN,RED,8,RRPCM,WV,West Virginia,TOTAL,All students,1,All students,254.998552385478,1,0
753,2007,R3,2007,2,Grade 8,SD:SD,RED,8,RRPCM,WV,West Virginia,TOTAL,All students,1,All students,35.4327683489615,1,0
754,2007,R3,2007,2,Grade 8,MN:MN,RED,8,RRPCM,WY,Wyoming,TOTAL,All students,1,All students,266.225543582491,1,0
755,2007,R3,2007,2,Grade 8,SD:SD,RED,8,RRPCM,WY,Wyoming,TOTAL,All students,1,All students,30.6964718298918,1,0
756,2009,R3,2009,2,Grade 8,MN:MN,RED,8,RRPCM,AK,Alaska,TOTAL,All students,1,All students,259.449426538116,1,0
757,2009,R3,2009,2,Grade 8,SD:SD,RED,8,RRPCM,AK,Alaska,TOTAL,All students,1,All students,33.9611934566609,1,0
758,2009,R3,2009,2,Grade 8,MN:MN,RED,8,RRPCM,AL,Alabama,TOTAL,All students,1,All students,254.89524659554,1,0
759,2009,R3,2009,2,Grade 8,SD:SD,RED,8,RRPCM,AL,Alabama,TOTAL,All students,1,All students,35.301961979209,1,0
760,2009,R3,2009,2,Grade 8,MN:MN,RED,8,RRPCM,AR,Arkansas,TOTAL,All students,1,All students,258.048580163614,1,0
761,2009,R3,2009,2,Grade 8,SD:SD,RED,8,RRPCM,AR,Arkansas,TOTAL,All students,1,All students,36.0166890208038,1,0
762,2009,R3,2009,2,Grade 8,MN:MN,RED,8,RRPCM,AZ,Arizona,TOTAL,All students,1,All students,257.595275452299,1,0
763,2009,R3,2009,2,Grade 8,SD:SD,RED,8,RRPCM,AZ,Arizona,TOTAL,All students,1,All students,37.063950314417,1,0
764,2009,R3,2009,2,Grade 8,MN:MN,RED,8,RRPCM,CA,California,TOTAL,All students,1,All students,252.631380782334,1,0
765,2009,R3,2009,2,Grade 8,SD:SD,RED,8,RRPCM,CA,California,TOTAL,All students,1,All students,37.5575279150831,1,0
766,2009,R3,2009,2,Grade 8,MN:MN,RED,8,RRPCM,CO,Colorado,TOTAL,All students,1,All students,265.51311994428,1,0
767,2009,R3,2009,2,Grade 8,SD:SD,RED,8,RRPCM,CO,Colorado,TOTAL,All students,1,All students,32.1214728733586,1,0
768,2009,R3,2009,2,Grade 8,MN:MN,RED,8,RRPCM,CT,Connecticut,TOTAL,All students,1,All students,271.810133169712,1,0
769,2009,R3,2009,2,Grade 8,SD:SD,RED,8,RRPCM,CT,Connecticut,TOTAL,All students,1,All students,34.1052442359745,1,0
770,2009,R3,2009,2,Grade 8,MN:MN,RED,8,RRPCM,DC,District of Columbia,TOTAL,All students,1,All students,242.490424305314,1,0
771,2009,R3,2009,2,Grade 8,SD:SD,RED,8,RRPCM,DC,District of Columbia,TOTAL,All students,1,All students,35.9721879958924,1,0
772,2009,R3,2009,2,Grade 8,MN:MN,RED,8,RRPCM,DE,Delaware,TOTAL,All students,1,All students,264.998966063101,1,0
773,2009,R3,2009,2,Grade 8,SD:SD,RED,8,RRPCM,DE,Delaware,TOTAL,All students,1,All students,30.013609780611,1,0
774,2009,R3,2009,2,Grade 8,MN:MN,RED,8,RRPCM,FL,Florida,TOTAL,All students,1,All students,264.362040854787,1,0
775,2009,R3,2009,2,Grade 8,SD:SD,RED,8,RRPCM,FL,Florida,TOTAL,All students,1,All students,32.6976510514033,1,0
776,2009,R3,2009,2,Grade 8,MN:MN,RED,8,RRPCM,GA,Georgia,TOTAL,All students,1,All students,260.244524519648,1,0
777,2009,R3,2009,2,Grade 8,SD:SD,RED,8,RRPCM,GA,Georgia,TOTAL,All students,1,All students,33.0715994173596,1,0
778,2009,R3,2009,2,Grade 8,MN:MN,RED,8,RRPCM,HI,Hawaii,TOTAL,All students,1,All students,254.738979931593,1,0
779,2009,R3,2009,2,Grade 8,SD:SD,RED,8,RRPCM,HI,Hawaii,TOTAL,All students,1,All students,33.8706602186425,1,0
780,2009,R3,2009,2,Grade 8,MN:MN,RED,8,RRPCM,IA,Iowa,TOTAL,All students,1,All students,264.888126041644,1,0
781,2009,R3,2009,2,Grade 8,SD:SD,RED,8,RRPCM,IA,Iowa,TOTAL,All students,1,All students,31.9769025153129,1,0
782,2009,R3,2009,2,Grade 8,MN:MN,RED,8,RRPCM,ID,Idaho,TOTAL,All students,1,All students,264.837184984886,1,0
783,2009,R3,2009,2,Grade 8,SD:SD,RED,8,RRPCM,ID,Idaho,TOTAL,All students,1,All students,32.7195592700683,1,0
784,2009,R3,2009,2,Grade 8,MN:MN,RED,8,RRPCM,IL,Illinois,TOTAL,All students,1,All students,264.514002261585,1,0
785,2009,R3,2009,2,Grade 8,SD:SD,RED,8,RRPCM,IL,Illinois,TOTAL,All students,1,All students,33.3307806780555,1,0
786,2009,R3,2009,2,Grade 8,MN:MN,RED,8,RRPCM,IN,Indiana,TOTAL,All students,1,All students,265.69124060951,1,0
787,2009,R3,2009,2,Grade 8,SD:SD,RED,8,RRPCM,IN,Indiana,TOTAL,All students,1,All students,31.0285568406005,1,0
788,2009,R3,2009,2,Grade 8,MN:MN,RED,8,RRPCM,KS,Kansas,TOTAL,All students,1,All students,266.799519310717,1,0
789,2009,R3,2009,2,Grade 8,SD:SD,RED,8,RRPCM,KS,Kansas,TOTAL,All students,1,All students,29.9881519688043,1,0
790,2009,R3,2009,2,Grade 8,MN:MN,RED,8,RRPCM,KY,Kentucky,TOTAL,All students,1,All students,266.854019810768,1,0
791,2009,R3,2009,2,Grade 8,SD:SD,RED,8,RRPCM,KY,Kentucky,TOTAL,All students,1,All students,30.898472371915,1,0
792,2009,R3,2009,2,Grade 8,MN:MN,RED,8,RRPCM,LA,Louisiana,TOTAL,All students,1,All students,253.329004007468,1,0
793,2009,R3,2009,2,Grade 8,SD:SD,RED,8,RRPCM,LA,Louisiana,TOTAL,All students,1,All students,33.7119498641244,1,0
794,2009,R3,2009,2,Grade 8,MN:MN,RED,8,RRPCM,MA,Massachusetts,TOTAL,All students,1,All students,273.589289718711,1,0
795,2009,R3,2009,2,Grade 8,SD:SD,RED,8,RRPCM,MA,Massachusetts,TOTAL,All students,1,All students,33.1214138248505,1,0
796,2009,R3,2009,2,Grade 8,MN:MN,RED,8,RRPCM,MD,Maryland,TOTAL,All students,1,All students,267.298056489004,1,0
797,2009,R3,2009,2,Grade 8,SD:SD,RED,8,RRPCM,MD,Maryland,TOTAL,All students,1,All students,33.9137667966724,1,0
798,2009,R3,2009,2,Grade 8,MN:MN,RED,8,RRPCM,ME,Maine,TOTAL,All students,1,All students,267.706499608477,1,0
799,2009,R3,2009,2,Grade 8,SD:SD,RED,8,RRPCM,ME,Maine,TOTAL,All students,1,All students,31.415762394436,1,0
800,2009,R3,2009,2,Grade 8,MN:MN,RED,8,RRPCM,MI,Michigan,TOTAL,All students,1,All students,261.898150017122,1,0
801,2009,R3,2009,2,Grade 8,SD:SD,RED,8,RRPCM,MI,Michigan,TOTAL,All students,1,All students,34.9525717347132,1,0
802,2009,R3,2009,2,Grade 8,MN:MN,RED,8,RRPCM,MN,Minnesota,TOTAL,All students,1,All students,269.739820132507,1,0
803,2009,R3,2009,2,Grade 8,SD:SD,RED,8,RRPCM,MN,Minnesota,TOTAL,All students,1,All students,31.5044157704551,1,0
804,2009,R3,2009,2,Grade 8,MN:MN,RED,8,RRPCM,MO,Missouri,TOTAL,All students,1,All students,266.876460156868,1,0
805,2009,R3,2009,2,Grade 8,SD:SD,RED,8,RRPCM,MO,Missouri,TOTAL,All students,1,All students,31.4936253947827,1,0
806,2009,R3,2009,2,Grade 8,MN:MN,RED,8,RRPCM,MS,Mississippi,TOTAL,All students,1,All students,251.305654614612,1,0
807,2009,R3,2009,2,Grade 8,SD:SD,RED,8,RRPCM,MS,Mississippi,TOTAL,All students,1,All students,34.0193700465607,1,0
808,2009,R3,2009,2,Grade 8,MN:MN,RED,8,RRPCM,MT,Montana,TOTAL,All students,1,All students,270.393925995333,1,0
809,2009,R3,2009,2,Grade 8,SD:SD,RED,8,RRPCM,MT,Montana,TOTAL,All students,1,All students,29.3318694800416,1,0
810,2009,R3,2009,2,Grade 8,MN:MN,RED,8,RRPCM,NC,North Carolina,TOTAL,All students,1,All students,259.528486560755,1,0
811,2009,R3,2009,2,Grade 8,SD:SD,RED,8,RRPCM,NC,North Carolina,TOTAL,All students,1,All students,36.0605298038098,1,0
812,2009,R3,2009,2,Grade 8,MN:MN,RED,8,RRPCM,ND,North Dakota,TOTAL,All students,1,All students,269.239984852546,1,0
813,2009,R3,2009,2,Grade 8,SD:SD,RED,8,RRPCM,ND,North Dakota,TOTAL,All students,1,All students,27.7766311292996,1,0
814,2009,R3,2009,2,Grade 8,MN:MN,RED,8,RRPCM,NE,Nebraska,TOTAL,All students,1,All students,267.067856574245,1,0
815,2009,R3,2009,2,Grade 8,SD:SD,RED,8,RRPCM,NE,Nebraska,TOTAL,All students,1,All students,31.2851354529733,1,0
816,2009,R3,2009,2,Grade 8,MN:MN,RED,8,RRPCM,NH,New Hampshire,TOTAL,All students,1,All students,270.748158823326,1,0
817,2009,R3,2009,2,Grade 8,SD:SD,RED,8,RRPCM,NH,New Hampshire,TOTAL,All students,1,All students,32.0598080323132,1,0
818,2009,R3,2009,2,Grade 8,MN:MN,RED,8,RRPCM,NJ,New Jersey,TOTAL,All students,1,All students,272.80263385761,1,0
819,2009,R3,2009,2,Grade 8,SD:SD,RED,8,RRPCM,NJ,New Jersey,TOTAL,All students,1,All students,31.7391253013812,1,0
820,2009,R3,2009,2,Grade 8,MN:MN,RED,8,RRPCM,NM,New Mexico,TOTAL,All students,1,All students,254.129173669956,1,0
821,2009,R3,2009,2,Grade 8,SD:SD,RED,8,RRPCM,NM,New Mexico,TOTAL,All students,1,All students,34.5046195418062,1,0
822,2009,R3,2009,2,Grade 8,MN:MN,RED,8,RRPCM,NP,National public,TOTAL,All students,1,All students,262.293617740823,1,0
823,2009,R3,2009,2,Grade 8,SD:SD,RED,8,RRPCM,NP,National public,TOTAL,All students,1,All students,34.3838928471236,1,0
824,2009,R3,2009,2,Grade 8,MN:MN,RED,8,RRPCM,NR,National private,TOTAL,All students,1,All students,281.622448881176,1,0
825,2009,R3,2009,2,Grade 8,SD:SD,RED,8,RRPCM,NR,National private,TOTAL,All students,1,All students,28.2793556991524,1,0
826,2009,R3,2009,2,Grade 8,MN:MN,RED,8,RRPCM,NT,National,TOTAL,All students,1,All students,264.009995529273,1,0
827,2009,R3,2009,2,Grade 8,SD:SD,RED,8,RRPCM,NT,National,TOTAL,All students,1,All students,34.3321947808159,1,0
828,2009,R3,2009,2,Grade 8,MN:MN,RED,8,RRPCM,NV,Nevada,TOTAL,All students,1,All students,253.84095441963,1,0
829,2009,R3,2009,2,Grade 8,SD:SD,RED,8,RRPCM,NV,Nevada,TOTAL,All students,1,All students,35.5112488792804,1,0
830,2009,R3,2009,2,Grade 8,MN:MN,RED,8,RRPCM,NY,New York,TOTAL,All students,1,All students,264.288057457975,1,0
831,2009,R3,2009,2,Grade 8,SD:SD,RED,8,RRPCM,NY,New York,TOTAL,All students,1,All students,34.968713241538,1,0
832,2009,R3,2009,2,Grade 8,MN:MN,RED,8,RRPCM,OH,Ohio,TOTAL,All students,1,All students,268.67823553327,1,0
833,2009,R3,2009,2,Grade 8,SD:SD,RED,8,RRPCM,OH,Ohio,TOTAL,All students,1,All students,32.2466118380309,1,0
834,2009,R3,2009,2,Grade 8,MN:MN,RED,8,RRPCM,OK,Oklahoma,TOTAL,All students,1,All students,259.495771007061,1,0
835,2009,R3,2009,2,Grade 8,SD:SD,RED,8,RRPCM,OK,Oklahoma,TOTAL,All students,1,All students,31.7786514417542,1,0
836,2009,R3,2009,2,Grade 8,MN:MN,RED,8,RRPCM,OR,Oregon,TOTAL,All students,1,All students,265.08924671644,1,0
837,2009,R3,2009,2,Grade 8,SD:SD,RED,8,RRPCM,OR,Oregon,TOTAL,All students,1,All students,33.3441055430364,1,0
838,2009,R3,2009,2,Grade 8,MN:MN,RED,8,RRPCM,PA,Pennsylvania,TOTAL,All students,1,All students,270.700536709088,1,0
839,2009,R3,2009,2,Grade 8,SD:SD,RED,8,RRPCM,PA,Pennsylvania,TOTAL,All students,1,All students,32.1192190434363,1,0
840,2009,R3,2009,2,Grade 8,MN:MN,RED,8,RRPCM,RI,Rhode Island,TOTAL,All students,1,All students,259.885589729898,1,0
841,2009,R3,2009,2,Grade 8,SD:SD,RED,8,RRPCM,RI,Rhode Island,TOTAL,All students,1,All students,34.2648138880863,1,0
842,2009,R3,2009,2,Grade 8,MN:MN,RED,8,RRPCM,SC,South Carolina,TOTAL,All students,1,All students,257.274184592561,1,0
843,2009,R3,2009,2,Grade 8,SD:SD,RED,8,RRPCM,SC,South Carolina,TOTAL,All students,1,All students,34.1709328959633,1,0
844,2009,R3,2009,2,Grade 8,MN:MN,RED,8,RRPCM,SD,South Dakota,TOTAL,All students,1,All students,270.06099022928,1,0
845,2009,R3,2009,2,Grade 8,SD:SD,RED,8,RRPCM,SD,South Dakota,TOTAL,All students,1,All students,28.2064603665732,1,0
846,2009,R3,2009,2,Grade 8,MN:MN,RED,8,RRPCM,TN,Tennessee,TOTAL,All students,1,All students,260.946676191649,1,0
847,2009,R3,2009,2,Grade 8,SD:SD,RED,8,RRPCM,TN,Tennessee,TOTAL,All students,1,All students,32.5617110929801,1,0
848,2009,R3,2009,2,Grade 8,MN:MN,RED,8,RRPCM,TX,Texas,TOTAL,All students,1,All students,260.368795018986,1,0
849,2009,R3,2009,2,Grade 8,SD:SD,RED,8,RRPCM,TX,Texas,TOTAL,All students,1,All students,32.8517377548346,1,0
850,2009,R3,2009,2,Grade 8,MN:MN,RED,8,RRPCM,UT,Utah,TOTAL,All students,1,All students,265.591577109328,1,0
851,2009,R3,2009,2,Grade 8,SD:SD,RED,8,RRPCM,UT,Utah,TOTAL,All students,1,All students,31.8519348185499,1,0
852,2009,R3,2009,2,Grade 8,MN:MN,RED,8,RRPCM,VA,Virginia,TOTAL,All students,1,All students,265.641981716133,1,0
853,2009,R3,2009,2,Grade 8,SD:SD,RED,8,RRPCM,VA,Virginia,TOTAL,All students,1,All students,31.3238937786601,1,0
854,2009,R3,2009,2,Grade 8,MN:MN,RED,8,RRPCM,VT,Vermont,TOTAL,All students,1,All students,272.305134189083,1,0
855,2009,R3,2009,2,Grade 8,SD:SD,RED,8,RRPCM,VT,Vermont,TOTAL,All students,1,All students,30.5868016378468,1,0
856,2009,R3,2009,2,Grade 8,MN:MN,RED,8,RRPCM,WA,Washington,TOTAL,All students,1,All students,266.917617143622,1,0
857,2009,R3,2009,2,Grade 8,SD:SD,RED,8,RRPCM,WA,Washington,TOTAL,All students,1,All students,34.7938798389595,1,0
858,2009,R3,2009,2,Grade 8,MN:MN,RED,8,RRPCM,WI,Wisconsin,TOTAL,All students,1,All students,265.812615742952,1,0
859,2009,R3,2009,2,Grade 8,SD:SD,RED,8,RRPCM,WI,Wisconsin,TOTAL,All students,1,All students,32.8706368141614,1,0
860,2009,R3,2009,2,Grade 8,MN:MN,RED,8,RRPCM,WV,West Virginia,TOTAL,All students,1,All students,254.799747493408,1,0
861,2009,R3,2009,2,Grade 8,SD:SD,RED,8,RRPCM,WV,West Virginia,TOTAL,All students,1,All students,35.1183233445803,1,0
862,2009,R3,2009,2,Grade 8,MN:MN,RED,8,RRPCM,WY,Wyoming,TOTAL,All students,1,All students,268.159428117446,1,0
863,2009,R3,2009,2,Grade 8,SD:SD,RED,8,RRPCM,WY,Wyoming,TOTAL,All students,1,All students,28.4636455563929,1,0
864,2011,R3,2011,2,Grade 8,MN:MN,RED,8,RRPCM,AK,Alaska,TOTAL,All students,1,All students,261.2852520164,1,0
865,2011,R3,2011,2,Grade 8,SD:SD,RED,8,RRPCM,AK,Alaska,TOTAL,All students,1,All students,36.5827148420448,1,0
866,2011,R3,2011,2,Grade 8,MN:MN,RED,8,RRPCM,AL,Alabama,TOTAL,All students,1,All students,258.421090379483,1,0
867,2011,R3,2011,2,Grade 8,SD:SD,RED,8,RRPCM,AL,Alabama,TOTAL,All students,1,All students,34.0201607933496,1,0
868,2011,R3,2011,2,Grade 8,MN:MN,RED,8,RRPCM,AR,Arkansas,TOTAL,All students,1,All students,259.140937770185,1,0
869,2011,R3,2011,2,Grade 8,SD:SD,RED,8,RRPCM,AR,Arkansas,TOTAL,All students,1,All students,34.9089948506908,1,0
870,2011,R3,2011,2,Grade 8,MN:MN,RED,8,RRPCM,AZ,Arizona,TOTAL,All students,1,All students,260.148005213826,1,0
871,2011,R3,2011,2,Grade 8,SD:SD,RED,8,RRPCM,AZ,Arizona,TOTAL,All students,1,All students,34.8434886636316,1,0
872,2011,R3,2011,2,Grade 8,MN:MN,RED,8,RRPCM,CA,California,TOTAL,All students,1,All students,254.935218336086,1,0
873,2011,R3,2011,2,Grade 8,SD:SD,RED,8,RRPCM,CA,California,TOTAL,All students,1,All students,36.9232345951111,1,0
874,2011,R3,2011,2,Grade 8,MN:MN,RED,8,RRPCM,CO,Colorado,TOTAL,All students,1,All students,270.636204320649,1,0
875,2011,R3,2011,2,Grade 8,SD:SD,RED,8,RRPCM,CO,Colorado,TOTAL,All students,1,All students,33.5022423866971,1,0
876,2011,R3,2011,2,Grade 8,MN:MN,RED,8,RRPCM,CT,Connecticut,TOTAL,All students,1,All students,274.681399470751,1,0
877,2011,R3,2011,2,Grade 8,SD:SD,RED,8,RRPCM,CT,Connecticut,TOTAL,All students,1,All students,33.4058377127699,1,0
878,2011,R3,2011,2,Grade 8,MN:MN,RED,8,RRPCM,DC,District of Columbia,TOTAL,All students,1,All students,242.056368171996,1,0
879,2011,R3,2011,2,Grade 8,SD:SD,RED,8,RRPCM,DC,District of Columbia,TOTAL,All students,1,All students,40.051219759371,1,0
880,2011,R3,2011,2,Grade 8,MN:MN,RED,8,RRPCM,DE,Delaware,TOTAL,All students,1,All students,265.83947553632,1,0
881,2011,R3,2011,2,Grade 8,SD:SD,RED,8,RRPCM,DE,Delaware,TOTAL,All students,1,All students,32.4980081154776,1,0
882,2011,R3,2011,2,Grade 8,MN:MN,RED,8,RRPCM,FL,Florida,TOTAL,All students,1,All students,262.121374840411,1,0
883,2011,R3,2011,2,Grade 8,SD:SD,RED,8,RRPCM,FL,Florida,TOTAL,All students,1,All students,33.4225366524466,1,0
884,2011,R3,2011,2,Grade 8,MN:MN,RED,8,RRPCM,GA,Georgia,TOTAL,All students,1,All students,262.358643383963,1,0
885,2011,R3,2011,2,Grade 8,SD:SD,RED,8,RRPCM,GA,Georgia,TOTAL,All students,1,All students,30.3057352888846,1,0
886,2011,R3,2011,2,Grade 8,MN:MN,RED,8,RRPCM,HI,Hawaii,TOTAL,All students,1,All students,257.188010446519,1,0
887,2011,R3,2011,2,Grade 8,SD:SD,RED,8,RRPCM,HI,Hawaii,TOTAL,All students,1,All students,36.6494695020162,1,0
888,2011,R3,2011,2,Grade 8,MN:MN,RED,8,RRPCM,IA,Iowa,TOTAL,All students,1,All students,264.554527461826,1,0
889,2011,R3,2011,2,Grade 8,SD:SD,RED,8,RRPCM,IA,Iowa,TOTAL,All students,1,All students,33.362092049338,1,0
890,2011,R3,2011,2,Grade 8,MN:MN,RED,8,RRPCM,ID,Idaho,TOTAL,All students,1,All students,268.014671593394,1,0
891,2011,R3,2011,2,Grade 8,SD:SD,RED,8,RRPCM,ID,Idaho,TOTAL,All students,1,All students,30.3041763900805,1,0
892,2011,R3,2011,2,Grade 8,MN:MN,RED,8,RRPCM,IL,Illinois,TOTAL,All students,1,All students,265.643729382276,1,0
893,2011,R3,2011,2,Grade 8,SD:SD,RED,8,RRPCM,IL,Illinois,TOTAL,All students,1,All students,34.0935235338412,1,0
894,2011,R3,2011,2,Grade 8,MN:MN,RED,8,RRPCM,IN,Indiana,TOTAL,All students,1,All students,264.729844537772,1,0
895,2011,R3,2011,2,Grade 8,SD:SD,RED,8,RRPCM,IN,Indiana,TOTAL,All students,1,All students,32.3354584757532,1,0
896,2011,R3,2011,2,Grade 8,MN:MN,RED,8,RRPCM,KS,Kansas,TOTAL,All students,1,All students,267.336395789343,1,0
897,2011,R3,2011,2,Grade 8,SD:SD,RED,8,RRPCM,KS,Kansas,TOTAL,All students,1,All students,32.0201400703027,1,0
898,2011,R3,2011,2,Grade 8,MN:MN,RED,8,RRPCM,KY,Kentucky,TOTAL,All students,1,All students,268.833963566714,1,0
899,2011,R3,2011,2,Grade 8,SD:SD,RED,8,RRPCM,KY,Kentucky,TOTAL,All students,1,All students,30.9152060310756,1,0
900,2011,R3,2011,2,Grade 8,MN:MN,RED,8,RRPCM,LA,Louisiana,TOTAL,All students,1,All students,254.688347843905,1,0
901,2011,R3,2011,2,Grade 8,SD:SD,RED,8,RRPCM,LA,Louisiana,TOTAL,All students,1,All students,34.1978516345152,1,0
902,2011,R3,2011,2,Grade 8,MN:MN,RED,8,RRPCM,MA,Massachusetts,TOTAL,All students,1,All students,275.36851762846,1,0
903,2011,R3,2011,2,Grade 8,SD:SD,RED,8,RRPCM,MA,Massachusetts,TOTAL,All students,1,All students,33.4284310471113,1,0
904,2011,R3,2011,2,Grade 8,MN:MN,RED,8,RRPCM,MD,Maryland,TOTAL,All students,1,All students,271.222896649808,1,0
905,2011,R3,2011,2,Grade 8,SD:SD,RED,8,RRPCM,MD,Maryland,TOTAL,All students,1,All students,33.8373569114836,1,0
906,2011,R3,2011,2,Grade 8,MN:MN,RED,8,RRPCM,ME,Maine,TOTAL,All students,1,All students,269.872413013173,1,0
907,2011,R3,2011,2,Grade 8,SD:SD,RED,8,RRPCM,ME,Maine,TOTAL,All students,1,All students,32.9051991564898,1,0
908,2011,R3,2011,2,Grade 8,MN:MN,RED,8,RRPCM,MI,Michigan,TOTAL,All students,1,All students,265.194041240472,1,0
909,2011,R3,2011,2,Grade 8,SD:SD,RED,8,RRPCM,MI,Michigan,TOTAL,All students,1,All students,31.9974758693403,1,0
910,2011,R3,2011,2,Grade 8,MN:MN,RED,8,RRPCM,MN,Minnesota,TOTAL,All students,1,All students,270.148960241064,1,0
911,2011,R3,2011,2,Grade 8,SD:SD,RED,8,RRPCM,MN,Minnesota,TOTAL,All students,1,All students,33.2200329677809,1,0
912,2011,R3,2011,2,Grade 8,MN:MN,RED,8,RRPCM,MO,Missouri,TOTAL,All students,1,All students,266.762051349691,1,0
913,2011,R3,2011,2,Grade 8,SD:SD,RED,8,RRPCM,MO,Missouri,TOTAL,All students,1,All students,33.2157115637946,1,0
914,2011,R3,2011,2,Grade 8,MN:MN,RED,8,RRPCM,MS,Mississippi,TOTAL,All students,1,All students,253.833440432713,1,0
915,2011,R3,2011,2,Grade 8,SD:SD,RED,8,RRPCM,MS,Mississippi,TOTAL,All students,1,All students,32.8113408321737,1,0
916,2011,R3,2011,2,Grade 8,MN:MN,RED,8,RRPCM,MT,Montana,TOTAL,All students,1,All students,272.874140765607,1,0
917,2011,R3,2011,2,Grade 8,SD:SD,RED,8,RRPCM,MT,Montana,TOTAL,All students,1,All students,29.8473507035294,1,0
918,2011,R3,2011,2,Grade 8,MN:MN,RED,8,RRPCM,NC,North Carolina,TOTAL,All students,1,All students,262.928956255321,1,0
919,2011,R3,2011,2,Grade 8,SD:SD,RED,8,RRPCM,NC,North Carolina,TOTAL,All students,1,All students,34.3362816161708,1,0
920,2011,R3,2011,2,Grade 8,MN:MN,RED,8,RRPCM,ND,North Dakota,TOTAL,All students,1,All students,268.694217893061,1,0
921,2011,R3,2011,2,Grade 8,SD:SD,RED,8,RRPCM,ND,North Dakota,TOTAL,All students,1,All students,27.9769694591373,1,0
922,2011,R3,2011,2,Grade 8,MN:MN,RED,8,RRPCM,NE,Nebraska,TOTAL,All students,1,All students,267.703865188972,1,0
923,2011,R3,2011,2,Grade 8,SD:SD,RED,8,RRPCM,NE,Nebraska,TOTAL,All students,1,All students,31.6550691788006,1,0
924,2011,R3,2011,2,Grade 8,MN:MN,RED,8,RRPCM,NH,New Hampshire,TOTAL,All students,1,All students,272.078626455018,1,0
925,2011,R3,2011,2,Grade 8,SD:SD,RED,8,RRPCM,NH,New Hampshire,TOTAL,All students,1,All students,30.007372438917,1,0
926,2011,R3,2011,2,Grade 8,MN:MN,RED,8,RRPCM,NJ,New Jersey,TOTAL,All students,1,All students,275.183164316271,1,0
927,2011,R3,2011,2,Grade 8,SD:SD,RED,8,RRPCM,NJ,New Jersey,TOTAL,All students,1,All students,32.5254469492167,1,0
928,2011,R3,2011,2,Grade 8,MN:MN,RED,8,RRPCM,NM,New Mexico,TOTAL,All students,1,All students,255.86163460115,1,0
929,2011,R3,2011,2,Grade 8,SD:SD,RED,8,RRPCM,NM,New Mexico,TOTAL,All students,1,All students,32.5809060463131,1,0
930,2011,R3,2011,2,Grade 8,MN:MN,RED,8,RRPCM,NP,National public,TOTAL,All students,1,All students,263.592526330789,1,0
931,2011,R3,2011,2,Grade 8,SD:SD,RED,8,RRPCM,NP,National public,TOTAL,All students,1,All students,34.2459017230509,1,0
932,2011,R3,2011,2,Grade 8,MN:MN,RED,8,RRPCM,NR,National private,TOTAL,All students,1,All students,282.435346646092,1,0
933,2011,R3,2011,2,Grade 8,SD:SD,RED,8,RRPCM,NR,National private,TOTAL,All students,1,All students,30.1852626220809,1,0
934,2011,R3,2011,2,Grade 8,MN:MN,RED,8,RRPCM,NT,National,TOTAL,All students,1,All students,265.198760593294,1,0
935,2011,R3,2011,2,Grade 8,SD:SD,RED,8,RRPCM,NT,National,TOTAL,All students,1,All students,34.3238740510041,1,0
936,2011,R3,2011,2,Grade 8,MN:MN,RED,8,RRPCM,NV,Nevada,TOTAL,All students,1,All students,258.19326424884,1,0
937,2011,R3,2011,2,Grade 8,SD:SD,RED,8,RRPCM,NV,Nevada,TOTAL,All students,1,All students,35.6681950162113,1,0
938,2011,R3,2011,2,Grade 8,MN:MN,RED,8,RRPCM,NY,New York,TOTAL,All students,1,All students,265.69702830715,1,0
939,2011,R3,2011,2,Grade 8,SD:SD,RED,8,RRPCM,NY,New York,TOTAL,All students,1,All students,35.3395755601484,1,0
940,2011,R3,2011,2,Grade 8,MN:MN,RED,8,RRPCM,OH,Ohio,TOTAL,All students,1,All students,268.283949224188,1,0
941,2011,R3,2011,2,Grade 8,SD:SD,RED,8,RRPCM,OH,Ohio,TOTAL,All students,1,All students,32.9638473408184,1,0
942,2011,R3,2011,2,Grade 8,MN:MN,RED,8,RRPCM,OK,Oklahoma,TOTAL,All students,1,All students,260.121264611744,1,0
943,2011,R3,2011,2,Grade 8,SD:SD,RED,8,RRPCM,OK,Oklahoma,TOTAL,All students,1,All students,32.7759372237401,1,0
944,2011,R3,2011,2,Grade 8,MN:MN,RED,8,RRPCM,OR,Oregon,TOTAL,All students,1,All students,264.225611626444,1,0
945,2011,R3,2011,2,Grade 8,SD:SD,RED,8,RRPCM,OR,Oregon,TOTAL,All students,1,All students,34.7376095261188,1,0
946,2011,R3,2011,2,Grade 8,MN:MN,RED,8,RRPCM,PA,Pennsylvania,TOTAL,All students,1,All students,267.750596675669,1,0
947,2011,R3,2011,2,Grade 8,SD:SD,RED,8,RRPCM,PA,Pennsylvania,TOTAL,All students,1,All students,35.1766002164798,1,0
948,2011,R3,2011,2,Grade 8,MN:MN,RED,8,RRPCM,RI,Rhode Island,TOTAL,All students,1,All students,265.119556331117,1,0
949,2011,R3,2011,2,Grade 8,SD:SD,RED,8,RRPCM,RI,Rhode Island,TOTAL,All students,1,All students,34.2438263429958,1,0
950,2011,R3,2011,2,Grade 8,MN:MN,RED,8,RRPCM,SC,South Carolina,TOTAL,All students,1,All students,260.307019898795,1,0
951,2011,R3,2011,2,Grade 8,SD:SD,RED,8,RRPCM,SC,South Carolina,TOTAL,All students,1,All students,32.1927476537813,1,0
952,2011,R3,2011,2,Grade 8,MN:MN,RED,8,RRPCM,SD,South Dakota,TOTAL,All students,1,All students,268.941537575366,1,0
953,2011,R3,2011,2,Grade 8,SD:SD,RED,8,RRPCM,SD,South Dakota,TOTAL,All students,1,All students,29.5086858362766,1,0
954,2011,R3,2011,2,Grade 8,MN:MN,RED,8,RRPCM,TN,Tennessee,TOTAL,All students,1,All students,259.208370713199,1,0
955,2011,R3,2011,2,Grade 8,SD:SD,RED,8,RRPCM,TN,Tennessee,TOTAL,All students,1,All students,34.6305343883488,1,0
956,2011,R3,2011,2,Grade 8,MN:MN,RED,8,RRPCM,TX,Texas,TOTAL,All students,1,All students,261.428390874698,1,0
957,2011,R3,2011,2,Grade 8,SD:SD,RED,8,RRPCM,TX,Texas,TOTAL,All students,1,All students,30.9660719744485,1,0
958,2011,R3,2011,2,Grade 8,MN:MN,RED,8,RRPCM,UT,Utah,TOTAL,All students,1,All students,267.087406099162,1,0
959,2011,R3,2011,2,Grade 8,SD:SD,RED,8,RRPCM,UT,Utah,TOTAL,All students,1,All students,32.6676645667342,1,0
960,2011,R3,2011,2,Grade 8,MN:MN,RED,8,RRPCM,VA,Virginia,TOTAL,All students,1,All students,267.272891187823,1,0
961,2011,R3,2011,2,Grade 8,SD:SD,RED,8,RRPCM,VA,Virginia,TOTAL,All students,1,All students,33.9967304508029,1,0
962,2011,R3,2011,2,Grade 8,MN:MN,RED,8,RRPCM,VT,Vermont,TOTAL,All students,1,All students,273.840765049115,1,0
963,2011,R3,2011,2,Grade 8,SD:SD,RED,8,RRPCM,VT,Vermont,TOTAL,All students,1,All students,34.6019291244383,1,0
964,2011,R3,2011,2,Grade 8,MN:MN,RED,8,RRPCM,WA,Washington,TOTAL,All students,1,All students,267.577473732317,1,0
965,2011,R3,2011,2,Grade 8,SD:SD,RED,8,RRPCM,WA,Washington,TOTAL,All students,1,All students,35.5620366048573,1,0
966,2011,R3,2011,2,Grade 8,MN:MN,RED,8,RRPCM,WI,Wisconsin,TOTAL,All students,1,All students,267.16702974162,1,0
967,2011,R3,2011,2,Grade 8,SD:SD,RED,8,RRPCM,WI,Wisconsin,TOTAL,All students,1,All students,32.5955811263287,1,0
968,2011,R3,2011,2,Grade 8,MN:MN,RED,8,RRPCM,WV,West Virginia,TOTAL,All students,1,All students,256.106861556751,1,0
969,2011,R3,2011,2,Grade 8,SD:SD,RED,8,RRPCM,WV,West Virginia,TOTAL,All students,1,All students,34.5730679042155,1,0
970,2011,R3,2011,2,Grade 8,MN:MN,RED,8,RRPCM,WY,Wyoming,TOTAL,All students,1,All students,269.568729685871,1,0
971,2011,R3,2011,2,Grade 8,SD:SD,RED,8,RRPCM,WY,Wyoming,TOTAL,All students,1,All students,30.6993272761904,1,0
972,2013,R3,2013,2,Grade 8,MN:MN,RED,8,RRPCM,AK,Alaska,TOTAL,All students,1,All students,261.256092625584,1,0
973,2013,R3,2013,2,Grade 8,SD:SD,RED,8,RRPCM,AK,Alaska,TOTAL,All students,1,All students,36.3408835902375,1,0
974,2013,R3,2013,2,Grade 8,MN:MN,RED,8,RRPCM,AL,Alabama,TOTAL,All students,1,All students,257.427838227608,1,0
975,2013,R3,2013,2,Grade 8,SD:SD,RED,8,RRPCM,AL,Alabama,TOTAL,All students,1,All students,34.1899121213656,1,0
976,2013,R3,2013,2,Grade 8,MN:MN,RED,8,RRPCM,AR,Arkansas,TOTAL,All students,1,All students,261.964490796451,1,0
977,2013,R3,2013,2,Grade 8,SD:SD,RED,8,RRPCM,AR,Arkansas,TOTAL,All students,1,All students,34.9408759141832,1,0
978,2013,R3,2013,2,Grade 8,MN:MN,RED,8,RRPCM,AZ,Arizona,TOTAL,All students,1,All students,260.448287236627,1,0
979,2013,R3,2013,2,Grade 8,SD:SD,RED,8,RRPCM,AZ,Arizona,TOTAL,All students,1,All students,33.7963967187962,1,0
980,2013,R3,2013,2,Grade 8,MN:MN,RED,8,RRPCM,CA,California,TOTAL,All students,1,All students,261.502455658701,1,0
981,2013,R3,2013,2,Grade 8,SD:SD,RED,8,RRPCM,CA,California,TOTAL,All students,1,All students,34.839360749641,1,0
982,2013,R3,2013,2,Grade 8,MN:MN,RED,8,RRPCM,CO,Colorado,TOTAL,All students,1,All students,271.009086942572,1,0
983,2013,R3,2013,2,Grade 8,SD:SD,RED,8,RRPCM,CO,Colorado,TOTAL,All students,1,All students,33.185484518732,1,0
984,2013,R3,2013,2,Grade 8,MN:MN,RED,8,RRPCM,CT,Connecticut,TOTAL,All students,1,All students,274.459542474537,1,0
985,2013,R3,2013,2,Grade 8,SD:SD,RED,8,RRPCM,CT,Connecticut,TOTAL,All students,1,All students,34.5872994292696,1,0
986,2013,R3,2013,2,Grade 8,MN:MN,RED,8,RRPCM,DC,District of Columbia,TOTAL,All students,1,All students,247.739153738325,1,0
987,2013,R3,2013,2,Grade 8,SD:SD,RED,8,RRPCM,DC,District of Columbia,TOTAL,All students,1,All students,36.6523787547168,1,0
988,2013,R3,2013,2,Grade 8,MN:MN,RED,8,RRPCM,DE,Delaware,TOTAL,All students,1,All students,265.984981498562,1,0
989,2013,R3,2013,2,Grade 8,SD:SD,RED,8,RRPCM,DE,Delaware,TOTAL,All students,1,All students,33.400167019659,1,0
990,2013,R3,2013,2,Grade 8,MN:MN,RED,8,RRPCM,FL,Florida,TOTAL,All students,1,All students,265.828297127322,1,0
991,2013,R3,2013,2,Grade 8,SD:SD,RED,8,RRPCM,FL,Florida,TOTAL,All students,1,All students,33.1058809950344,1,0
992,2013,R3,2013,2,Grade 8,MN:MN,RED,8,RRPCM,GA,Georgia,TOTAL,All students,1,All students,264.615713463699,1,0
993,2013,R3,2013,2,Grade 8,SD:SD,RED,8,RRPCM,GA,Georgia,TOTAL,All students,1,All students,33.6604077056927,1,0
994,2013,R3,2013,2,Grade 8,MN:MN,RED,8,RRPCM,HI,Hawaii,TOTAL,All students,1,All students,259.960569546835,1,0
995,2013,R3,2013,2,Grade 8,SD:SD,RED,8,RRPCM,HI,Hawaii,TOTAL,All students,1,All students,35.5798656945718,1,0
996,2013,R3,2013,2,Grade 8,MN:MN,RED,8,RRPCM,IA,Iowa,TOTAL,All students,1,All students,269.003449619325,1,0
997,2013,R3,2013,2,Grade 8,SD:SD,RED,8,RRPCM,IA,Iowa,TOTAL,All students,1,All students,31.5918847353493,1,0
998,2013,R3,2013,2,Grade 8,MN:MN,RED,8,RRPCM,ID,Idaho,TOTAL,All students,1,All students,270.224168550562,1,0
999,2013,R3,2013,2,Grade 8,SD:SD,RED,8,RRPCM,ID,Idaho,TOTAL,All students,1,All students,31.8914941934331,1,0
1000,2013,R3,2013,2,Grade 8,MN:MN,RED,8,RRPCM,IL,Illinois,TOTAL,All students,1,All students,266.898720958132,1,0
1001,2013,R3,2013,2,Grade 8,SD:SD,RED,8,RRPCM,IL,Illinois,TOTAL,All students,1,All students,34.9110597367075,1,0
1002,2013,R3,2013,2,Grade 8,MN:MN,RED,8,RRPCM,IN,Indiana,TOTAL,All students,1,All students,267.272974657765,1,0
1003,2013,R3,2013,2,Grade 8,SD:SD,RED,8,RRPCM,IN,Indiana,TOTAL,All students,1,All students,31.9093304688998,1,0
1004,2013,R3,2013,2,Grade 8,MN:MN,RED,8,RRPCM,KS,Kansas,TOTAL,All students,1,All students,266.887523609855,1,0
1005,2013,R3,2013,2,Grade 8,SD:SD,RED,8,RRPCM,KS,Kansas,TOTAL,All students,1,All students,33.6947674303947,1,0
1006,2013,R3,2013,2,Grade 8,MN:MN,RED,8,RRPCM,KY,Kentucky,TOTAL,All students,1,All students,269.616471686598,1,0
1007,2013,R3,2013,2,Grade 8,SD:SD,RED,8,RRPCM,KY,Kentucky,TOTAL,All students,1,All students,33.5501303210126,1,0
1008,2013,R3,2013,2,Grade 8,MN:MN,RED,8,RRPCM,LA,Louisiana,TOTAL,All students,1,All students,257.351242737394,1,0
1009,2013,R3,2013,2,Grade 8,SD:SD,RED,8,RRPCM,LA,Louisiana,TOTAL,All students,1,All students,33.0920183047257,1,0
1010,2013,R3,2013,2,Grade 8,MN:MN,RED,8,RRPCM,MA,Massachusetts,TOTAL,All students,1,All students,277.009559086016,1,0
1011,2013,R3,2013,2,Grade 8,SD:SD,RED,8,RRPCM,MA,Massachusetts,TOTAL,All students,1,All students,34.8310172526831,1,0
1012,2013,R3,2013,2,Grade 8,MN:MN,RED,8,RRPCM,MD,Maryland,TOTAL,All students,1,All students,273.801903090503,1,0
1013,2013,R3,2013,2,Grade 8,SD:SD,RED,8,RRPCM,MD,Maryland,TOTAL,All students,1,All students,33.0603139823712,1,0
1014,2013,R3,2013,2,Grade 8,MN:MN,RED,8,RRPCM,ME,Maine,TOTAL,All students,1,All students,269.193764016326,1,0
1015,2013,R3,2013,2,Grade 8,SD:SD,RED,8,RRPCM,ME,Maine,TOTAL,All students,1,All students,33.8542344292418,1,0
1016,2013,R3,2013,2,Grade 8,MN:MN,RED,8,RRPCM,MI,Michigan,TOTAL,All students,1,All students,265.942963067388,1,0
1017,2013,R3,2013,2,Grade 8,SD:SD,RED,8,RRPCM,MI,Michigan,TOTAL,All students,1,All students,32.2972715703193,1,0
1018,2013,R3,2013,2,Grade 8,MN:MN,RED,8,RRPCM,MN,Minnesota,TOTAL,All students,1,All students,271.019654579448,1,0
1019,2013,R3,2013,2,Grade 8,SD:SD,RED,8,RRPCM,MN,Minnesota,TOTAL,All students,1,All students,33.6592445462578,1,0
1020,2013,R3,2013,2,Grade 8,MN:MN,RED,8,RRPCM,MO,Missouri,TOTAL,All students,1,All students,267.215011778953,1,0
1021,2013,R3,2013,2,Grade 8,SD:SD,RED,8,RRPCM,MO,Missouri,TOTAL,All students,1,All students,34.1765791668765,1,0
1022,2013,R3,2013,2,Grade 8,MN:MN,RED,8,RRPCM,MS,Mississippi,TOTAL,All students,1,All students,253.147818177655,1,0
1023,2013,R3,2013,2,Grade 8,SD:SD,RED,8,RRPCM,MS,Mississippi,TOTAL,All students,1,All students,33.7007273703298,1,0
1024,2013,R3,2013,2,Grade 8,MN:MN,RED,8,RRPCM,MT,Montana,TOTAL,All students,1,All students,271.765782480696,1,0
1025,2013,R3,2013,2,Grade 8,SD:SD,RED,8,RRPCM,MT,Montana,TOTAL,All students,1,All students,31.2004749846088,1,0
1026,2013,R3,2013,2,Grade 8,MN:MN,RED,8,RRPCM,NC,North Carolina,TOTAL,All students,1,All students,264.540999710832,1,0
1027,2013,R3,2013,2,Grade 8,SD:SD,RED,8,RRPCM,NC,North Carolina,TOTAL,All students,1,All students,35.2953352209423,1,0
1028,2013,R3,2013,2,Grade 8,MN:MN,RED,8,RRPCM,ND,North Dakota,TOTAL,All students,1,All students,267.779199654396,1,0
1029,2013,R3,2013,2,Grade 8,SD:SD,RED,8,RRPCM,ND,North Dakota,TOTAL,All students,1,All students,29.8406453933724,1,0
1030,2013,R3,2013,2,Grade 8,MN:MN,RED,8,RRPCM,NE,Nebraska,TOTAL,All students,1,All students,269.221914635868,1,0
1031,2013,R3,2013,2,Grade 8,SD:SD,RED,8,RRPCM,NE,Nebraska,TOTAL,All students,1,All students,31.4999685551253,1,0
1032,2013,R3,2013,2,Grade 8,MN:MN,RED,8,RRPCM,NH,New Hampshire,TOTAL,All students,1,All students,274.307731748779,1,0
1033,2013,R3,2013,2,Grade 8,SD:SD,RED,8,RRPCM,NH,New Hampshire,TOTAL,All students,1,All students,32.4585975658105,1,0
1034,2013,R3,2013,2,Grade 8,MN:MN,RED,8,RRPCM,NJ,New Jersey,TOTAL,All students,1,All students,276.37798779341,1,0
1035,2013,R3,2013,2,Grade 8,SD:SD,RED,8,RRPCM,NJ,New Jersey,TOTAL,All students,1,All students,32.6253239397391,1,0
1036,2013,R3,2013,2,Grade 8,MN:MN,RED,8,RRPCM,NM,New Mexico,TOTAL,All students,1,All students,255.870077046042,1,0
1037,2013,R3,2013,2,Grade 8,SD:SD,RED,8,RRPCM,NM,New Mexico,TOTAL,All students,1,All students,33.0371923667981,1,0
1038,2013,R3,2013,2,Grade 8,MN:MN,RED,8,RRPCM,NP,National public,TOTAL,All students,1,All students,266.019136091493,1,0
1039,2013,R3,2013,2,Grade 8,SD:SD,RED,8,RRPCM,NP,National public,TOTAL,All students,1,All students,34.2754293255547,1,0
1040,2013,R3,2013,2,Grade 8,MN:MN,RED,8,RRPCM,NR,National private,TOTAL,All students,1,All students,284.701989741818,1,0
1041,2013,R3,2013,2,Grade 8,SD:SD,RED,8,RRPCM,NR,National private,TOTAL,All students,1,All students,31.4728781076436,1,0
1042,2013,R3,2013,2,Grade 8,MN:MN,RED,8,RRPCM,NT,National,TOTAL,All students,1,All students,267.598313994883,1,0
1043,2013,R3,2013,2,Grade 8,SD:SD,RED,8,RRPCM,NT,National,TOTAL,All students,1,All students,34.4424388221786,1,0
1044,2013,R3,2013,2,Grade 8,MN:MN,RED,8,RRPCM,NV,Nevada,TOTAL,All students,1,All students,261.695982235772,1,0
1045,2013,R3,2013,2,Grade 8,SD:SD,RED,8,RRPCM,NV,Nevada,TOTAL,All students,1,All students,35.5419498019458,1,0
1046,2013,R3,2013,2,Grade 8,MN:MN,RED,8,RRPCM,NY,New York,TOTAL,All students,1,All students,266.346063235407,1,0
1047,2013,R3,2013,2,Grade 8,SD:SD,RED,8,RRPCM,NY,New York,TOTAL,All students,1,All students,35.7260129017793,1,0
1048,2013,R3,2013,2,Grade 8,MN:MN,RED,8,RRPCM,OH,Ohio,TOTAL,All students,1,All students,269.086973442103,1,0
1049,2013,R3,2013,2,Grade 8,SD:SD,RED,8,RRPCM,OH,Ohio,TOTAL,All students,1,All students,35.1110532543654,1,0
1050,2013,R3,2013,2,Grade 8,MN:MN,RED,8,RRPCM,OK,Oklahoma,TOTAL,All students,1,All students,261.931495221637,1,0
1051,2013,R3,2013,2,Grade 8,SD:SD,RED,8,RRPCM,OK,Oklahoma,TOTAL,All students,1,All students,32.9403595040354,1,0
1052,2013,R3,2013,2,Grade 8,MN:MN,RED,8,RRPCM,OR,Oregon,TOTAL,All students,1,All students,268.282662715666,1,0
1053,2013,R3,2013,2,Grade 8,SD:SD,RED,8,RRPCM,OR,Oregon,TOTAL,All students,1,All students,33.636539216002,1,0
1054,2013,R3,2013,2,Grade 8,MN:MN,RED,8,RRPCM,PA,Pennsylvania,TOTAL,All students,1,All students,272.085365342425,1,0
1055,2013,R3,2013,2,Grade 8,SD:SD,RED,8,RRPCM,PA,Pennsylvania,TOTAL,All students,1,All students,33.7460482257813,1,0
1056,2013,R3,2013,2,Grade 8,MN:MN,RED,8,RRPCM,RI,Rhode Island,TOTAL,All students,1,All students,266.677052388789,1,0
1057,2013,R3,2013,2,Grade 8,SD:SD,RED,8,RRPCM,RI,Rhode Island,TOTAL,All students,1,All students,34.5377803199895,1,0
1058,2013,R3,2013,2,Grade 8,MN:MN,RED,8,RRPCM,SC,South Carolina,TOTAL,All students,1,All students,261.449050699613,1,0
1059,2013,R3,2013,2,Grade 8,SD:SD,RED,8,RRPCM,SC,South Carolina,TOTAL,All students,1,All students,34.5682666987052,1,0
1060,2013,R3,2013,2,Grade 8,MN:MN,RED,8,RRPCM,SD,South Dakota,TOTAL,All students,1,All students,268.100772835989,1,0
1061,2013,R3,2013,2,Grade 8,SD:SD,RED,8,RRPCM,SD,South Dakota,TOTAL,All students,1,All students,31.8033775415685,1,0
1062,2013,R3,2013,2,Grade 8,MN:MN,RED,8,RRPCM,TN,Tennessee,TOTAL,All students,1,All students,265.359504625647,1,0
1063,2013,R3,2013,2,Grade 8,SD:SD,RED,8,RRPCM,TN,Tennessee,TOTAL,All students,1,All students,33.0996732732591,1,0
1064,2013,R3,2013,2,Grade 8,MN:MN,RED,8,RRPCM,TX,Texas,TOTAL,All students,1,All students,263.684137731278,1,0
1065,2013,R3,2013,2,Grade 8,SD:SD,RED,8,RRPCM,TX,Texas,TOTAL,All students,1,All students,32.8143984222599,1,0
1066,2013,R3,2013,2,Grade 8,MN:MN,RED,8,RRPCM,UT,Utah,TOTAL,All students,1,All students,270.041925765873,1,0
1067,2013,R3,2013,2,Grade 8,SD:SD,RED,8,RRPCM,UT,Utah,TOTAL,All students,1,All students,33.1749391966026,1,0
1068,2013,R3,2013,2,Grade 8,MN:MN,RED,8,RRPCM,VA,Virginia,TOTAL,All students,1,All students,267.589864309109,1,0
1069,2013,R3,2013,2,Grade 8,SD:SD,RED,8,RRPCM,VA,Virginia,TOTAL,All students,1,All students,34.3174202960493,1,0
1070,2013,R3,2013,2,Grade 8,MN:MN,RED,8,RRPCM,VT,Vermont,TOTAL,All students,1,All students,274.368547733738,1,0
1071,2013,R3,2013,2,Grade 8,SD:SD,RED,8,RRPCM,VT,Vermont,TOTAL,All students,1,All students,33.7046782444418,1,0
1072,2013,R3,2013,2,Grade 8,MN:MN,RED,8,RRPCM,WA,Washington,TOTAL,All students,1,All students,272.036124410819,1,0
1073,2013,R3,2013,2,Grade 8,SD:SD,RED,8,RRPCM,WA,Washington,TOTAL,All students,1,All students,34.7998577438401,1,0
1074,2013,R3,2013,2,Grade 8,MN:MN,RED,8,RRPCM,WI,Wisconsin,TOTAL,All students,1,All students,267.542994187833,1,0
1075,2013,R3,2013,2,Grade 8,SD:SD,RED,8,RRPCM,WI,Wisconsin,TOTAL,All students,1,All students,34.4643783136358,1,0
1076,2013,R3,2013,2,Grade 8,MN:MN,RED,8,RRPCM,WV,West Virginia,TOTAL,All students,1,All students,257.383509312362,1,0
1077,2013,R3,2013,2,Grade 8,SD:SD,RED,8,RRPCM,WV,West Virginia,TOTAL,All students,1,All students,36.2360924762164,1,0
1078,2013,R3,2013,2,Grade 8,MN:MN,RED,8,RRPCM,WY,Wyoming,TOTAL,All students,1,All students,270.966172221906,1,0
1079,2013,R3,2013,2,Grade 8,SD:SD,RED,8,RRPCM,WY,Wyoming,TOTAL,All students,1,All students,28.2809424088566,1,0
1080,2015,R3,2015,2,Grade 8,MN:MN,RED,8,RRPCM,AK,Alaska,TOTAL,All students,1,All students,260.317018773005,1,0
1081,2015,R3,2015,2,Grade 8,SD:SD,RED,8,RRPCM,AK,Alaska,TOTAL,All students,1,All students,37.6911327688475,1,0
1082,2015,R3,2015,2,Grade 8,MN:MN,RED,8,RRPCM,AL,Alabama,TOTAL,All students,1,All students,258.753761500039,1,0
1083,2015,R3,2015,2,Grade 8,SD:SD,RED,8,RRPCM,AL,Alabama,TOTAL,All students,1,All students,34.2380958662915,1,0
1084,2015,R3,2015,2,Grade 8,MN:MN,RED,8,RRPCM,AR,Arkansas,TOTAL,All students,1,All students,258.768267976658,1,0
1085,2015,R3,2015,2,Grade 8,SD:SD,RED,8,RRPCM,AR,Arkansas,TOTAL,All students,1,All students,34.9666951583328,1,0
1086,2015,R3,2015,2,Grade 8,MN:MN,RED,8,RRPCM,AZ,Arizona,TOTAL,All students,1,All students,262.769391809157,1,0
1087,2015,R3,2015,2,Grade 8,SD:SD,RED,8,RRPCM,AZ,Arizona,TOTAL,All students,1,All students,34.0643748816012,1,0
1088,2015,R3,2015,2,Grade 8,MN:MN,RED,8,RRPCM,CA,California,TOTAL,All students,1,All students,258.986842564294,1,0
1089,2015,R3,2015,2,Grade 8,SD:SD,RED,8,RRPCM,CA,California,TOTAL,All students,1,All students,36.655230485403,1,0
1090,2015,R3,2015,2,Grade 8,MN:MN,RED,8,RRPCM,CO,Colorado,TOTAL,All students,1,All students,268.073225333677,1,0
1091,2015,R3,2015,2,Grade 8,SD:SD,RED,8,RRPCM,CO,Colorado,TOTAL,All students,1,All students,33.9358460958069,1,0
1092,2015,R3,2015,2,Grade 8,MN:MN,RED,8,RRPCM,CT,Connecticut,TOTAL,All students,1,All students,273.048030410962,1,0
1093,2015,R3,2015,2,Grade 8,SD:SD,RED,8,RRPCM,CT,Connecticut,TOTAL,All students,1,All students,35.4295857648377,1,0
1094,2015,R3,2015,2,Grade 8,MN:MN,RED,8,RRPCM,DC,District of Columbia,TOTAL,All students,1,All students,247.653444946724,1,0
1095,2015,R3,2015,2,Grade 8,SD:SD,RED,8,RRPCM,DC,District of Columbia,TOTAL,All students,1,All students,38.5033202969872,1,0
1096,2015,R3,2015,2,Grade 8,MN:MN,RED,8,RRPCM,DE,Delaware,TOTAL,All students,1,All students,262.613290731544,1,0
1097,2015,R3,2015,2,Grade 8,SD:SD,RED,8,RRPCM,DE,Delaware,TOTAL,All students,1,All students,35.3152952352123,1,0
1098,2015,R3,2015,2,Grade 8,MN:MN,RED,8,RRPCM,FL,Florida,TOTAL,All students,1,All students,263.383001406664,1,0
1099,2015,R3,2015,2,Grade 8,SD:SD,RED,8,RRPCM,FL,Florida,TOTAL,All students,1,All students,32.1471890419277,1,0
1100,2015,R3,2015,2,Grade 8,MN:MN,RED,8,RRPCM,GA,Georgia,TOTAL,All students,1,All students,262.268605314622,1,0
1101,2015,R3,2015,2,Grade 8,SD:SD,RED,8,RRPCM,GA,Georgia,TOTAL,All students,1,All students,34.9445289496341,1,0
1102,2015,R3,2015,2,Grade 8,MN:MN,RED,8,RRPCM,HI,Hawaii,TOTAL,All students,1,All students,257.35043981355,1,0
1103,2015,R3,2015,2,Grade 8,SD:SD,RED,8,RRPCM,HI,Hawaii,TOTAL,All students,1,All students,35.2685081307579,1,0
1104,2015,R3,2015,2,Grade 8,MN:MN,RED,8,RRPCM,IA,Iowa,TOTAL,All students,1,All students,268.200596266662,1,0
1105,2015,R3,2015,2,Grade 8,SD:SD,RED,8,RRPCM,IA,Iowa,TOTAL,All students,1,All students,31.8390869725102,1,0
1106,2015,R3,2015,2,Grade 8,MN:MN,RED,8,RRPCM,ID,Idaho,TOTAL,All students,1,All students,268.553479550783,1,0
1107,2015,R3,2015,2,Grade 8,SD:SD,RED,8,RRPCM,ID,Idaho,TOTAL,All students,1,All students,32.1418635340076,1,0
1108,2015,R3,2015,2,Grade 8,MN:MN,RED,8,RRPCM,IL,Illinois,TOTAL,All students,1,All students,266.806728332711,1,0
1109,2015,R3,2015,2,Grade 8,SD:SD,RED,8,RRPCM,IL,Illinois,TOTAL,All students,1,All students,34.6382560002732,1,0
1110,2015,R3,2015,2,Grade 8,MN:MN,RED,8,RRPCM,IN,Indiana,TOTAL,All students,1,All students,268.253467680035,1,0
1111,2015,R3,2015,2,Grade 8,SD:SD,RED,8,RRPCM,IN,Indiana,TOTAL,All students,1,All students,33.8787906644571,1,0
1112,2015,R3,2015,2,Grade 8,MN:MN,RED,8,RRPCM,KS,Kansas,TOTAL,All students,1,All students,266.76553060986,1,0
1113,2015,R3,2015,2,Grade 8,SD:SD,RED,8,RRPCM,KS,Kansas,TOTAL,All students,1,All students,32.8045514105601,1,0
1114,2015,R3,2015,2,Grade 8,MN:MN,RED,8,RRPCM,KY,Kentucky,TOTAL,All students,1,All students,267.772900145423,1,0
1115,2015,R3,2015,2,Grade 8,SD:SD,RED,8,RRPCM,KY,Kentucky,TOTAL,All students,1,All students,33.6797362461652,1,0
1116,2015,R3,2015,2,Grade 8,MN:MN,RED,8,RRPCM,LA,Louisiana,TOTAL,All students,1,All students,255.469417777569,1,0
1117,2015,R3,2015,2,Grade 8,SD:SD,RED,8,RRPCM,LA,Louisiana,TOTAL,All students,1,All students,34.137517418883,1,0
1118,2015,R3,2015,2,Grade 8,MN:MN,RED,8,RRPCM,MA,Massachusetts,TOTAL,All students,1,All students,274.497568115749,1,0
1119,2015,R3,2015,2,Grade 8,SD:SD,RED,8,RRPCM,MA,Massachusetts,TOTAL,All students,1,All students,34.6479713172809,1,0
1120,2015,R3,2015,2,Grade 8,MN:MN,RED,8,RRPCM,MD,Maryland,TOTAL,All students,1,All students,267.905529723763,1,0
1121,2015,R3,2015,2,Grade 8,SD:SD,RED,8,RRPCM,MD,Maryland,TOTAL,All students,1,All students,35.6693064743543,1,0
1122,2015,R3,2015,2,Grade 8,MN:MN,RED,8,RRPCM,ME,Maine,TOTAL,All students,1,All students,268.391236298695,1,0
1123,2015,R3,2015,2,Grade 8,SD:SD,RED,8,RRPCM,ME,Maine,TOTAL,All students,1,All students,30.2457096043994,1,0
1124,2015,R3,2015,2,Grade 8,MN:MN,RED,8,RRPCM,MI,Michigan,TOTAL,All students,1,All students,264.496755061626,1,0
1125,2015,R3,2015,2,Grade 8,SD:SD,RED,8,RRPCM,MI,Michigan,TOTAL,All students,1,All students,32.6784501270811,1,0
1126,2015,R3,2015,2,Grade 8,MN:MN,RED,8,RRPCM,MN,Minnesota,TOTAL,All students,1,All students,270.236817756262,1,0
1127,2015,R3,2015,2,Grade 8,SD:SD,RED,8,RRPCM,MN,Minnesota,TOTAL,All students,1,All students,33.9800906470379,1,0
1128,2015,R3,2015,2,Grade 8,MN:MN,RED,8,RRPCM,MO,Missouri,TOTAL,All students,1,All students,266.876351831946,1,0
1129,2015,R3,2015,2,Grade 8,SD:SD,RED,8,RRPCM,MO,Missouri,TOTAL,All students,1,All students,34.3982153278472,1,0
1130,2015,R3,2015,2,Grade 8,MN:MN,RED,8,RRPCM,MS,Mississippi,TOTAL,All students,1,All students,251.976165209278,1,0
1131,2015,R3,2015,2,Grade 8,SD:SD,RED,8,RRPCM,MS,Mississippi,TOTAL,All students,1,All students,34.7115846610251,1,0
1132,2015,R3,2015,2,Grade 8,MN:MN,RED,8,RRPCM,MT,Montana,TOTAL,All students,1,All students,269.956777592733,1,0
1133,2015,R3,2015,2,Grade 8,SD:SD,RED,8,RRPCM,MT,Montana,TOTAL,All students,1,All students,30.5511829686643,1,0
1134,2015,R3,2015,2,Grade 8,MN:MN,RED,8,RRPCM,NC,North Carolina,TOTAL,All students,1,All students,260.594556550199,1,0
1135,2015,R3,2015,2,Grade 8,SD:SD,RED,8,RRPCM,NC,North Carolina,TOTAL,All students,1,All students,37.8463318159595,1,0
1136,2015,R3,2015,2,Grade 8,MN:MN,RED,8,RRPCM,ND,North Dakota,TOTAL,All students,1,All students,266.95532299054,1,0
1137,2015,R3,2015,2,Grade 8,SD:SD,RED,8,RRPCM,ND,North Dakota,TOTAL,All students,1,All students,29.8958469575619,1,0
1138,2015,R3,2015,2,Grade 8,MN:MN,RED,8,RRPCM,NE,Nebraska,TOTAL,All students,1,All students,269.426210864772,1,0
1139,2015,R3,2015,2,Grade 8,SD:SD,RED,8,RRPCM,NE,Nebraska,TOTAL,All students,1,All students,32.1053794765879,1,0
1140,2015,R3,2015,2,Grade 8,MN:MN,RED,8,RRPCM,NH,New Hampshire,TOTAL,All students,1,All students,274.8067462817,1,0
1141,2015,R3,2015,2,Grade 8,SD:SD,RED,8,RRPCM,NH,New Hampshire,TOTAL,All students,1,All students,31.7676606613753,1,0
1142,2015,R3,2015,2,Grade 8,MN:MN,RED,8,RRPCM,NJ,New Jersey,TOTAL,All students,1,All students,270.85371153053,1,0
1143,2015,R3,2015,2,Grade 8,SD:SD,RED,8,RRPCM,NJ,New Jersey,TOTAL,All students,1,All students,35.3726623375563,1,0
1144,2015,R3,2015,2,Grade 8,MN:MN,RED,8,RRPCM,NM,New Mexico,TOTAL,All students,1,All students,253.227767643793,1,0
1145,2015,R3,2015,2,Grade 8,SD:SD,RED,8,RRPCM,NM,New Mexico,TOTAL,All students,1,All students,33.2769094658166,1,0
1146,2015,R3,2015,2,Grade 8,MN:MN,RED,8,RRPCM,NP,National public,TOTAL,All students,1,All students,263.993973944585,1,0
1147,2015,R3,2015,2,Grade 8,SD:SD,RED,8,RRPCM,NP,National public,TOTAL,All students,1,All students,35.0346718442502,1,0
1148,2015,R3,2015,2,Grade 8,MN:MN,RED,8,RRPCM,NR,National private,TOTAL,All students,1,All students,999.0,0,288
1149,2015,R3,2015,2,Grade 8,SD:SD,RED,8,RRPCM,NR,National private,TOTAL,All students,1,All students,999.0,0,288
1150,2015,R3,2015,2,Grade 8,MN:MN,RED,8,RRPCM,NT,National,TOTAL,All students,1,All students,265.44331446909,1,0
1151,2015,R3,2015,2,Grade 8,SD:SD,RED,8,RRPCM,NT,National,TOTAL,All students,1,All students,35.0460343462205,1,0
1152,2015,R3,2015,2,Grade 8,MN:MN,RED,8,RRPCM,NV,Nevada,TOTAL,All students,1,All students,259.417376365165,1,0
1153,2015,R3,2015,2,Grade 8,SD:SD,RED,8,RRPCM,NV,Nevada,TOTAL,All students,1,All students,34.121304760385,1,0
1154,2015,R3,2015,2,Grade 8,MN:MN,RED,8,RRPCM,NY,New York,TOTAL,All students,1,All students,263.247658592835,1,0
1155,2015,R3,2015,2,Grade 8,SD:SD,RED,8,RRPCM,NY,New York,TOTAL,All students,1,All students,36.4695628256831,1,0
1156,2015,R3,2015,2,Grade 8,MN:MN,RED,8,RRPCM,OH,Ohio,TOTAL,All students,1,All students,265.879220258589,1,0
1157,2015,R3,2015,2,Grade 8,SD:SD,RED,8,RRPCM,OH,Ohio,TOTAL,All students,1,All students,35.4015276530113,1,0
1158,2015,R3,2015,2,Grade 8,MN:MN,RED,8,RRPCM,OK,Oklahoma,TOTAL,All students,1,All students,262.673145850428,1,0
1159,2015,R3,2015,2,Grade 8,SD:SD,RED,8,RRPCM,OK,Oklahoma,TOTAL,All students,1,All students,32.6956634860411,1,0
1160,2015,R3,2015,2,Grade 8,MN:MN,RED,8,RRPCM,OR,Oregon,TOTAL,All students,1,All students,267.670519675172,1,0
1161,2015,R3,2015,2,Grade 8,SD:SD,RED,8,RRPCM,OR,Oregon,TOTAL,All students,1,All students,33.6473161310029,1,0
1162,2015,R3,2015,2,Grade 8,MN:MN,RED,8,RRPCM,PA,Pennsylvania,TOTAL,All students,1,All students,268.746120751013,1,0
1163,2015,R3,2015,2,Grade 8,SD:SD,RED,8,RRPCM,PA,Pennsylvania,TOTAL,All students,1,All students,35.310968989495,1,0
1164,2015,R3,2015,2,Grade 8,MN:MN,RED,8,RRPCM,RI,Rhode Island,TOTAL,All students,1,All students,265.050857832059,1,0
1165,2015,R3,2015,2,Grade 8,SD:SD,RED,8,RRPCM,RI,Rhode Island,TOTAL,All students,1,All students,36.2815352359552,1,0
1166,2015,R3,2015,2,Grade 8,MN:MN,RED,8,RRPCM,SC,South Carolina,TOTAL,All students,1,All students,260.331422813083,1,0
1167,2015,R3,2015,2,Grade 8,SD:SD,RED,8,RRPCM,SC,South Carolina,TOTAL,All students,1,All students,33.7610208971722,1,0
1168,2015,R3,2015,2,Grade 8,MN:MN,RED,8,RRPCM,SD,South Dakota,TOTAL,All students,1,All students,267.079864989695,1,0
1169,2015,R3,2015,2,Grade 8,SD:SD,RED,8,RRPCM,SD,South Dakota,TOTAL,All students,1,All students,31.4479229329523,1,0
1170,2015,R3,2015,2,Grade 8,MN:MN,RED,8,RRPCM,TN,Tennessee,TOTAL,All students,1,All students,264.771228998921,1,0
1171,2015,R3,2015,2,Grade 8,SD:SD,RED,8,RRPCM,TN,Tennessee,TOTAL,All students,1,All students,33.667986220456,1,0
1172,2015,R3,2015,2,Grade 8,MN:MN,RED,8,RRPCM,TX,Texas,TOTAL,All students,1,All students,260.655135980903,1,0
1173,2015,R3,2015,2,Grade 8,SD:SD,RED,8,RRPCM,TX,Texas,TOTAL,All students,1,All students,34.5944490032292,1,0
1174,2015,R3,2015,2,Grade 8,MN:MN,RED,8,RRPCM,UT,Utah,TOTAL,All students,1,All students,269.430664700586,1,0
1175,2015,R3,2015,2,Grade 8,SD:SD,RED,8,RRPCM,UT,Utah,TOTAL,All students,1,All students,32.9982077900172,1,0
1176,2015,R3,2015,2,Grade 8,MN:MN,RED,8,RRPCM,VA,Virginia,TOTAL,All students,1,All students,266.836053468874,1,0
1177,2015,R3,2015,2,Grade 8,SD:SD,RED,8,RRPCM,VA,Virginia,TOTAL,All students,1,All students,34.1586807711765,1,0
1178,2015,R3,2015,2,Grade 8,MN:MN,RED,8,RRPCM,VT,Vermont,TOTAL,All students,1,All students,273.961831447048,1,0
1179,2015,R3,2015,2,Grade 8,SD:SD,RED,8,RRPCM,VT,Vermont,TOTAL,All students,1,All students,33.0291438772829,1,0
1180,2015,R3,2015,2,Grade 8,MN:MN,RED,8,RRPCM,WA,Washington,TOTAL,All students,1,All students,267.250880666457,1,0
1181,2015,R3,2015,2,Grade 8,SD:SD,RED,8,RRPCM,WA,Washington,TOTAL,All students,1,All students,36.0131926805,1,0
1182,2015,R3,2015,2,Grade 8,MN:MN,RED,8,RRPCM,WI,Wisconsin,TOTAL,All students,1,All students,269.533726363214,1,0
1183,2015,R3,2015,2,Grade 8,SD:SD,RED,8,RRPCM,WI,Wisconsin,TOTAL,All students,1,All students,33.8752193757885,1,0
1184,2015,R3,2015,2,Grade 8,MN:MN,RED,8,RRPCM,WV,West Virginia,TOTAL,All students,1,All students,260.185272642999,1,0
1185,2015,R3,2015,2,Grade 8,SD:SD,RED,8,RRPCM,WV,West Virginia,TOTAL,All students,1,All students,32.8352321244117,1,0
1186,2015,R3,2015,2,Grade 8,MN:MN,RED,8,RRPCM,WY,Wyoming,TOTAL,All students,1,All students,268.803363090763,1,0
1187,2015,R3,2015,2,Grade 8,SD:SD,RED,8,RRPCM,WY,Wyoming,TOTAL,All students,1,All students,30.9257826330696,1,0
1188,2017,R3,2017,2,Grade 8,MN:MN,RED,8,RRPCM,AK,Alaska,TOTAL,All students,1,All students,257.667496756549,1,0
1189,2017,R3,2017,2,Grade 8,SD:SD,RED,8,RRPCM,AK,Alaska,TOTAL,All students,1,All students,35.0468840858457,1,0
1190,2017,R3,2017,2,Grade 8,MN:MN,RED,8,RRPCM,AL,Alabama,TOTAL,All students,1,All students,257.686520320925,1,0
1191,2017,R3,2017,2,Grade 8,SD:SD,RED,8,RRPCM,AL,Alabama,TOTAL,All students,1,All students,36.4201149243048,1,0
1192,2017,R3,2017,2,Grade 8,MN:MN,RED,8,RRPCM,AR,Arkansas,TOTAL,All students,1,All students,259.95579848311,1,0
1193,2017,R3,2017,2,Grade 8,SD:SD,RED,8,RRPCM,AR,Arkansas,TOTAL,All students,1,All students,35.6000754396692,1,0
1194,2017,R3,2017,2,Grade 8,MN:MN,RED,8,RRPCM,AZ,Arizona,TOTAL,All students,1,All students,262.957456729335,1,0
1195,2017,R3,2017,2,Grade 8,SD:SD,RED,8,RRPCM,AZ,Arizona,TOTAL,All students,1,All students,33.6043863109653,1,0
1196,2017,R3,2017,2,Grade 8,MN:MN,RED,8,RRPCM,CA,California,TOTAL,All students,1,All students,262.520630021396,1,0
1197,2017,R3,2017,2,Grade 8,SD:SD,RED,8,RRPCM,CA,California,TOTAL,All students,1,All students,37.241100654918,1,0
1198,2017,R3,2017,2,Grade 8,MN:MN,RED,8,RRPCM,CO,Colorado,TOTAL,All students,1,All students,270.338688509674,1,0
1199,2017,R3,2017,2,Grade 8,SD:SD,RED,8,RRPCM,CO,Colorado,TOTAL,All students,1,All students,35.7583491562458,1,0
1200,2017,R3,2017,2,Grade 8,MN:MN,RED,8,RRPCM,CT,Connecticut,TOTAL,All students,1,All students,272.537711456234,1,0
1201,2017,R3,2017,2,Grade 8,SD:SD,RED,8,RRPCM,CT,Connecticut,TOTAL,All students,1,All students,36.5498202478365,1,0
1202,2017,R3,2017,2,Grade 8,MN:MN,RED,8,RRPCM,DC,District of Columbia,TOTAL,All students,1,All students,246.78775540229,1,0
1203,2017,R3,2017,2,Grade 8,SD:SD,RED,8,RRPCM,DC,District of Columbia,TOTAL,All students,1,All students,41.6395182970557,1,0
1204,2017,R3,2017,2,Grade 8,MN:MN,RED,8,RRPCM,DE,Delaware,TOTAL,All students,1,All students,263.089089818878,1,0
1205,2017,R3,2017,2,Grade 8,SD:SD,RED,8,RRPCM,DE,Delaware,TOTAL,All students,1,All students,36.5000241769264,1,0
1206,2017,R3,2017,2,Grade 8,MN:MN,RED,8,RRPCM,FL,Florida,TOTAL,All students,1,All students,266.553368977303,1,0
1207,2017,R3,2017,2,Grade 8,SD:SD,RED,8,RRPCM,FL,Florida,TOTAL,All students,1,All students,33.835064455154,1,0
1208,2017,R3,2017,2,Grade 8,MN:MN,RED,8,RRPCM,GA,Georgia,TOTAL,All students,1,All students,266.33044082589,1,0
1209,2017,R3,2017,2,Grade 8,SD:SD,RED,8,RRPCM,GA,Georgia,TOTAL,All students,1,All students,34.800765080721,1,0
1210,2017,R3,2017,2,Grade 8,MN:MN,RED,8,RRPCM,HI,Hawaii,TOTAL,All students,1,All students,260.982318855375,1,0
1211,2017,R3,2017,2,Grade 8,SD:SD,RED,8,RRPCM,HI,Hawaii,TOTAL,All students,1,All students,35.6432994501781,1,0
1212,2017,R3,2017,2,Grade 8,MN:MN,RED,8,RRPCM,IA,Iowa,TOTAL,All students,1,All students,267.675678851787,1,0
1213,2017,R3,2017,2,Grade 8,SD:SD,RED,8,RRPCM,IA,Iowa,TOTAL,All students,1,All students,34.0658359340295,1,0
1214,2017,R3,2017,2,Grade 8,MN:MN,RED,8,RRPCM,ID,Idaho,TOTAL,All students,1,All students,269.673095440861,1,0
1215,2017,R3,2017,2,Grade 8,SD:SD,RED,8,RRPCM,ID,Idaho,TOTAL,All students,1,All students,31.5683458968899,1,0
1216,2017,R3,2017,2,Grade 8,MN:MN,RED,8,RRPCM,IL,Illinois,TOTAL,All students,1,All students,266.928549776657,1,0
1217,2017,R3,2017,2,Grade 8,SD:SD,RED,8,RRPCM,IL,Illinois,TOTAL,All students,1,All students,34.9860767192198,1,0
1218,2017,R3,2017,2,Grade 8,MN:MN,RED,8,RRPCM,IN,Indiana,TOTAL,All students,1,All students,272.023875675737,1,0
1219,2017,R3,2017,2,Grade 8,SD:SD,RED,8,RRPCM,IN,Indiana,TOTAL,All students,1,All students,32.8059217803115,1,0
1220,2017,R3,2017,2,Grade 8,MN:MN,RED,8,RRPCM,KS,Kansas,TOTAL,All students,1,All students,267.490027797007,1,0
1221,2017,R3,2017,2,Grade 8,SD:SD,RED,8,RRPCM,KS,Kansas,TOTAL,All students,1,All students,34.2902609285866,1,0
1222,2017,R3,2017,2,Grade 8,MN:MN,RED,8,RRPCM,KY,Kentucky,TOTAL,All students,1,All students,265.133438043566,1,0
1223,2017,R3,2017,2,Grade 8,SD:SD,RED,8,RRPCM,KY,Kentucky,TOTAL,All students,1,All students,35.4303586055761,1,0
1224,2017,R3,2017,2,Grade 8,MN:MN,RED,8,RRPCM,LA,Louisiana,TOTAL,All students,1,All students,256.751471206395,1,0
1225,2017,R3,2017,2,Grade 8,SD:SD,RED,8,RRPCM,LA,Louisiana,TOTAL,All students,1,All students,35.0418948180716,1,0
1226,2017,R3,2017,2,Grade 8,MN:MN,RED,8,RRPCM,MA,Massachusetts,TOTAL,All students,1,All students,277.782588599843,1,0
1227,2017,R3,2017,2,Grade 8,SD:SD,RED,8,RRPCM,MA,Massachusetts,TOTAL,All students,1,All students,35.5740442962544,1,0
1228,2017,R3,2017,2,Grade 8,MN:MN,RED,8,RRPCM,MD,Maryland,TOTAL,All students,1,All students,267.250532713498,1,0
1229,2017,R3,2017,2,Grade 8,SD:SD,RED,8,RRPCM,MD,Maryland,TOTAL,All students,1,All students,38.3340047857316,1,0
1230,2017,R3,2017,2,Grade 8,MN:MN,RED,8,RRPCM,ME,Maine,TOTAL,All students,1,All students,268.93063240911,1,0
1231,2017,R3,2017,2,Grade 8,SD:SD,RED,8,RRPCM,ME,Maine,TOTAL,All students,1,All students,35.572924124246,1,0
1232,2017,R3,2017,2,Grade 8,MN:MN,RED,8,RRPCM,MI,Michigan,TOTAL,All students,1,All students,265.468927541301,1,0
1233,2017,R3,2017,2,Grade 8,SD:SD,RED,8,RRPCM,MI,Michigan,TOTAL,All students,1,All students,34.2407742745041,1,0
1234,2017,R3,2017,2,Grade 8,MN:MN,RED,8,RRPCM,MN,Minnesota,TOTAL,All students,1,All students,268.616822331955,1,0
1235,2017,R3,2017,2,Grade 8,SD:SD,RED,8,RRPCM,MN,Minnesota,TOTAL,All students,1,All students,35.3378538895393,1,0
1236,2017,R3,2017,2,Grade 8,MN:MN,RED,8,RRPCM,MO,Missouri,TOTAL,All students,1,All students,266.035006915021,1,0
1237,2017,R3,2017,2,Grade 8,SD:SD,RED,8,RRPCM,MO,Missouri,TOTAL,All students,1,All students,34.7638060677935,1,0
1238,2017,R3,2017,2,Grade 8,MN:MN,RED,8,RRPCM,MS,Mississippi,TOTAL,All students,1,All students,256.344701137275,1,0
1239,2017,R3,2017,2,Grade 8,SD:SD,RED,8,RRPCM,MS,Mississippi,TOTAL,All students,1,All students,35.2906309497991,1,0
1240,2017,R3,2017,2,Grade 8,MN:MN,RED,8,RRPCM,MT,Montana,TOTAL,All students,1,All students,267.208219320757,1,0
1241,2017,R3,2017,2,Grade 8,SD:SD,RED,8,RRPCM,MT,Montana,TOTAL,All students,1,All students,32.210259763018,1,0
1242,2017,R3,2017,2,Grade 8,MN:MN,RED,8,RRPCM,NC,North Carolina,TOTAL,All students,1,All students,262.720476897929,1,0
1243,2017,R3,2017,2,Grade 8,SD:SD,RED,8,RRPCM,NC,North Carolina,TOTAL,All students,1,All students,37.0257535522064,1,0
1244,2017,R3,2017,2,Grade 8,MN:MN,RED,8,RRPCM,ND,North Dakota,TOTAL,All students,1,All students,265.081921805495,1,0
1245,2017,R3,2017,2,Grade 8,SD:SD,RED,8,RRPCM,ND,North Dakota,TOTAL,All students,1,All students,32.2467381642989,1,0
1246,2017,R3,2017,2,Grade 8,MN:MN,RED,8,RRPCM,NE,Nebraska,TOTAL,All students,1,All students,268.528555260402,1,0
1247,2017,R3,2017,2,Grade 8,SD:SD,RED,8,RRPCM,NE,Nebraska,TOTAL,All students,1,All students,33.9142022492014,1,0
1248,2017,R3,2017,2,Grade 8,MN:MN,RED,8,RRPCM,NH,New Hampshire,TOTAL,All students,1,All students,274.786039733195,1,0
1249,2017,R3,2017,2,Grade 8,SD:SD,RED,8,RRPCM,NH,New Hampshire,TOTAL,All students,1,All students,32.574679492498,1,0
1250,2017,R3,2017,2,Grade 8,MN:MN,RED,8,RRPCM,NJ,New Jersey,TOTAL,All students,1,All students,275.04455230693,1,0
1251,2017,R3,2017,2,Grade 8,SD:SD,RED,8,RRPCM,NJ,New Jersey,TOTAL,All students,1,All students,36.8521216197392,1,0
1252,2017,R3,2017,2,Grade 8,MN:MN,RED,8,RRPCM,NM,New Mexico,TOTAL,All students,1,All students,255.578543060787,1,0
1253,2017,R3,2017,2,Grade 8,SD:SD,RED,8,RRPCM,NM,New Mexico,TOTAL,All students,1,All students,35.946865635158,1,0
1254,2017,R3,2017,2,Grade 8,MN:MN,RED,8,RRPCM,NP,National public,TOTAL,All students,1,All students,265.329360096521,1,0
1255,2017,R3,2017,2,Grade 8,SD:SD,RED,8,RRPCM,NP,National public,TOTAL,All students,1,All students,35.7435373241176,1,0
1256,2017,R3,2017,2,Grade 8,MN:MN,RED,8,RRPCM,NR,National private,TOTAL,All students,1,All students,999.0,0,288
1257,2017,R3,2017,2,Grade 8,SD:SD,RED,8,RRPCM,NR,National private,TOTAL,All students,1,All students,999.0,0,288
1258,2017,R3,2017,2,Grade 8,MN:MN,RED,8,RRPCM,NT,National,TOTAL,All students,1,All students,266.577954235286,1,0
1259,2017,R3,2017,2,Grade 8,SD:SD,RED,8,RRPCM,NT,National,TOTAL,All students,1,All students,35.6649698700916,1,0
1260,2017,R3,2017,2,Grade 8,MN:MN,RED,8,RRPCM,NV,Nevada,TOTAL,All students,1,All students,259.806407268129,1,0
1261,2017,R3,2017,2,Grade 8,SD:SD,RED,8,RRPCM,NV,Nevada,TOTAL,All students,1,All students,34.6943914204932,1,0
1262,2017,R3,2017,2,Grade 8,MN:MN,RED,8,RRPCM,NY,New York,TOTAL,All students,1,All students,264.15758419309,1,0
1263,2017,R3,2017,2,Grade 8,SD:SD,RED,8,RRPCM,NY,New York,TOTAL,All students,1,All students,37.5454545631076,1,0
1264,2017,R3,2017,2,Grade 8,MN:MN,RED,8,RRPCM,OH,Ohio,TOTAL,All students,1,All students,268.450641614295,1,0
1265,2017,R3,2017,2,Grade 8,SD:SD,RED,8,RRPCM,OH,Ohio,TOTAL,All students,1,All students,36.578793004657,1,0
1266,2017,R3,2017,2,Grade 8,MN:MN,RED,8,RRPCM,OK,Oklahoma,TOTAL,All students,1,All students,261.236933515587,1,0
1267,2017,R3,2017,2,Grade 8,SD:SD,RED,8,RRPCM,OK,Oklahoma,TOTAL,All students,1,All students,32.4280061099112,1,0
1268,2017,R3,2017,2,Grade 8,MN:MN,RED,8,RRPCM,OR,Oregon,TOTAL,All students,1,All students,266.216684155209,1,0
1269,2017,R3,2017,2,Grade 8,SD:SD,RED,8,RRPCM,OR,Oregon,TOTAL,All students,1,All students,35.9967590279964,1,0
1270,2017,R3,2017,2,Grade 8,MN:MN,RED,8,RRPCM,PA,Pennsylvania,TOTAL,All students,1,All students,269.55382331575,1,0
1271,2017,R3,2017,2,Grade 8,SD:SD,RED,8,RRPCM,PA,Pennsylvania,TOTAL,All students,1,All students,36.1732504118776,1,0
1272,2017,R3,2017,2,Grade 8,MN:MN,RED,8,RRPCM,RI,Rhode Island,TOTAL,All students,1,All students,265.767859953914,1,0
1273,2017,R3,2017,2,Grade 8,SD:SD,RED,8,RRPCM,RI,Rhode Island,TOTAL,All students,1,All students,38.7462526041696,1,0
1274,2017,R3,2017,2,Grade 8,MN:MN,RED,8,RRPCM,SC,South Carolina,TOTAL,All students,1,All students,259.753002398086,1,0
1275,2017,R3,2017,2,Grade 8,SD:SD,RED,8,RRPCM,SC,South Carolina,TOTAL,All students,1,All students,37.7982595350147,1,0
1276,2017,R3,2017,2,Grade 8,MN:MN,RED,8,RRPCM,SD,South Dakota,TOTAL,All students,1,All students,267.355726574154,1,0
1277,2017,R3,2017,2,Grade 8,SD:SD,RED,8,RRPCM,SD,South Dakota,TOTAL,All students,1,All students,32.0349652217149,1,0
1278,2017,R3,2017,2,Grade 8,MN:MN,RED,8,RRPCM,TN,Tennessee,TOTAL,All students,1,All students,262.046852903713,1,0
1279,2017,R3,2017,2,Grade 8,SD:SD,RED,8,RRPCM,TN,Tennessee,TOTAL,All students,1,All students,34.6544977644874,1,0
1280,2017,R3,2017,2,Grade 8,MN:MN,RED,8,RRPCM,TX,Texas,TOTAL,All students,1,All students,260.342576542804,1,0
1281,2017,R3,2017,2,Grade 8,SD:SD,RED,8,RRPCM,TX,Texas,TOTAL,All students,1,All students,33.6259209934147,1,0
1282,2017,R3,2017,2,Grade 8,MN:MN,RED,8,RRPCM,UT,Utah,TOTAL,All students,1,All students,268.7524196631,1,0
1283,2017,R3,2017,2,Grade 8,SD:SD,RED,8,RRPCM,UT,Utah,TOTAL,All students,1,All students,33.7401994083768,1,0
1284,2017,R3,2017,2,Grade 8,MN:MN,RED,8,RRPCM,VA,Virginia,TOTAL,All students,1,All students,267.744778499104,1,0
1285,2017,R3,2017,2,Grade 8,SD:SD,RED,8,RRPCM,VA,Virginia,TOTAL,All students,1,All students,34.8954677597847,1,0
1286,2017,R3,2017,2,Grade 8,MN:MN,RED,8,RRPCM,VT,Vermont,TOTAL,All students,1,All students,273.402640307413,1,0
1287,2017,R3,2017,2,Grade 8,SD:SD,RED,8,RRPCM,VT,Vermont,TOTAL,All students,1,All students,35.2535495818109,1,0
1288,2017,R3,2017,2,Grade 8,MN:MN,RED,8,RRPCM,WA,Washington,TOTAL,All students,1,All students,271.617022995208,1,0
1289,2017,R3,2017,2,Grade 8,SD:SD,RED,8,RRPCM,WA,Washington,TOTAL,All students,1,All students,35.6095225755867,1,0
1290,2017,R3,2017,2,Grade 8,MN:MN,RED,8,RRPCM,WI,Wisconsin,TOTAL,All students,1,All students,269.371456395493,1,0
1291,2017,R3,2017,2,Grade 8,SD:SD,RED,8,RRPCM,WI,Wisconsin,TOTAL,All students,1,All students,34.869533464086,1,0
1292,2017,R3,2017,2,Grade 8,MN:MN,RED,8,RRPCM,WV,West Virginia,TOTAL,All students,1,All students,258.700303604492,1,0
1293,2017,R3,2017,2,Grade 8,SD:SD,RED,8,RRPCM,WV,West Virginia,TOTAL,All students,1,All students,36.1430818565594,1,0
1294,2017,R3,2017,2,Grade 8,MN:MN,RED,8,RRPCM,WY,Wyoming,TOTAL,All students,1,All students,269.020028155068,1,0
1295,2017,R3,2017,2,Grade 8,SD:SD,RED,8,RRPCM,WY,Wyoming,TOTAL,All students,1,All students,32.676744387126,1,0
1296,2019,R3,2019,2,Grade 8,MN:MN,RED,8,RRPCM,AK,Alaska,TOTAL,All students,1,All students,252.385089216065,1,0
1297,2019,R3,2019,2,Grade 8,SD:SD,RED,8,RRPCM,AK,Alaska,TOTAL,All students,1,All students,38.4586329416747,1,0
1298,2019,R3,2019,2,Grade 8,MN:MN,RED,8,RRPCM,AL,Alabama,TOTAL,All students,1,All students,253.398604872946,1,0
1299,2019,R3,2019,2,Grade 8,SD:SD,RED,8,RRPCM,AL,Alabama,TOTAL,All students,1,All students,37.537782848648,1,0
1300,2019,R3,2019,2,Grade 8,MN:MN,RED,8,RRPCM,AR,Arkansas,TOTAL,All students,1,All students,258.78275377192,1,0
1301,2019,R3,2019,2,Grade 8,SD:SD,RED,8,RRPCM,AR,Arkansas,TOTAL,All students,1,All students,38.9245394743929,1,0
1302,2019,R3,2019,2,Grade 8,MN:MN,RED,8,RRPCM,AZ,Arizona,TOTAL,All students,1,All students,259.480352131611,1,0
1303,2019,R3,2019,2,Grade 8,SD:SD,RED,8,RRPCM,AZ,Arizona,TOTAL,All students,1,All students,36.2994153398381,1,0
1304,2019,R3,2019,2,Grade 8,MN:MN,RED,8,RRPCM,CA,California,TOTAL,All students,1,All students,258.829734032213,1,0
1305,2019,R3,2019,2,Grade 8,SD:SD,RED,8,RRPCM,CA,California,TOTAL,All students,1,All students,39.2142258669859,1,0
1306,2019,R3,2019,2,Grade 8,MN:MN,RED,8,RRPCM,CO,Colorado,TOTAL,All students,1,All students,267.307705573783,1,0
1307,2019,R3,2019,2,Grade 8,SD:SD,RED,8,RRPCM,CO,Colorado,TOTAL,All students,1,All students,36.817396006396,1,0
1308,2019,R3,2019,2,Grade 8,MN:MN,RED,8,RRPCM,CT,Connecticut,TOTAL,All students,1,All students,269.719107358588,1,0
1309,2019,R3,2019,2,Grade 8,SD:SD,RED,8,RRPCM,CT,Connecticut,TOTAL,All students,1,All students,37.0898528892156,1,0
1310,2019,R3,2019,2,Grade 8,MN:MN,RED,8,RRPCM,DC,District of Columbia,TOTAL,All students,1,All students,249.81439917522,1,0
1311,2019,R3,2019,2,Grade 8,SD:SD,RED,8,RRPCM,DC,District of Columbia,TOTAL,All students,1,All students,43.0512091557453,1,0
1312,2019,R3,2019,2,Grade 8,MN:MN,RED,8,RRPCM,DE,Delaware,TOTAL,All students,1,All students,259.679402371344,1,0
1313,2019,R3,2019,2,Grade 8,SD:SD,RED,8,RRPCM,DE,Delaware,TOTAL,All students,1,All students,39.6426390231428,1,0
1314,2019,R3,2019,2,Grade 8,MN:MN,RED,8,RRPCM,FL,Florida,TOTAL,All students,1,All students,263.352557734343,1,0
1315,2019,R3,2019,2,Grade 8,SD:SD,RED,8,RRPCM,FL,Florida,TOTAL,All students,1,All students,37.9669207809145,1,0
1316,2019,R3,2019,2,Grade 8,MN:MN,RED,8,RRPCM,GA,Georgia,TOTAL,All students,1,All students,262.386099206627,1,0
1317,2019,R3,2019,2,Grade 8,SD:SD,RED,8,RRPCM,GA,Georgia,TOTAL,All students,1,All students,36.3786312164253,1,0
1318,2019,R3,2019,2,Grade 8,MN:MN,RED,8,RRPCM,HI,Hawaii,TOTAL,All students,1,All students,258.159133626579,1,0
1319,2019,R3,2019,2,Grade 8,SD:SD,RED,8,RRPCM,HI,Hawaii,TOTAL,All students,1,All students,39.0611644536528,1,0
1320,2019,R3,2019,2,Grade 8,MN:MN,RED,8,RRPCM,IA,Iowa,TOTAL,All students,1,All students,262.329032641702,1,0
1321,2019,R3,2019,2,Grade 8,SD:SD,RED,8,RRPCM,IA,Iowa,TOTAL,All students,1,All students,36.3937488441289,1,0
1322,2019,R3,2019,2,Grade 8,MN:MN,RED,8,RRPCM,ID,Idaho,TOTAL,All students,1,All students,266.48281590721,1,0
1323,2019,R3,2019,2,Grade 8,SD:SD,RED,8,RRPCM,ID,Idaho,TOTAL,All students,1,All students,36.2923406194031,1,0
1324,2019,R3,2019,2,Grade 8,MN:MN,RED,8,RRPCM,IL,Illinois,TOTAL,All students,1,All students,264.695664812992,1,0
1325,2019,R3,2019,2,Grade 8,SD:SD,RED,8,RRPCM,IL,Illinois,TOTAL,All students,1,All students,38.3516330954177,1,0
1326,2019,R3,2019,2,Grade 8,MN:MN,RED,8,RRPCM,IN,Indiana,TOTAL,All students,1,All students,265.954997612053,1,0
1327,2019,R3,2019,2,Grade 8,SD:SD,RED,8,RRPCM,IN,Indiana,TOTAL,All students,1,All students,37.1708454981215,1,0
1328,2019,R3,2019,2,Grade 8,MN:MN,RED,8,RRPCM,KS,Kansas,TOTAL,All students,1,All students,262.819050847892,1,0
1329,2019,R3,2019,2,Grade 8,SD:SD,RED,8,RRPCM,KS,Kansas,TOTAL,All students,1,All students,35.247129363962,1,0
1330,2019,R3,2019,2,Grade 8,MN:MN,RED,8,RRPCM,KY,Kentucky,TOTAL,All students,1,All students,262.9635373774,1,0
1331,2019,R3,2019,2,Grade 8,SD:SD,RED,8,RRPCM,KY,Kentucky,TOTAL,All students,1,All students,38.0487671151356,1,0
1332,2019,R3,2019,2,Grade 8,MN:MN,RED,8,RRPCM,LA,Louisiana,TOTAL,All students,1,All students,257.421808574891,1,0
1333,2019,R3,2019,2,Grade 8,SD:SD,RED,8,RRPCM,LA,Louisiana,TOTAL,All students,1,All students,36.8825005932713,1,0
1334,2019,R3,2019,2,Grade 8,MN:MN,RED,8,RRPCM,MA,Massachusetts,TOTAL,All students,1,All students,273.113031464996,1,0
1335,2019,R3,2019,2,Grade 8,SD:SD,RED,8,RRPCM,MA,Massachusetts,TOTAL,All students,1,All students,37.4815731461038,1,0
1336,2019,R3,2019,2,Grade 8,MN:MN,RED,8,RRPCM,MD,Maryland,TOTAL,All students,1,All students,264.389022442559,1,0
1337,2019,R3,2019,2,Grade 8,SD:SD,RED,8,RRPCM,MD,Maryland,TOTAL,All students,1,All students,39.6066001741674,1,0
1338,2019,R3,2019,2,Grade 8,MN:MN,RED,8,RRPCM,ME,Maine,TOTAL,All students,1,All students,265.168656113462,1,0
1339,2019,R3,2019,2,Grade 8,SD:SD,RED,8,RRPCM,ME,Maine,TOTAL,All students,1,All students,37.0699830861196,1,0
1340,2019,R3,2019,2,Grade 8,MN:MN,RED,8,RRPCM,MI,Michigan,TOTAL,All students,1,All students,262.579893670719,1,0
1341,2019,R3,2019,2,Grade 8,SD:SD,RED,8,RRPCM,MI,Michigan,TOTAL,All students,1,All students,34.8041816869858,1,0
1342,2019,R3,2019,2,Grade 8,MN:MN,RED,8,RRPCM,MN,Minnesota,TOTAL,All students,1,All students,263.813360590386,1,0
1343,2019,R3,2019,2,Grade 8,SD:SD,RED,8,RRPCM,MN,Minnesota,TOTAL,All students,1,All students,36.9426708687957,1,0
1344,2019,R3,2019,2,Grade 8,MN:MN,RED,8,RRPCM,MO,Missouri,TOTAL,All students,1,All students,263.292024270598,1,0
1345,2019,R3,2019,2,Grade 8,SD:SD,RED,8,RRPCM,MO,Missouri,TOTAL,All students,1,All students,36.2734420159731,1,0
1346,2019,R3,2019,2,Grade 8,MN:MN,RED,8,RRPCM,MS,Mississippi,TOTAL,All students,1,All students,256.380475226081,1,0
1347,2019,R3,2019,2,Grade 8,SD:SD,RED,8,RRPCM,MS,Mississippi,TOTAL,All students,1,All students,35.5504802039255,1,0
1348,2019,R3,2019,2,Grade 8,MN:MN,RED,8,RRPCM,MT,Montana,TOTAL,All students,1,All students,264.831687514546,1,0
1349,2019,R3,2019,2,Grade 8,SD:SD,RED,8,RRPCM,MT,Montana,TOTAL,All students,1,All students,35.3520226034138,1,0
1350,2019,R3,2019,2,Grade 8,MN:MN,RED,8,RRPCM,NC,North Carolina,TOTAL,All students,1,All students,262.530279226334,1,0
1351,2019,R3,2019,2,Grade 8,SD:SD,RED,8,RRPCM,NC,North Carolina,TOTAL,All students,1,All students,38.0486636429762,1,0
1352,2019,R3,2019,2,Grade 8,MN:MN,RED,8,RRPCM,ND,North Dakota,TOTAL,All students,1,All students,263.232797461833,1,0
1353,2019,R3,2019,2,Grade 8,SD:SD,RED,8,RRPCM,ND,North Dakota,TOTAL,All students,1,All students,33.0860653577894,1,0
1354,2019,R3,2019,2,Grade 8,MN:MN,RED,8,RRPCM,NE,Nebraska,TOTAL,All students,1,All students,263.989105578988,1,0
1355,2019,R3,2019,2,Grade 8,SD:SD,RED,8,RRPCM,NE,Nebraska,TOTAL,All students,1,All students,35.4972182462513,1,0
1356,2019,R3,2019,2,Grade 8,MN:MN,RED,8,RRPCM,NH,New Hampshire,TOTAL,All students,1,All students,267.950506818944,1,0
1357,2019,R3,2019,2,Grade 8,SD:SD,RED,8,RRPCM,NH,New Hampshire,TOTAL,All students,1,All students,35.1840627648214,1,0
1358,2019,R3,2019,2,Grade 8,MN:MN,RED,8,RRPCM,NJ,New Jersey,TOTAL,All students,1,All students,270.357938474977,1,0
1359,2019,R3,2019,2,Grade 8,SD:SD,RED,8,RRPCM,NJ,New Jersey,TOTAL,All students,1,All students,41.8909678471043,1,0
1360,2019,R3,2019,2,Grade 8,MN:MN,RED,8,RRPCM,NM,New Mexico,TOTAL,All students,1,All students,251.699591686589,1,0
1361,2019,R3,2019,2,Grade 8,SD:SD,RED,8,RRPCM,NM,New Mexico,TOTAL,All students,1,All students,39.2644289556273,1,0
1362,2019,R3,2019,2,Grade 8,MN:MN,RED,8,RRPCM,NP,National public,TOTAL,All students,1,All students,261.998327054824,1,0
1363,2019,R3,2019,2,Grade 8,SD:SD,RED,8,RRPCM,NP,National public,TOTAL,All students,1,All students,37.9398628781648,1,0
1364,2019,R3,2019,2,Grade 8,MN:MN,RED,8,RRPCM,NR,National private,TOTAL,All students,1,All students,999.0,0,288
1365,2019,R3,2019,2,Grade 8,SD:SD,RED,8,RRPCM,NR,National private,TOTAL,All students,1,All students,999.0,0,288
1366,2019,R3,2019,2,Grade 8,MN:MN,RED,8,RRPCM,NT,National,TOTAL,All students,1,All students,263.149657191501,1,0
1367,2019,R3,2019,2,Grade 8,SD:SD,RED,8,RRPCM,NT,National,TOTAL,All students,1,All students,37.750423473978,1,0
1368,2019,R3,2019,2,Grade 8,MN:MN,RED,8,RRPCM,NV,Nevada,TOTAL,All students,1,All students,258.075061709817,1,0
1369,2019,R3,2019,2,Grade 8,SD:SD,RED,8,RRPCM,NV,Nevada,TOTAL,All students,1,All students,37.7103479027879,1,0
1370,2019,R3,2019,2,Grade 8,MN:MN,RED,8,RRPCM,NY,New York,TOTAL,All students,1,All students,261.75214468338,1,0
1371,2019,R3,2019,2,Grade 8,SD:SD,RED,8,RRPCM,NY,New York,TOTAL,All students,1,All students,38.7200215957889,1,0
1372,2019,R3,2019,2,Grade 8,MN:MN,RED,8,RRPCM,OH,Ohio,TOTAL,All students,1,All students,267.049051157634,1,0
1373,2019,R3,2019,2,Grade 8,SD:SD,RED,8,RRPCM,OH,Ohio,TOTAL,All students,1,All students,37.4767722972969,1,0
1374,2019,R3,2019,2,Grade 8,MN:MN,RED,8,RRPCM,OK,Oklahoma,TOTAL,All students,1,All students,258.197131397005,1,0
1375,2019,R3,2019,2,Grade 8,SD:SD,RED,8,RRPCM,OK,Oklahoma,TOTAL,All students,1,All students,33.643801149906,1,0
1376,2019,R3,2019,2,Grade 8,MN:MN,RED,8,RRPCM,OR,Oregon,TOTAL,All students,1,All students,263.721671156725,1,0
1377,2019,R3,2019,2,Grade 8,SD:SD,RED,8,RRPCM,OR,Oregon,TOTAL,All students,1,All students,38.0863608469512,1,0
1378,2019,R3,2019,2,Grade 8,MN:MN,RED,8,RRPCM,PA,Pennsylvania,TOTAL,All students,1,All students,264.180562730245,1,0
1379,2019,R3,2019,2,Grade 8,SD:SD,RED,8,RRPCM,PA,Pennsylvania,TOTAL,All students,1,All students,38.329728834237,1,0
1380,2019,R3,2019,2,Grade 8,MN:MN,RED,8,RRPCM,RI,Rhode Island,TOTAL,All students,1,All students,262.146157582051,1,0
1381,2019,R3,2019,2,Grade 8,SD:SD,RED,8,RRPCM,RI,Rhode Island,TOTAL,All students,1,All students,41.1333464163314,1,0
1382,2019,R3,2019,2,Grade 8,MN:MN,RED,8,RRPCM,SC,South Carolina,TOTAL,All students,1,All students,258.976515885229,1,0
1383,2019,R3,2019,2,Grade 8,SD:SD,RED,8,RRPCM,SC,South Carolina,TOTAL,All students,1,All students,37.4447797157429,1,0
1384,2019,R3,2019,2,Grade 8,MN:MN,RED,8,RRPCM,SD,South Dakota,TOTAL,All students,1,All students,262.770856466814,1,0
1385,2019,R3,2019,2,Grade 8,SD:SD,RED,8,RRPCM,SD,South Dakota,TOTAL,All students,1,All students,35.6575034897828,1,0
1386,2019,R3,2019,2,Grade 8,MN:MN,RED,8,RRPCM,TN,Tennessee,TOTAL,All students,1,All students,262.462713482116,1,0
1387,2019,R3,2019,2,Grade 8,SD:SD,RED,8,RRPCM,TN,Tennessee,TOTAL,All students,1,All students,36.3315833988486,1,0
1388,2019,R3,2019,2,Grade 8,MN:MN,RED,8,RRPCM,TX,Texas,TOTAL,All students,1,All students,255.742396588221,1,0
1389,2019,R3,2019,2,Grade 8,SD:SD,RED,8,RRPCM,TX,Texas,TOTAL,All students,1,All students,36.3316299053987,1,0
1390,2019,R3,2019,2,Grade 8,MN:MN,RED,8,RRPCM,UT,Utah,TOTAL,All students,1,All students,267.417962093047,1,0
1391,2019,R3,2019,2,Grade 8,SD:SD,RED,8,RRPCM,UT,Utah,TOTAL,All students,1,All students,36.3556623499245,1,0
1392,2019,R3,2019,2,Grade 8,MN:MN,RED,8,RRPCM,VA,Virginia,TOTAL,All students,1,All students,261.798121159611,1,0
1393,2019,R3,2019,2,Grade 8,SD:SD,RED,8,RRPCM,VA,Virginia,TOTAL,All students,1,All students,39.0100964455939,1,0
1394,2019,R3,2019,2,Grade 8,MN:MN,RED,8,RRPCM,VT,Vermont,TOTAL,All students,1,All students,268.481107043375,1,0
1395,2019,R3,2019,2,Grade 8,SD:SD,RED,8,RRPCM,VT,Vermont,TOTAL,All students,1,All students,37.491257670795,1,0
1396,2019,R3,2019,2,Grade 8,MN:MN,RED,8,RRPCM,WA,Washington,TOTAL,All students,1,All students,266.277038164971,1,0
1397,2019,R3,2019,2,Grade 8,SD:SD,RED,8,RRPCM,WA,Washington,TOTAL,All students,1,All students,40.4076090273103,1,0
1398,2019,R3,2019,2,Grade 8,MN:MN,RED,8,RRPCM,WI,Wisconsin,TOTAL,All students,1,All students,267.383822656073,1,0
1399,2019,R3,2019,2,Grade 8,SD:SD,RED,8,RRPCM,WI,Wisconsin,TOTAL,All students,1,All students,36.7013378021037,1,0
1400,2019,R3,2019,2,Grade 8,MN:MN,RED,8,RRPCM,WV,West Virginia,TOTAL,All students,1,All students,255.624126301159,1,0
1401,2019,R3,2019,2,Grade 8,SD:SD,RED,8,RRPCM,WV,West Virginia,TOTAL,All students,1,All students,37.0810666078068,1,0
1402,2019,R3,2019,2,Grade 8,MN:MN,RED,8,RRPCM,WY,Wyoming,TOTAL,All students,1,All students,264.64162610574,1,0
1403,2019,R3,2019,2,Grade 8,SD:SD,RED,8,RRPCM,WY,Wyoming,TOTAL,All students,1,All students,34.4889338974414,1,0
1404,2022,R3,2022,2,Grade 8,MN:MN,RED,8,RRPCM,AK,Alaska,TOTAL,All students,1,All students,252.553242858184,1,0
1405,2022,R3,2022,2,Grade 8,SD:SD,RED,8,RRPCM,AK,Alaska,TOTAL,All students,1,All students,41.6206855328487,1,0
1406,2022,R3,2022,2,Grade 8,MN:MN,RED,8,RRPCM,AL,Alabama,TOTAL,All students,1,All students,250.895926965125,1,0
1407,2022,R3,2022,2,Grade 8,SD:SD,RED,8,RRPCM,AL,Alabama,TOTAL,All students,1,All students,38.0770934179066,1,0
1408,2022,R3,2022,2,Grade 8,MN:MN,RED,8,RRPCM,AR,Arkansas,TOTAL,All students,1,All students,255.04244394381,1,0
1409,2022,R3,2022,2,Grade 8,SD:SD,RED,8,RRPCM,AR,Arkansas,TOTAL,All students,1,All students,37.3393529029054,1,0
1410,2022,R3,2022,2,Grade 8,MN:MN,RED,8,RRPCM,AZ,Arizona,TOTAL,All students,1,All students,258.52899360086,1,0
1411,2022,R3,2022,2,Grade 8,SD:SD,RED,8,RRPCM,AZ,Arizona,TOTAL,All students,1,All students,36.6591180963593,1,0
1412,2022,R3,2022,2,Grade 8,MN:MN,RED,8,RRPCM,CA,California,TOTAL,All students,1,All students,258.785181090586,1,0
1413,2022,R3,2022,2,Grade 8,SD:SD,RED,8,RRPCM,CA,California,TOTAL,All students,1,All students,38.8558426635291,1,0
1414,2022,R3,2022,2,Grade 8,MN:MN,RED,8,RRPCM,CO,Colorado,TOTAL,All students,1,All students,263.454560711468,1,0
1415,2022,R3,2022,2,Grade 8,SD:SD,RED,8,RRPCM,CO,Colorado,TOTAL,All students,1,All students,38.7274429655976,1,0
1416,2022,R3,2022,2,Grade 8,MN:MN,RED,8,RRPCM,CT,Connecticut,TOTAL,All students,1,All students,263.807355777347,1,0
1417,2022,R3,2022,2,Grade 8,SD:SD,RED,8,RRPCM,CT,Connecticut,TOTAL,All students,1,All students,38.1995130745332,1,0
1418,2022,R3,2022,2,Grade 8,MN:MN,RED,8,RRPCM,DC,District of Columbia,TOTAL,All students,1,All students,249.706657752553,1,0
1419,2022,R3,2022,2,Grade 8,SD:SD,RED,8,RRPCM,DC,District of Columbia,TOTAL,All students,1,All students,40.5434764283735,1,0
1420,2022,R3,2022,2,Grade 8,MN:MN,RED,8,RRPCM,DE,Delaware,TOTAL,All students,1,All students,253.007183169647,1,0
1421,2022,R3,2022,2,Grade 8,SD:SD,RED,8,RRPCM,DE,Delaware,TOTAL,All students,1,All students,38.3762194787235,1,0
1422,2022,R3,2022,2,Grade 8,MN:MN,RED,8,RRPCM,FL,Florida,TOTAL,All students,1,All students,259.631409925572,1,0
1423,2022,R3,2022,2,Grade 8,SD:SD,RED,8,RRPCM,FL,Florida,TOTAL,All students,1,All students,36.9137249092943,1,0
1424,2022,R3,2022,2,Grade 8,MN:MN,RED,8,RRPCM,GA,Georgia,TOTAL,All students,1,All students,259.986245607579,1,0
1425,2022,R3,2022,2,Grade 8,SD:SD,RED,8,RRPCM,GA,Georgia,TOTAL,All students,1,All students,39.7180500016959,1,0
1426,2022,R3,2022,2,Grade 8,MN:MN,RED,8,RRPCM,HI,Hawaii,TOTAL,All students,1,All students,258.9835163369,1,0
1427,2022,R3,2022,2,Grade 8,SD:SD,RED,8,RRPCM,HI,Hawaii,TOTAL,All students,1,All students,39.3125907857958,1,0
1428,2022,R3,2022,2,Grade 8,MN:MN,RED,8,RRPCM,IA,Iowa,TOTAL,All students,1,All students,259.767473810611,1,0
1429,2022,R3,2022,2,Grade 8,SD:SD,RED,8,RRPCM,IA,Iowa,TOTAL,All students,1,All students,35.4581505091149,1,0
1430,2022,R3,2022,2,Grade 8,MN:MN,RED,8,RRPCM,ID,Idaho,TOTAL,All students,1,All students,263.535263579042,1,0
1431,2022,R3,2022,2,Grade 8,SD:SD,RED,8,RRPCM,ID,Idaho,TOTAL,All students,1,All students,35.0614133258739,1,0
1432,2022,R3,2022,2,Grade 8,MN:MN,RED,8,RRPCM,IL,Illinois,TOTAL,All students,1,All students,261.885979305147,1,0
1433,2022,R3,2022,2,Grade 8,SD:SD,RED,8,RRPCM,IL,Illinois,TOTAL,All students,1,All students,38.5440842711856,1,0
1434,2022,R3,2022,2,Grade 8,MN:MN,RED,8,RRPCM,IN,Indiana,TOTAL,All students,1,All students,260.504242115985,1,0
1435,2022,R3,2022,2,Grade 8,SD:SD,RED,8,RRPCM,IN,Indiana,TOTAL,All students,1,All students,37.1430193978322,1,0
1436,2022,R3,2022,2,Grade 8,MN:MN,RED,8,RRPCM,KS,Kansas,TOTAL,All students,1,All students,256.182078264314,1,0
1437,2022,R3,2022,2,Grade 8,SD:SD,RED,8,RRPCM,KS,Kansas,TOTAL,All students,1,All students,36.3052752366576,1,0
1438,2022,R3,2022,2,Grade 8,MN:MN,RED,8,RRPCM,KY,Kentucky,TOTAL,All students,1,All students,258.49198679453,1,0
1439,2022,R3,2022,2,Grade 8,SD:SD,RED,8,RRPCM,KY,Kentucky,TOTAL,All students,1,All students,38.2496150476573,1,0
1440,2022,R3,2022,2,Grade 8,MN:MN,RED,8,RRPCM,LA,Louisiana,TOTAL,All students,1,All students,256.645731498475,1,0
1441,2022,R3,2022,2,Grade 8,SD:SD,RED,8,RRPCM,LA,Louisiana,TOTAL,All students,1,All students,37.6436329437746,1,0
1442,2022,R3,2022,2,Grade 8,MN:MN,RED,8,RRPCM,MA,Massachusetts,TOTAL,All students,1,All students,268.753284817946,1,0
1443,2022,R3,2022,2,Grade 8,SD:SD,RED,8,RRPCM,MA,Massachusetts,TOTAL,All students,1,All students,37.1547057795424,1,0
1444,2022,R3,2022,2,Grade 8,MN:MN,RED,8,RRPCM,MD,Maryland,TOTAL,All students,1,All students,259.293557884938,1,0
1445,2022,R3,2022,2,Grade 8,SD:SD,RED,8,RRPCM,MD,Maryland,TOTAL,All students,1,All students,42.8125274497287,1,0
1446,2022,R3,2022,2,Grade 8,MN:MN,RED,8,RRPCM,ME,Maine,TOTAL,All students,1,All students,256.711628244573,1,0
1447,2022,R3,2022,2,Grade 8,SD:SD,RED,8,RRPCM,ME,Maine,TOTAL,All students,1,All students,40.8822268960027,1,0
1448,2022,R3,2022,2,Grade 8,MN:MN,RED,8,RRPCM,MI,Michigan,TOTAL,All students,1,All students,258.514937797666,1,0
1449,2022,R3,2022,2,Grade 8,SD:SD,RED,8,RRPCM,MI,Michigan,TOTAL,All students,1,All students,37.1328035653902,1,0
1450,2022,R3,2022,2,Grade 8,MN:MN,RED,8,RRPCM,MN,Minnesota,TOTAL,All students,1,All students,260.469458119705,1,0
1451,2022,R3,2022,2,Grade 8,SD:SD,RED,8,RRPCM,MN,Minnesota,TOTAL,All students,1,All students,36.0859833391293,1,0
1452,2022,R3,2022,2,Grade 8,MN:MN,RED,8,RRPCM,MO,Missouri,TOTAL,All students,1,All students,257.625326475664,1,0
1453,2022,R3,2022,2,Grade 8,SD:SD,RED,8,RRPCM,MO,Missouri,TOTAL,All students,1,All students,37.794003430165,1,0
1454,2022,R3,2022,2,Grade 8,MN:MN,RED,8,RRPCM,MS,Mississippi,TOTAL,All students,1,All students,252.928904243024,1,0
1455,2022,R3,2022,2,Grade 8,SD:SD,RED,8,RRPCM,MS,Mississippi,TOTAL,All students,1,All students,35.880685006629,1,0
1456,2022,R3,2022,2,Grade 8,MN:MN,RED,8,RRPCM,MT,Montana,TOTAL,All students,1,All students,261.184863122528,1,0
1457,2022,R3,2022,2,Grade 8,SD:SD,RED,8,RRPCM,MT,Montana,TOTAL,All students,1,All students,34.4276423375926,1,0
1458,2022,R3,2022,2,Grade 8,MN:MN,RED,8,RRPCM,NC,North Carolina,TOTAL,All students,1,All students,256.156371582761,1,0
1459,2022,R3,2022,2,Grade 8,SD:SD,RED,8,RRPCM,NC,North Carolina,TOTAL,All students,1,All students,36.9684405030062,1,0
1460,2022,R3,2022,2,Grade 8,MN:MN,RED,8,RRPCM,ND,North Dakota,TOTAL,All students,1,All students,258.083568067166,1,0
1461,2022,R3,2022,2,Grade 8,SD:SD,RED,8,RRPCM,ND,North Dakota,TOTAL,All students,1,All students,35.5126574770551,1,0
1462,2022,R3,2022,2,Grade 8,MN:MN,RED,8,RRPCM,NE,Nebraska,TOTAL,All students,1,All students,259.313241223676,1,0
1463,2022,R3,2022,2,Grade 8,SD:SD,RED,8,RRPCM,NE,Nebraska,TOTAL,All students,1,All students,36.5647777443357,1,0
1464,2022,R3,2022,2,Grade 8,MN:MN,RED,8,RRPCM,NH,New Hampshire,TOTAL,All students,1,All students,263.182164385216,1,0
1465,2022,R3,2022,2,Grade 8,SD:SD,RED,8,RRPCM,NH,New Hampshire,TOTAL,All students,1,All students,36.4113005667799,1,0
1466,2022,R3,2022,2,Grade 8,MN:MN,RED,8,RRPCM,NJ,New Jersey,TOTAL,All students,1,All students,269.783593975822,1,0
1467,2022,R3,2022,2,Grade 8,SD:SD,RED,8,RRPCM,NJ,New Jersey,TOTAL,All students,1,All students,38.7062589277068,1,0
1468,2022,R3,2022,2,Grade 8,MN:MN,RED,8,RRPCM,NM,New Mexico,TOTAL,All students,1,All students,247.798592786218,1,0
1469,2022,R3,2022,2,Grade 8,SD:SD,RED,8,RRPCM,NM,New Mexico,TOTAL,All students,1,All students,36.4925527621379,1,0
1470,2022,R3,2022,2,Grade 8,MN:MN,RED,8,RRPCM,NP,National public,TOTAL,All students,1,All students,259.107725192642,1,0
1471,2022,R3,2022,2,Grade 8,SD:SD,RED,8,RRPCM,NP,National public,TOTAL,All students,1,All students,37.9915422622804,1,0
1472,2022,R3,2022,2,Grade 8,MN:MN,RED,8,RRPCM,NR,National private,TOTAL,All students,1,All students,999.0,0,288
1473,2022,R3,2022,2,Grade 8,SD:SD,RED,8,RRPCM,NR,National private,TOTAL,All students,1,All students,999.0,0,288
1474,2022,R3,2022,2,Grade 8,MN:MN,RED,8,RRPCM,NT,National,TOTAL,All students,1,All students,260.46922366966,1,0
1475,2022,R3,2022,2,Grade 8,SD:SD,RED,8,RRPCM,NT,National,TOTAL,All students,1,All students,37.8686949577622,1,0
1476,2022,R3,2022,2,Grade 8,MN:MN,RED,8,RRPCM,NV,Nevada,TOTAL,All students,1,All students,258.889380790852,1,0
1477,2022,R3,2022,2,Grade 8,SD:SD,RED,8,RRPCM,NV,Nevada,TOTAL,All students,1,All students,37.970294795824,1,0
1478,2022,R3,2022,2,Grade 8,MN:MN,RED,8,RRPCM,NY,New York,TOTAL,All students,1,All students,261.656845277671,1,0
1479,2022,R3,2022,2,Grade 8,SD:SD,RED,8,RRPCM,NY,New York,TOTAL,All students,1,All students,38.9411075413827,1,0
1480,2022,R3,2022,2,Grade 8,MN:MN,RED,8,RRPCM,OH,Ohio,TOTAL,All students,1,All students,261.99738322069,1,0
1481,2022,R3,2022,2,Grade 8,SD:SD,RED,8,RRPCM,OH,Ohio,TOTAL,All students,1,All students,38.8837091975,1,0
1482,2022,R3,2022,2,Grade 8,MN:MN,RED,8,RRPCM,OK,Oklahoma,TOTAL,All students,1,All students,251.295531201592,1,0
1483,2022,R3,2022,2,Grade 8,SD:SD,RED,8,RRPCM,OK,Oklahoma,TOTAL,All students,1,All students,36.6783020658167,1,0
1484,2022,R3,2022,2,Grade 8,MN:MN,RED,8,RRPCM,OR,Oregon,TOTAL,All students,1,All students,257.051773431229,1,0
1485,2022,R3,2022,2,Grade 8,SD:SD,RED,8,RRPCM,OR,Oregon,TOTAL,All students,1,All students,37.1102631429355,1,0
1486,2022,R3,2022,2,Grade 8,MN:MN,RED,8,RRPCM,PA,Pennsylvania,TOTAL,All students,1,All students,259.099219218508,1,0
1487,2022,R3,2022,2,Grade 8,SD:SD,RED,8,RRPCM,PA,Pennsylvania,TOTAL,All students,1,All students,39.9632106539788,1,0
1488,2022,R3,2022,2,Grade 8,MN:MN,RED,8,RRPCM,RI,Rhode Island,TOTAL,All students,1,All students,259.392585006254,1,0
1489,2022,R3,2022,2,Grade 8,SD:SD,RED,8,RRPCM,RI,Rhode Island,TOTAL,All students,1,All students,40.8575267163035,1,0
1490,2022,R3,2022,2,Grade 8,MN:MN,RED,8,RRPCM,SC,South Carolina,TOTAL,All students,1,All students,253.86936782685,1,0
1491,2022,R3,2022,2,Grade 8,SD:SD,RED,8,RRPCM,SC,South Carolina,TOTAL,All students,1,All students,39.3980640939762,1,0
1492,2022,R3,2022,2,Grade 8,MN:MN,RED,8,RRPCM,SD,South Dakota,TOTAL,All students,1,All students,261.839459552595,1,0
1493,2022,R3,2022,2,Grade 8,SD:SD,RED,8,RRPCM,SD,South Dakota,TOTAL,All students,1,All students,36.145749744877,1,0
1494,2022,R3,2022,2,Grade 8,MN:MN,RED,8,RRPCM,TN,Tennessee,TOTAL,All students,1,All students,257.559768339582,1,0
1495,2022,R3,2022,2,Grade 8,SD:SD,RED,8,RRPCM,TN,Tennessee,TOTAL,All students,1,All students,38.1828003173353,1,0
1496,2022,R3,2022,2,Grade 8,MN:MN,RED,8,RRPCM,TX,Texas,TOTAL,All students,1,All students,255.173642493018,1,0
1497,2022,R3,2022,2,Grade 8,SD:SD,RED,8,RRPCM,TX,Texas,TOTAL,All students,1,All students,34.7929930715263,1,0
1498,2022,R3,2022,2,Grade 8,MN:MN,RED,8,RRPCM,UT,Utah,TOTAL,All students,1,All students,265.218539076709,1,0
1499,2022,R3,2022,2,Grade 8,SD:SD,RED,8,RRPCM,UT,Utah,TOTAL,All students,1,All students,36.7406456588071,1,0
1500,2022,R3,2022,2,Grade 8,MN:MN,RED,8,RRPCM,VA,Virginia,TOTAL,All students,1,All students,259.551310888157,1,0
1501,2022,R3,2022,2,Grade 8,SD:SD,RED,8,RRPCM,VA,Virginia,TOTAL,All students,1,All students,39.0979014272997,1,0
1502,2022,R3,2022,2,Grade 8,MN:MN,RED,8,RRPCM,VT,Vermont,TOTAL,All students,1,All students,263.779222922225,1,0
1503,2022,R3,2022,2,Grade 8,SD:SD,RED,8,RRPCM,VT,Vermont,TOTAL,All students,1,All students,37.4236862226691,1,0
1504,2022,R3,2022,2,Grade 8,MN:MN,RED,8,RRPCM,WA,Washington,TOTAL,All students,1,All students,261.539145444344,1,0
1505,2022,R3,2022,2,Grade 8,SD:SD,RED,8,RRPCM,WA,Washington,TOTAL,All students,1,All students,37.9739274304593,1,0
1506,2022,R3,2022,2,Grade 8,MN:MN,RED,8,RRPCM,WI,Wisconsin,TOTAL,All students,1,All students,262.229783504344,1,0
1507,2022,R3,2022,2,Grade 8,SD:SD,RED,8,RRPCM,WI,Wisconsin,TOTAL,All students,1,All students,36.7192211776698,1,0
1508,2022,R3,2022,2,Grade 8,MN:MN,RED,8,RRPCM,WV,West Virginia,TOTAL,All students,1,All students,249.404708818444,1,0
1509,2022,R3,2022,2,Grade 8,SD:SD,RED,8,RRPCM,WV,West Virginia,TOTAL,All students,1,All students,40.1143618250776,1,0
1510,2022,R3,2022,2,Grade 8,MN:MN,RED,8,RRPCM,WY,Wyoming,TOTAL,All students,1,All students,260.767448966272,1,0
1511,2022,R3,2022,2,Grade 8,SD:SD,RED,8,RRPCM,WY,Wyoming,TOTAL,All students,1,All students,35.7436118546006,1,0
1512,2024,R3,2024,2,Grade 8,MN:MN,RED,8,RRPCM,AK,Alaska,TOTAL,All students,1,All students,246.448911890448,1,0
1513,2024,R3,2024,2,Grade 8,SD:SD,RED,8,RRPCM,AK,Alaska,TOTAL,All students,1,All students,42.414945334576,1,0
1514,2024,R3,2024,2,Grade 8,MN:MN,RED,8,RRPCM,AL,Alabama,TOTAL,All students,1,All students,249.60009682329,1,0
1515,2024,R3,2024,2,Grade 8,SD:SD,RED,8,RRPCM,AL,Alabama,TOTAL,All students,1,All students,38.6581952644042,1,0
1516,2024,R3,2024,2,Grade 8,MN:MN,RED,8,RRPCM,AR,Arkansas,TOTAL,All students,1,All students,254.774995307253,1,0
1517,2024,R3,2024,2,Grade 8,SD:SD,RED,8,RRPCM,AR,Arkansas,TOTAL,All students,1,All students,37.5227875537749,1,0
1518,2024,R3,2024,2,Grade 8,MN:MN,RED,8,RRPCM,AZ,Arizona,TOTAL,All students,1,All students,254.343065835469,1,0
1519,2024,R3,2024,2,Grade 8,SD:SD,RED,8,RRPCM,AZ,Arizona,TOTAL,All students,1,All students,38.5052354473983,1,0
1520,2024,R3,2024,2,Grade 8,MN:MN,RED,8,RRPCM,CA,California,TOTAL,All students,1,All students,254.372086569589,1,0
1521,2024,R3,2024,2,Grade 8,SD:SD,RED,8,RRPCM,CA,California,TOTAL,All students,1,All students,42.584046872526,1,0
1522,2024,R3,2024,2,Grade 8,MN:MN,RED,8,RRPCM,CO,Colorado,TOTAL,All students,1,All students,264.537032597706,1,0
1523,2024,R3,2024,2,Grade 8,SD:SD,RED,8,RRPCM,CO,Colorado,TOTAL,All students,1,All students,37.0396036877294,1,0
1524,2024,R3,2024,2,Grade 8,MN:MN,RED,8,RRPCM,CT,Connecticut,TOTAL,All students,1,All students,263.097427626236,1,0
1525,2024,R3,2024,2,Grade 8,SD:SD,RED,8,RRPCM,CT,Connecticut,TOTAL,All students,1,All students,41.1311992891667,1,0
1526,2024,R3,2024,2,Grade 8,MN:MN,RED,8,RRPCM,DC,District of Columbia,TOTAL,All students,1,All students,251.297742017382,1,0
1527,2024,R3,2024,2,Grade 8,SD:SD,RED,8,RRPCM,DC,District of Columbia,TOTAL,All students,1,All students,43.6238275895565,1,0
1528,2024,R3,2024,2,Grade 8,MN:MN,RED,8,RRPCM,DE,Delaware,TOTAL,All students,1,All students,249.451534365685,1,0
1529,2024,R3,2024,2,Grade 8,SD:SD,RED,8,RRPCM,DE,Delaware,TOTAL,All students,1,All students,41.4489331891147,1,0
1530,2024,R3,2024,2,Grade 8,MN:MN,RED,8,RRPCM,FL,Florida,TOTAL,All students,1,All students,252.857903224996,1,0
1531,2024,R3,2024,2,Grade 8,SD:SD,RED,8,RRPCM,FL,Florida,TOTAL,All students,1,All students,40.2633771617481,1,0
1532,2024,R3,2024,2,Grade 8,MN:MN,RED,8,RRPCM,GA,Georgia,TOTAL,All students,1,All students,259.326928809736,1,0
1533,2024,R3,2024,2,Grade 8,SD:SD,RED,8,RRPCM,GA,Georgia,TOTAL,All students,1,All students,39.731811789285,1,0
1534,2024,R3,2024,2,Grade 8,MN:MN,RED,8,RRPCM,HI,Hawaii,TOTAL,All students,1,All students,257.283562729771,1,0
1535,2024,R3,2024,2,Grade 8,SD:SD,RED,8,RRPCM,HI,Hawaii,TOTAL,All students,1,All students,39.2436248730377,1,0
1536,2024,R3,2024,2,Grade 8,MN:MN,RED,8,RRPCM,IA,Iowa,TOTAL,All students,1,All students,260.700823621737,1,0
1537,2024,R3,2024,2,Grade 8,SD:SD,RED,8,RRPCM,IA,Iowa,TOTAL,All students,1,All students,37.0837952627282,1,0
1538,2024,R3,2024,2,Grade 8,MN:MN,RED,8,RRPCM,ID,Idaho,TOTAL,All students,1,All students,260.728544479058,1,0
1539,2024,R3,2024,2,Grade 8,SD:SD,RED,8,RRPCM,ID,Idaho,TOTAL,All students,1,All students,37.8918356217808,1,0
1540,2024,R3,2024,2,Grade 8,MN:MN,RED,8,RRPCM,IL,Illinois,TOTAL,All students,1,All students,261.61991010845,1,0
1541,2024,R3,2024,2,Grade 8,SD:SD,RED,8,RRPCM,IL,Illinois,TOTAL,All students,1,All students,39.7095876640927,1,0
1542,2024,R3,2024,2,Grade 8,MN:MN,RED,8,RRPCM,IN,Indiana,TOTAL,All students,1,All students,261.657813224993,1,0
1543,2024,R3,2024,2,Grade 8,SD:SD,RED,8,RRPCM,IN,Indiana,TOTAL,All students,1,All students,38.941661402204,1,0
1544,2024,R3,2024,2,Grade 8,MN:MN,RED,8,RRPCM,KS,Kansas,TOTAL,All students,1,All students,255.490124899527,1,0
1545,2024,R3,2024,2,Grade 8,SD:SD,RED,8,RRPCM,KS,Kansas,TOTAL,All students,1,All students,36.4663441613995,1,0
1546,2024,R3,2024,2,Grade 8,MN:MN,RED,8,RRPCM,KY,Kentucky,TOTAL,All students,1,All students,257.999548306392,1,0
1547,2024,R3,2024,2,Grade 8,SD:SD,RED,8,RRPCM,KY,Kentucky,TOTAL,All students,1,All students,39.0602742530011,1,0
1548,2024,R3,2024,2,Grade 8,MN:MN,RED,8,RRPCM,LA,Louisiana,TOTAL,All students,1,All students,256.534204237025,1,0
1549,2024,R3,2024,2,Grade 8,SD:SD,RED,8,RRPCM,LA,Louisiana,TOTAL,All students,1,All students,37.9739293985952,1,0
1550,2024,R3,2024,2,Grade 8,MN:MN,RED,8,RRPCM,MA,Massachusetts,TOTAL,All students,1,All students,268.01134585951,1,0
1551,2024,R3,2024,2,Grade 8,SD:SD,RED,8,RRPCM,MA,Massachusetts,TOTAL,All students,1,All students,39.2327313912637,1,0
1552,2024,R3,2024,2,Grade 8,MN:MN,RED,8,RRPCM,MD,Maryland,TOTAL,All students,1,All students,258.323688032782,1,0
1553,2024,R3,2024,2,Grade 8,SD:SD,RED,8,RRPCM,MD,Maryland,TOTAL,All students,1,All students,44.0314374235594,1,0
1554,2024,R3,2024,2,Grade 8,MN:MN,RED,8,RRPCM,ME,Maine,TOTAL,All students,1,All students,255.04307191495,1,0
1555,2024,R3,2024,2,Grade 8,SD:SD,RED,8,RRPCM,ME,Maine,TOTAL,All students,1,All students,38.3685479162022,1,0
1556,2024,R3,2024,2,Grade 8,MN:MN,RED,8,RRPCM,MI,Michigan,TOTAL,All students,1,All students,255.062217154613,1,0
1557,2024,R3,2024,2,Grade 8,SD:SD,RED,8,RRPCM,MI,Michigan,TOTAL,All students,1,All students,36.5533435039767,1,0
1558,2024,R3,2024,2,Grade 8,MN:MN,RED,8,RRPCM,MN,Minnesota,TOTAL,All students,1,All students,260.066146684754,1,0
1559,2024,R3,2024,2,Grade 8,SD:SD,RED,8,RRPCM,MN,Minnesota,TOTAL,All students,1,All students,34.0457126700172,1,0
1560,2024,R3,2024,2,Grade 8,MN:MN,RED,8,RRPCM,MO,Missouri,TOTAL,All students,1,All students,255.280888010341,1,0
1561,2024,R3,2024,2,Grade 8,SD:SD,RED,8,RRPCM,MO,Missouri,TOTAL,All students,1,All students,38.6399165414593,1,0
1562,2024,R3,2024,2,Grade 8,MN:MN,RED,8,RRPCM,MS,Mississippi,TOTAL,All students,1,All students,253.466620687592,1,0
1563,2024,R3,2024,2,Grade 8,SD:SD,RED,8,RRPCM,MS,Mississippi,TOTAL,All students,1,All students,36.4364572393402,1,0
1564,2024,R3,2024,2,Grade 8,MN:MN,RED,8,RRPCM,MT,Montana,TOTAL,All students,1,All students,260.53233472843,1,0
1565,2024,R3,2024,2,Grade 8,SD:SD,RED,8,RRPCM,MT,Montana,TOTAL,All students,1,All students,37.4243453244476,1,0
1566,2024,R3,2024,2,Grade 8,MN:MN,RED,8,RRPCM,NC,North Carolina,TOTAL,All students,1,All students,254.901868130391,1,0
1567,2024,R3,2024,2,Grade 8,SD:SD,RED,8,RRPCM,NC,North Carolina,TOTAL,All students,1,All students,40.2916994875833,1,0
1568,2024,R3,2024,2,Grade 8,MN:MN,RED,8,RRPCM,ND,North Dakota,TOTAL,All students,1,All students,257.390714797099,1,0
1569,2024,R3,2024,2,Grade 8,SD:SD,RED,8,RRPCM,ND,North Dakota,TOTAL,All students,1,All students,33.7668818601953,1,0
1570,2024,R3,2024,2,Grade 8,MN:MN,RED,8,RRPCM,NE,Nebraska,TOTAL,All students,1,All students,256.132485931986,1,0
1571,2024,R3,2024,2,Grade 8,SD:SD,RED,8,RRPCM,NE,Nebraska,TOTAL,All students,1,All students,38.6907436423605,1,0
1572,2024,R3,2024,2,Grade 8,MN:MN,RED,8,RRPCM,NH,New Hampshire,TOTAL,All students,1,All students,263.913058116918,1,0
1573,2024,R3,2024,2,Grade 8,SD:SD,RED,8,RRPCM,NH,New Hampshire,TOTAL,All students,1,All students,36.3438462436913,1,0
1574,2024,R3,2024,2,Grade 8,MN:MN,RED,8,RRPCM,NJ,New Jersey,TOTAL,All students,1,All students,265.962586543416,1,0
1575,2024,R3,2024,2,Grade 8,SD:SD,RED,8,RRPCM,NJ,New Jersey,TOTAL,All students,1,All students,41.889809482025,1,0
1576,2024,R3,2024,2,Grade 8,MN:MN,RED,8,RRPCM,NM,New Mexico,TOTAL,All students,1,All students,245.055931705886,1,0
1577,2024,R3,2024,2,Grade 8,SD:SD,RED,8,RRPCM,NM,New Mexico,TOTAL,All students,1,All students,39.4945949716653,1,0
1578,2024,R3,2024,2,Grade 8,MN:MN,RED,8,RRPCM,NP,National public,TOTAL,All students,1,All students,256.662789624352,1,0
1579,2024,R3,2024,2,Grade 8,SD:SD,RED,8,RRPCM,NP,National public,TOTAL,All students,1,All students,40.3758986081531,1,0
1580,2024,R3,2024,2,Grade 8,MN:MN,RED,8,RRPCM,NR,National private,TOTAL,All students,1,All students,999.0,0,288
1581,2024,R3,2024,2,Grade 8,SD:SD,RED,8,RRPCM,NR,National private,TOTAL,All students,1,All students,999.0,0,288
1582,2024,R3,2024,2,Grade 8,MN:MN,RED,8,RRPCM,NT,National,TOTAL,All students,1,All students,258.049833763416,1,0
1583,2024,R3,2024,2,Grade 8,SD:SD,RED,8,RRPCM,NT,National,TOTAL,All students,1,All students,40.1694144243232,1,0
1584,2024,R3,2024,2,Grade 8,MN:MN,RED,8,RRPCM,NV,Nevada,TOTAL,All students,1,All students,253.286888821065,1,0
1585,2024,R3,2024,2,Grade 8,SD:SD,RED,8,RRPCM,NV,Nevada,TOTAL,All students,1,All students,40.8950328548491,1,0
1586,2024,R3,2024,2,Grade 8,MN:MN,RED,8,RRPCM,NY,New York,TOTAL,All students,1,All students,256.867847392969,1,0
1587,2024,R3,2024,2,Grade 8,SD:SD,RED,8,RRPCM,NY,New York,TOTAL,All students,1,All students,44.0067483671351,1,0
1588,2024,R3,2024,2,Grade 8,MN:MN,RED,8,RRPCM,OH,Ohio,TOTAL,All students,1,All students,260.420681003641,1,0
1589,2024,R3,2024,2,Grade 8,SD:SD,RED,8,RRPCM,OH,Ohio,TOTAL,All students,1,All students,39.8415303757228,1,0
1590,2024,R3,2024,2,Grade 8,MN:MN,RED,8,RRPCM,OK,Oklahoma,TOTAL,All students,1,All students,248.787388013967,1,0
1591,2024,R3,2024,2,Grade 8,SD:SD,RED,8,RRPCM,OK,Oklahoma,TOTAL,All students,1,All students,37.9932784875243,1,0
1592,2024,R3,2024,2,Grade 8,MN:MN,RED,8,RRPCM,OR,Oregon,TOTAL,All students,1,All students,254.829850771172,1,0
1593,2024,R3,2024,2,Grade 8,SD:SD,RED,8,RRPCM,OR,Oregon,TOTAL,All students,1,All students,40.2215196029743,1,0
1594,2024,R3,2024,2,Grade 8,MN:MN,RED,8,RRPCM,PA,Pennsylvania,TOTAL,All students,1,All students,259.147392115949,1,0
1595,2024,R3,2024,2,Grade 8,SD:SD,RED,8,RRPCM,PA,Pennsylvania,TOTAL,All students,1,All students,40.3623569954242,1,0
1596,2024,R3,2024,2,Grade 8,MN:MN,RED,8,RRPCM,RI,Rhode Island,TOTAL,All students,1,All students,257.767653131533,1,0
1597,2024,R3,2024,2,Grade 8,SD:SD,RED,8,RRPCM,RI,Rhode Island,TOTAL,All students,1,All students,41.7422447922379,1,0
1598,2024,R3,2024,2,Grade 8,MN:MN,RED,8,RRPCM,SC,South Carolina,TOTAL,All students,1,All students,253.687785775905,1,0
1599,2024,R3,2024,2,Grade 8,SD:SD,RED,8,RRPCM,SC,South Carolina,TOTAL,All students,1,All students,39.8020914396166,1,0
1600,2024,R3,2024,2,Grade 8,MN:MN,RED,8,RRPCM,SD,South Dakota,TOTAL,All students,1,All students,259.886371256103,1,0
1601,2024,R3,2024,2,Grade 8,SD:SD,RED,8,RRPCM,SD,South Dakota,TOTAL,All students,1,All students,35.2430369306749,1,0
1602,2024,R3,2024,2,Grade 8,MN:MN,RED,8,RRPCM,TN,Tennessee,TOTAL,All students,1,All students,258.965371035822,1,0
1603,2024,R3,2024,2,Grade 8,SD:SD,RED,8,RRPCM,TN,Tennessee,TOTAL,All students,1,All students,39.5813513887764,1,0
1604,2024,R3,2024,2,Grade 8,MN:MN,RED,8,RRPCM,TX,Texas,TOTAL,All students,1,All students,252.267112664857,1,0
1605,2024,R3,2024,2,Grade 8,SD:SD,RED,8,RRPCM,TX,Texas,TOTAL,All students,1,All students,40.6809053702537,1,0
1606,2024,R3,2024,2,Grade 8,MN:MN,RED,8,RRPCM,UT,Utah,TOTAL,All students,1,All students,261.193782118997,1,0
1607,2024,R3,2024,2,Grade 8,SD:SD,RED,8,RRPCM,UT,Utah,TOTAL,All students,1,All students,37.0534959273052,1,0
1608,2024,R3,2024,2,Grade 8,MN:MN,RED,8,RRPCM,VA,Virginia,TOTAL,All students,1,All students,256.257512495574,1,0
1609,2024,R3,2024,2,Grade 8,SD:SD,RED,8,RRPCM,VA,Virginia,TOTAL,All students,1,All students,41.7099355293358,1,0
1610,2024,R3,2024,2,Grade 8,MN:MN,RED,8,RRPCM,VT,Vermont,TOTAL,All students,1,All students,257.283374473835,1,0
1611,2024,R3,2024,2,Grade 8,SD:SD,RED,8,RRPCM,VT,Vermont,TOTAL,All students,1,All students,38.7758023113889,1,0
1612,2024,R3,2024,2,Grade 8,MN:MN,RED,8,RRPCM,WA,Washington,TOTAL,All students,1,All students,259.269118662247,1,0
1613,2024,R3,2024,2,Grade 8,SD:SD,RED,8,RRPCM,WA,Washington,TOTAL,All students,1,All students,40.064671665856,1,0
1614,2024,R3,2024,2,Grade 8,MN:MN,RED,8,RRPCM,WI,Wisconsin,TOTAL,All students,1,All students,260.090272594273,1,0
1615,2024,R3,2024,2,Grade 8,SD:SD,RED,8,RRPCM,WI,Wisconsin,TOTAL,All students,1,All students,38.0161009160727,1,0
1616,2024,R3,2024,2,Grade 8,MN:MN,RED,8,RRPCM,WV,West Virginia,TOTAL,All students,1,All students,247.360374392079,1,0
1617,2024,R3,2024,2,Grade 8,SD:SD,RED,8,RRPCM,WV,West Virginia,TOTAL,All students,1,All students,40.3011893168172,1,0
1618,2024,R3,2024,2,Grade 8,MN:MN,RED,8,RRPCM,WY,Wyoming,TOTAL,All students,1,All students,259.967322974106,1,0
1619,2024,R3,2024,2,Grade 8,SD:SD,RED,8,RRPCM,WY,Wyoming,TOTAL,All students,1,All students,35.7145560061216,1,0
0,1992,R2,1992&#185;,3,Grade 12,MN:MN,RED,12,RRPCM,AK,Alaska,TOTAL,All students,1,All students,999.0,0,328
1,1992,R2,1992&#185;,3,Grade 12,SD:SD,RED,12,RRPCM,AK,Alaska,TOTAL,All students,1,All students,999.0,0,328
2,1992,R2,1992&#185;,3,Grade 12,MN:MN,RED,12,RRPCM,AL,Alabama,TOTAL,All students,1,All students,999.0,0,328
3,1992,R2,1992&#185;,3,Grade 12,SD:SD,RED,12,RRPCM,AL,Alabama,TOTAL,All students,1,All students,999.0,0,328
4,1992,R2,1992&#185;,3,Grade 12,MN:MN,RED,12,RRPCM,AR,Arkansas,TOTAL,All students,1,All students,999.0,0,328
5,1992,R2,1992&#185;,3,Grade 12,SD:SD,RED,12,RRPCM,AR,Arkansas,TOTAL,All students,1,All students,999.0,0,328
6,1992,R2,1992&#185;,3,Grade 12,MN:MN,RED,12,RRPCM,AZ,Arizona,TOTAL,All students,1,All students,999.0,0,328
7,1992,R2,1992&#185;,3,Grade 12,SD:SD,RED,12,RRPCM,AZ,Arizona,TOTAL,All students,1,All students,999.0,0,328
8,1992,R2,1992&#185;,3,Grade 12,MN:MN,RED,12,RRPCM,CA,California,TOTAL,All students,1,All students,999.0,0,328
9,1992,R2,1992&#185;,3,Grade 12,SD:SD,RED,12,RRPCM,CA,California,TOTAL,All students,1,All students,999.0,0,328
10,1992,R2,1992&#185;,3,Grade 12,MN:MN,RED,12,RRPCM,CO,Colorado,TOTAL,All students,1,All students,999.0,0,328
11,1992,R2,1992&#185;,3,Grade 12,SD:SD,RED,12,RRPCM,CO,Colorado,TOTAL,All students,1,All students,999.0,0,328
12,1992,R2,1992&#185;,3,Grade 12,MN:MN,RED,12,RRPCM,CT,Connecticut,TOTAL,All students,1,All students,999.0,0,328
13,1992,R2,1992&#185;,3,Grade 12,SD:SD,RED,12,RRPCM,CT,Connecticut,TOTAL,All students,1,All students,999.0,0,328
14,1992,R2,1992&#185;,3,Grade 12,MN:MN,RED,12,RRPCM,DC,District of Columbia,TOTAL,All students,1,All students,999.0,0,328
15,1992,R2,1992&#185;,3,Grade 12,SD:SD,RED,12,RRPCM,DC,District of Columbia,TOTAL,All students,1,All students,999.0,0,328
16,1992,R2,1992&#185;,3,Grade 12,MN:MN,RED,12,RRPCM,DE,Delaware,TOTAL,All students,1,All students,999.0,0,328
17,1992,R2,1992&#185;,3,Grade 12,SD:SD,RED,12,RRPCM,DE,Delaware,TOTAL,All students,1,All students,999.0,0,328
18,1992,R2,1992&#185;,3,Grade 12,MN:MN,RED,12,RRPCM,FL,Florida,TOTAL,All students,1,All students,999.0,0,328
19,1992,R2,1992&#185;,3,Grade 12,SD:SD,RED,12,RRPCM,FL,Florida,TOTAL,All students,1,All students,999.0,0,328
20,1992,R2,1992&#185;,3,Grade 12,MN:MN,RED,12,RRPCM,GA,Georgia,TOTAL,All students,1,All students,999.0,0,328
21,1992,R2,1992&#185;,3,Grade 12,SD:SD,RED,12,RRPCM,GA,Georgia,TOTAL,All students,1,All students,999.0,0,328
22,1992,R2,1992&#185;,3,Grade 12,MN:MN,RED,12,RRPCM,HI,Hawaii,TOTAL,All students,1,All students,999.0,0,328
23,1992,R2,1992&#185;,3,Grade 12,SD:SD,RED,12,RRPCM,HI,Hawaii,TOTAL,All students,1,All students,999.0,0,328
24,1992,R2,1992&#185;,3,Grade 12,MN:MN,RED,12,RRPCM,IA,Iowa,TOTAL,All students,1,All students,999.0,0,328
25,1992,R2,1992&#185;,3,Grade 12,SD:SD,RED,12,RRPCM,IA,Iowa,TOTAL,All students,1,All students,999.0,0,328
26,1992,R2,1992&#185;,3,Grade 12,MN:MN,RED,12,RRPCM,ID,Idaho,TOTAL,All students,1,All students,999.0,0,328
27,1992,R2,1992&#185;,3,Grade 12,SD:SD,RED,12,RRPCM,ID,Idaho,TOTAL,All students,1,All students,999.0,0,328
28,1992,R2,1992&#185;,3,Grade 12,MN:MN,RED,12,RRPCM,IL,Illinois,TOTAL,All students,1,All students,999.0,0,328
29,1992,R2,1992&#185;,3,Grade 12,SD:SD,RED,12,RRPCM,IL,Illinois,TOTAL,All students,1,All students,999.0,0,328
30,1992,R2,1992&#185;,3,Grade 12,MN:MN,RED,12,RRPCM,IN,Indiana,TOTAL,All students,1,All students,999.0,0,328
31,1992,R2,1992&#185;,3,Grade 12,SD:SD,RED,12,RRPCM,IN,Indiana,TOTAL,All students,1,All students,999.0,0,328
32,1992,R2,1992&#185;,3,Grade 12,MN:MN,RED,12,RRPCM,KS,Kansas,TOTAL,All students,1,All students,999.0,0,328
33,1992,R2,1992&#185;,3,Grade 12,SD:SD,RED,12,RRPCM,KS,Kansas,TOTAL,All students,1,All students,999.0,0,328
34,1992,R2,1992&#185;,3,Grade 12,MN:MN,RED,12,RRPCM,KY,Kentucky,TOTAL,All students,1,All students,999.0,0,328
35,1992,R2,1992&#185;,3,Grade 12,SD:SD,RED,12,RRPCM,KY,Kentucky,TOTAL,All students,1,All students,999.0,0,328
36,1992,R2,1992&#185;,3,Grade 12,MN:MN,RED,12,RRPCM,LA,Louisiana,TOTAL,All students,1,All students,999.0,0,328
37,1992,R2,1992&#185;,3,Grade 12,SD:SD,RED,12,RRPCM,LA,Louisiana,TOTAL,All students,1,All students,999.0,0,328
38,1992,R2,1992&#185;,3,Grade 12,MN:MN,RED,12,RRPCM,MA,Massachusetts,TOTAL,All students,1,All students,999.0,0,328
39,1992,R2,1992&#185;,3,Grade 12,SD:SD,RED,12,RRPCM,MA,Massachusetts,TOTAL,All students,1,All students,999.0,0,328
40,1992,R2,1992&#185;,3,Grade 12,MN:MN,RED,12,RRPCM,MD,Maryland,TOTAL,All students,1,All students,999.0,0,328
41,1992,R2,1992&#185;,3,Grade 12,SD:SD,RED,12,RRPCM,MD,Maryland,TOTAL,All students,1,All students,999.0,0,328
42,1992,R2,1992&#185;,3,Grade 12,MN:MN,RED,12,RRPCM,ME,Maine,TOTAL,All students,1,All students,999.0,0,328
43,1992,R2,1992&#185;,3,Grade 12,SD:SD,RED,12,RRPCM,ME,Maine,TOTAL,All students,1,All students,999.0,0,328
44,1992,R2,1992&#185;,3,Grade 12,MN:MN,RED,12,RRPCM,MI,Michigan,TOTAL,All students,1,All students,999.0,0,328
45,1992,R2,1992&#185;,3,Grade 12,SD:SD,RED,12,RRPCM,MI,Michigan,TOTAL,All students,1,All students,999.0,0,328
46,1992,R2,1992&#185;,3,Grade 12,MN:MN,RED,12,RRPCM,MN,Minnesota,TOTAL,All students,1,All students,999.0,0,328
47,1992,R2,1992&#185;,3,Grade 12,SD:SD,RED,12,RRPCM,MN,Minnesota,TOTAL,All students,1,All students,999.0,0,328
48,1992,R2,1992&#185;,3,Grade 12,MN:MN,RED,12,RRPCM,MO,Missouri,TOTAL,All students,1,All students,999.0,0,328
49,1992,R2,1992&#185;,3,Grade 12,SD:SD,RED,12,RRPCM,MO,Missouri,TOTAL,All students,1,All students,999.0,0,328
50,1992,R2,1992&#185;,3,Grade 12,MN:MN,RED,12,RRPCM,MS,Mississippi,TOTAL,All students,1,All students,999.0,0,328
51,1992,R2,1992&#185;,3,Grade 12,SD:SD,RED,12,RRPCM,MS,Mississippi,TOTAL,All students,1,All students,999.0,0,328
52,1992,R2,1992&#185;,3,Grade 12,MN:MN,RED,12,RRPCM,MT,Montana,TOTAL,All students,1,All students,999.0,0,328
53,1992,R2,1992&#185;,3,Grade 12,SD:SD,RED,12,RRPCM,MT,Montana,TOTAL,All students,1,All students,999.0,0,328
54,1992,R2,1992&#185;,3,Grade 12,MN:MN,RED,12,RRPCM,NC,North Carolina,TOTAL,All students,1,All students,999.0,0,328
55,1992,R2,1992&#185;,3,Grade 12,SD:SD,RED,12,RRPCM,NC,North Carolina,TOTAL,All students,1,All students,999.0,0,328
56,1992,R2,1992&#185;,3,Grade 12,MN:MN,RED,12,RRPCM,ND,North Dakota,TOTAL,All students,1,All students,999.0,0,328
57,1992,R2,1992&#185;,3,Grade 12,SD:SD,RED,12,RRPCM,ND,North Dakota,TOTAL,All students,1,All students,999.0,0,328
58,1992,R2,1992&#185;,3,Grade 12,MN:MN,RED,12,RRPCM,NE,Nebraska,TOTAL,All students,1,All students,999.0,0,328
59,1992,R2,1992&#185;,3,Grade 12,SD:SD,RED,12,RRPCM,NE,Nebraska,TOTAL,All students,1,All students,999.0,0,328
60,1992,R2,1992&#185;,3,Grade 12,MN:MN,RED,12,RRPCM,NH,New Hampshire,TOTAL,All students,1,All students,999.0,0,328
61,1992,R2,1992&#185;,3,Grade 12,SD:SD,RED,12,RRPCM,NH,New Hampshire,TOTAL,All students,1,All students,999.0,0,328
62,1992,R2,1992&#185;,3,Grade 12,MN:MN,RED,12,RRPCM,NJ,New Jersey,TOTAL,All students,1,All students,999.0,0,328
63,1992,R2,1992&#185;,3,Grade 12,SD:SD,RED,12,RRPCM,NJ,New Jersey,TOTAL,All students,1,All students,999.0,0,328
64,1992,R2,1992&#185;,3,Grade 12,MN:MN,RED,12,RRPCM,NM,New Mexico,TOTAL,All students,1,All students,999.0,0,328
65,1992,R2,1992&#185;,3,Grade 12,SD:SD,RED,12,RRPCM,NM,New Mexico,TOTAL,All students,1,All students,999.0,0,328
66,1992,R2,1992&#185;,3,Grade 12,MN:MN,RED,12,RRPCM,NP,National public,TOTAL,All students,1,All students,289.831305140859,1,8
67,1992,R2,1992&#185;,3,Grade 12,SD:SD,RED,12,RRPCM,NP,National public,TOTAL,All students,1,All students,32.5992802046214,1,8
68,1992,R2,1992&#185;,3,Grade 12,MN:MN,RED,12,RRPCM,NR,National private,TOTAL,All students,1,All students,307.561634031945,1,8
69,1992,R2,1992&#185;,3,Grade 12,SD:SD,RED,12,RRPCM,NR,National private,TOTAL,All students,1,All students,29.9361184670758,1,8
70,1992,R2,1992&#185;,3,Grade 12,MN:MN,RED,12,RRPCM,NT,National,TOTAL,All students,1,All students,292.149888769346,1,8
71,1992,R2,1992&#185;,3,Grade 12,SD:SD,RED,12,RRPCM,NT,National,TOTAL,All students,1,All students,32.8133424873022,1,8
72,1992,R2,1992&#185;,3,Grade 12,MN:MN,RED,12,RRPCM,NV,Nevada,TOTAL,All students,1,All students,999.0,0,328
73,1992,R2,1992&#185;,3,Grade 12,SD:SD,RED,12,RRPCM,NV,Nevada,TOTAL,All students,1,All students,999.0,0,328
74,1992,R2,1992&#185;,3,Grade 12,MN:MN,RED,12,RRPCM,NY,New York,TOTAL,All students,1,All students,999.0,0,328
75,1992,R2,1992&#185;,3,Grade 12,SD:SD,RED,12,RRPCM,NY,New York,TOTAL,All students,1,All students,999.0,0,328
76,1992,R2,1992&#185;,3,Grade 12,MN:MN,RED,12,RRPCM,OH,Ohio,TOTAL,All students,1,All students,999.0,0,328
77,1992,R2,1992&#185;,3,Grade 12,SD:SD,RED,12,RRPCM,OH,Ohio,TOTAL,All students,1,All students,999.0,0,328
78,1992,R2,1992&#185;,3,Grade 12,MN:MN,RED,12,RRPCM,OK,Oklahoma,TOTAL,All students,1,All students,999.0,0,328
79,1992,R2,1992&#185;,3,Grade 12,SD:SD,RED,12,RRPCM,OK,Oklahoma,TOTAL,All students,1,All students,999.0,0,328
80,1992,R2,1992&#185;,3,Grade 12,MN:MN,RED,12,RRPCM,OR,Oregon,TOTAL,All students,1,All students,999.0,0,328
81,1992,R2,1992&#185;,3,Grade 12,SD:SD,RED,12,RRPCM,OR,Oregon,TOTAL,All students,1,All students,999.0,0,328
82,1992,R2,1992&#185;,3,Grade 12,MN:MN,RED,12,RRPCM,PA,Pennsylvania,TOTAL,All students,1,All students,999.0,0,328
83,1992,R2,1992&#185;,3,Grade 12,SD:SD,RED,12,RRPCM,PA,Pennsylvania,TOTAL,All students,1,All students,999.0,0,328
84,1992,R2,1992&#185;,3,Grade 12,MN:MN,RED,12,RRPCM,RI,Rhode Island,TOTAL,All students,1,All students,999.0,0,328
85,1992,R2,1992&#185;,3,Grade 12,SD:SD,RED,12,RRPCM,RI,Rhode Island,TOTAL,All students,1,All students,999.0,0,328
86,1992,R2,1992&#185;,3,Grade 12,MN:MN,RED,12,RRPCM,SC,South Carolina,TOTAL,All students,1,All students,999.0,0,328
87,1992,R2,1992&#185;,3,Grade 12,SD:SD,RED,12,RRPCM,SC,South Carolina,TOTAL,All students,1,All students,999.0,0,328
88,1992,R2,1992&#185;,3,Grade 12,MN:MN,RED,12,RRPCM,SD,South Dakota,TOTAL,All students,1,All students,999.0,0,328
89,1992,R2,1992&#185;,3,Grade 12,SD:SD,RED,12,RRPCM,SD,South Dakota,TOTAL,All students,1,All students,999.0,0,328
90,1992,R2,1992&#185;,3,Grade 12,MN:MN,RED,12,RRPCM,TN,Tennessee,TOTAL,All students,1,All students,999.0,0,328
91,1992,R2,1992&#185;,3,Grade 12,SD:SD,RED,12,RRPCM,TN,Tennessee,TOTAL,All students,1,All students,999.0,0,328
92,1992,R2,1992&#185;,3,Grade 12,MN:MN,RED,12,RRPCM,TX,Texas,TOTAL,All students,1,All students,999.0,0,328
93,1992,R2,1992&#185;,3,Grade 12,SD:SD,RED,12,RRPCM,TX,Texas,TOTAL,All students,1,All students,999.0,0,328
94,1992,R2,1992&#185;,3,Grade 12,MN:MN,RED,12,RRPCM,UT,Utah,TOTAL,All students,1,All students,999.0,0,328
95,1992,R2,1992&#185;,3,Grade 12,SD:SD,RED,12,RRPCM,UT,Utah,TOTAL,All students,1,All students,999.0,0,328
96,1992,R2,1992&#185;,3,Grade 12,MN:MN,RED,12,RRPCM,VA,Virginia,TOTAL,All students,1,All students,999.0,0,328
97,1992,R2,1992&#185;,3,Grade 12,SD:SD,RED,12,RRPCM,VA,Virginia,TOTAL,All students,1,All students,999.0,0,328
98,1992,R2,1992&#185;,3,Grade 12,MN:MN,RED,12,RRPCM,VT,Vermont,TOTAL,All students,1,All students,999.0,0,328
99,1992,R2,1992&#185;,3,Grade 12,SD:SD,RED,12,RRPCM,VT,Vermont,TOTAL,All students,1,All students,999.0,0,328
100,1992,R2,1992&#185;,3,Grade 12,MN:MN,RED,12,RRPCM,WA,Washington,TOTAL,All students,1,All students,999.0,0,328
101,1992,R2,1992&#185;,3,Grade 12,SD:SD,RED,12,RRPCM,WA,Washington,TOTAL,All students,1,All students,999.0,0,328
102,1992,R2,1992&#185;,3,Grade 12,MN:MN,RED,12,RRPCM,WI,Wisconsin,TOTAL,All students,1,All students,999.0,0,328
103,1992,R2,1992&#185;,3,Grade 12,SD:SD,RED,12,RRPCM,WI,Wisconsin,TOTAL,All students,1,All students,999.0,0,328
104,1992,R2,1992&#185;,3,Grade 12,MN:MN,RED,12,RRPCM,WV,West Virginia,TOTAL,All students,1,All students,999.0,0,328
105,1992,R2,1992&#185;,3,Grade 12,SD:SD,RED,12,RRPCM,WV,West Virginia,TOTAL,All students,1,All students,999.0,0,328
106,1992,R2,1992&#185;,3,Grade 12,MN:MN,RED,12,RRPCM,WY,Wyoming,TOTAL,All students,1,All students,999.0,0,328
107,1992,R2,1992&#185;,3,Grade 12,SD:SD,RED,12,RRPCM,WY,Wyoming,TOTAL,All students,1,All students,999.0,0,328
108,1994,R2,1994&#185;,3,Grade 12,MN:MN,RED,12,RRPCM,AK,Alaska,TOTAL,All students,1,All students,999.0,0,328
109,1994,R2,1994&#185;,3,Grade 12,SD:SD,RED,12,RRPCM,AK,Alaska,TOTAL,All students,1,All students,999.0,0,328
110,1994,R2,1994&#185;,3,Grade 12,MN:MN,RED,12,RRPCM,AL,Alabama,TOTAL,All students,1,All students,999.0,0,328
111,1994,R2,1994&#185;,3,Grade 12,SD:SD,RED,12,RRPCM,AL,Alabama,TOTAL,All students,1,All students,999.0,0,328
112,1994,R2,1994&#185;,3,Grade 12,MN:MN,RED,12,RRPCM,AR,Arkansas,TOTAL,All students,1,All students,999.0,0,328
113,1994,R2,1994&#185;,3,Grade 12,SD:SD,RED,12,RRPCM,AR,Arkansas,TOTAL,All students,1,All students,999.0,0,328
114,1994,R2,1994&#185;,3,Grade 12,MN:MN,RED,12,RRPCM,AZ,Arizona,TOTAL,All students,1,All students,999.0,0,328
115,1994,R2,1994&#185;,3,Grade 12,SD:SD,RED,12,RRPCM,AZ,Arizona,TOTAL,All students,1,All students,999.0,0,328
116,1994,R2,1994&#185;,3,Grade 12,MN:MN,RED,12,RRPCM,CA,California,TOTAL,All students,1,All students,999.0,0,328
117,1994,R2,1994&#185;,3,Grade 12,SD:SD,RED,12,RRPCM,CA,California,TOTAL,All students,1,All students,999.0,0,328
118,1994,R2,1994&#185;,3,Grade 12,MN:MN,RED,12,RRPCM,CO,Colorado,TOTAL,All students,1,All students,999.0,0,328
119,1994,R2,1994&#185;,3,Grade 12,SD:SD,RED,12,RRPCM,CO,Colorado,TOTAL,All students,1,All students,999.0,0,328
120,1994,R2,1994&#185;,3,Grade 12,MN:MN,RED,12,RRPCM,CT,Connecticut,TOTAL,All students,1,All students,999.0,0,328
121,1994,R2,1994&#185;,3,Grade 12,SD:SD,RED,12,RRPCM,CT,Connecticut,TOTAL,All students,1,All students,999.0,0,328
122,1994,R2,1994&#185;,3,Grade 12,MN:MN,RED,12,RRPCM,DC,District of Columbia,TOTAL,All students,1,All students,999.0,0,328
123,1994,R2,1994&#185;,3,Grade 12,SD:SD,RED,12,RRPCM,DC,District of Columbia,TOTAL,All students,1,All students,999.0,0,328
124,1994,R2,1994&#185;,3,Grade 12,MN:MN,RED,12,RRPCM,DE,Delaware,TOTAL,All students,1,All students,999.0,0,328
125,1994,R2,1994&#185;,3,Grade 12,SD:SD,RED,12,RRPCM,DE,Delaware,TOTAL,All students,1,All students,999.0,0,328
126,1994,R2,1994&#185;,3,Grade 12,MN:MN,RED,12,RRPCM,FL,Florida,TOTAL,All students,1,All students,999.0,0,328
127,1994,R2,1994&#185;,3,Grade 12,SD:SD,RED,12,RRPCM,FL,Florida,TOTAL,All students,1,All students,999.0,0,328
128,1994,R2,1994&#185;,3,Grade 12,MN:MN,RED,12,RRPCM,GA,Georgia,TOTAL,All students,1,All students,999.0,0,328
129,1994,R2,1994&#185;,3,Grade 12,SD:SD,RED,12,RRPCM,GA,Georgia,TOTAL,All students,1,All students,999.0,0,328
130,1994,R2,1994&#185;,3,Grade 12,MN:MN,RED,12,RRPCM,HI,Hawaii,TOTAL,All students,1,All students,999.0,0,328
131,1994,R2,1994&#185;,3,Grade 12,SD:SD,RED,12,RRPCM,HI,Hawaii,TOTAL,All students,1,All students,999.0,0,328
132,1994,R2,1994&#185;,3,Grade 12,MN:MN,RED,12,RRPCM,IA,Iowa,TOTAL,All students,1,All students,999.0,0,328
133,1994,R2,1994&#185;,3,Grade 12,SD:SD,RED,12,RRPCM,IA,Iowa,TOTAL,All students,1,All students,999.0,0,328
134,1994,R2,1994&#185;,3,Grade 12,MN:MN,RED,12,RRPCM,ID,Idaho,TOTAL,All students,1,All students,999.0,0,328
135,1994,R2,1994&#185;,3,Grade 12,SD:SD,RED,12,RRPCM,ID,Idaho,TOTAL,All students,1,All students,999.0,0,328
136,1994,R2,1994&#185;,3,Grade 12,MN:MN,RED,12,RRPCM,IL,Illinois,TOTAL,All students,1,All students,999.0,0,328
137,1994,R2,1994&#185;,3,Grade 12,SD:SD,RED,12,RRPCM,IL,Illinois,TOTAL,All students,1,All students,999.0,0,328
138,1994,R2,1994&#185;,3,Grade 12,MN:MN,RED,12,RRPCM,IN,Indiana,TOTAL,All students,1,All students,999.0,0,328
139,1994,R2,1994&#185;,3,Grade 12,SD:SD,RED,12,RRPCM,IN,Indiana,TOTAL,All students,1,All students,999.0,0,328
140,1994,R2,1994&#185;,3,Grade 12,MN:MN,RED,12,RRPCM,KS,Kansas,TOTAL,All students,1,All students,999.0,0,328
141,1994,R2,1994&#185;,3,Grade 12,SD:SD,RED,12,RRPCM,KS,Kansas,TOTAL,All students,1,All students,999.0,0,328
142,1994,R2,1994&#185;,3,Grade 12,MN:MN,RED,12,RRPCM,KY,Kentucky,TOTAL,All students,1,All students,999.0,0,328
143,1994,R2,1994&#185;,3,Grade 12,SD:SD,RED,12,RRPCM,KY,Kentucky,TOTAL,All students,1,All students,999.0,0,328
144,1994,R2,1994&#185;,3,Grade 12,MN:MN,RED,12,RRPCM,LA,Louisiana,TOTAL,All students,1,All students,999.0,0,328
145,1994,R2,1994&#185;,3,Grade 12,SD:SD,RED,12,RRPCM,LA,Louisiana,TOTAL,All students,1,All students,999.0,0,328
146,1994,R2,1994&#185;,3,Grade 12,MN:MN,RED,12,RRPCM,MA,Massachusetts,TOTAL,All students,1,All students,999.0,0,328
147,1994,R2,1994&#185;,3,Grade 12,SD:SD,RED,12,RRPCM,MA,Massachusetts,TOTAL,All students,1,All students,999.0,0,328
148,1994,R2,1994&#185;,3,Grade 12,MN:MN,RED,12,RRPCM,MD,Maryland,TOTAL,All students,1,All students,999.0,0,328
149,1994,R2,1994&#185;,3,Grade 12,SD:SD,RED,12,RRPCM,MD,Maryland,TOTAL,All students,1,All students,999.0,0,328
150,1994,R2,1994&#185;,3,Grade 12,MN:MN,RED,12,RRPCM,ME,Maine,TOTAL,All students,1,All students,999.0,0,328
151,1994,R2,1994&#185;,3,Grade 12,SD:SD,RED,12,RRPCM,ME,Maine,TOTAL,All students,1,All students,999.0,0,328
152,1994,R2,1994&#185;,3,Grade 12,MN:MN,RED,12,RRPCM,MI,Michigan,TOTAL,All students,1,All students,999.0,0,328
153,1994,R2,1994&#185;,3,Grade 12,SD:SD,RED,12,RRPCM,MI,Michigan,TOTAL,All students,1,All students,999.0,0,328
154,1994,R2,1994&#185;,3,Grade 12,MN:MN,RED,12,RRPCM,MN,Minnesota,TOTAL,All students,1,All students,999.0,0,328
155,1994,R2,1994&#185;,3,Grade 12,SD:SD,RED,12,RRPCM,MN,Minnesota,TOTAL,All students,1,All students,999.0,0,328
156,1994,R2,1994&#185;,3,Grade 12,MN:MN,RED,12,RRPCM,MO,Missouri,TOTAL,All students,1,All students,999.0,0,328
157,1994,R2,1994&#185;,3,Grade 12,SD:SD,RED,12,RRPCM,MO,Missouri,TOTAL,All students,1,All students,999.0,0,328
158,1994,R2,1994&#185;,3,Grade 12,MN:MN,RED,12,RRPCM,MS,Mississippi,TOTAL,All students,1,All students,999.0,0,328
159,1994,R2,1994&#185;,3,Grade 12,SD:SD,RED,12,RRPCM,MS,Mississippi,TOTAL,All students,1,All students,999.0,0,328
160,1994,R2,1994&#185;,3,Grade 12,MN:MN,RED,12,RRPCM,MT,Montana,TOTAL,All students,1,All students,999.0,0,328
161,1994,R2,1994&#185;,3,Grade 12,SD:SD,RED,12,RRPCM,MT,Montana,TOTAL,All students,1,All students,999.0,0,328
162,1994,R2,1994&#185;,3,Grade 12,MN:MN,RED,12,RRPCM,NC,North Carolina,TOTAL,All students,1,All students,999.0,0,328
163,1994,R2,1994&#185;,3,Grade 12,SD:SD,RED,12,RRPCM,NC,North Carolina,TOTAL,All students,1,All students,999.0,0,328
164,1994,R2,1994&#185;,3,Grade 12,MN:MN,RED,12,RRPCM,ND,North Dakota,TOTAL,All students,1,All students,999.0,0,328
165,1994,R2,1994&#185;,3,Grade 12,SD:SD,RED,12,RRPCM,ND,North Dakota,TOTAL,All students,1,All students,999.0,0,328
166,1994,R2,1994&#185;,3,Grade 12,MN:MN,RED,12,RRPCM,NE,Nebraska,TOTAL,All students,1,All students,999.0,0,328
167,1994,R2,1994&#185;,3,Grade 12,SD:SD,RED,12,RRPCM,NE,Nebraska,TOTAL,All students,1,All students,999.0,0,328
168,1994,R2,1994&#185;,3,Grade 12,MN:MN,RED,12,RRPCM,NH,New Hampshire,TOTAL,All students,1,All students,999.0,0,328
169,1994,R2,1994&#185;,3,Grade 12,SD:SD,RED,12,RRPCM,NH,New Hampshire,TOTAL,All students,1,All students,999.0,0,328
170,1994,R2,1994&#185;,3,Grade 12,MN:MN,RED,12,RRPCM,NJ,New Jersey,TOTAL,All students,1,All students,999.0,0,328
171,1994,R2,1994&#185;,3,Grade 12,SD:SD,RED,12,RRPCM,NJ,New Jersey,TOTAL,All students,1,All students,999.0,0,328
172,1994,R2,1994&#185;,3,Grade 12,MN:MN,RED,12,RRPCM,NM,New Mexico,TOTAL,All students,1,All students,999.0,0,328
173,1994,R2,1994&#185;,3,Grade 12,SD:SD,RED,12,RRPCM,NM,New Mexico,TOTAL,All students,1,All students,999.0,0,328
174,1994,R2,1994&#185;,3,Grade 12,MN:MN,RED,12,RRPCM,NP,National public,TOTAL,All students,1,All students,285.797234087999,1,8
175,1994,R2,1994&#185;,3,Grade 12,SD:SD,RED,12,RRPCM,NP,National public,TOTAL,All students,1,All students,36.7521810718825,1,8
176,1994,R2,1994&#185;,3,Grade 12,MN:MN,RED,12,RRPCM,NR,National private,TOTAL,All students,1,All students,301.386930359452,1,8
177,1994,R2,1994&#185;,3,Grade 12,SD:SD,RED,12,RRPCM,NR,National private,TOTAL,All students,1,All students,32.7826016761513,1,8
178,1994,R2,1994&#185;,3,Grade 12,MN:MN,RED,12,RRPCM,NT,National,TOTAL,All students,1,All students,287.346808977698,1,8
179,1994,R2,1994&#185;,3,Grade 12,SD:SD,RED,12,RRPCM,NT,National,TOTAL,All students,1,All students,36.6559038336433,1,8
180,1994,R2,1994&#185;,3,Grade 12,MN:MN,RED,12,RRPCM,NV,Nevada,TOTAL,All students,1,All students,999.0,0,328
181,1994,R2,1994&#185;,3,Grade 12,SD:SD,RED,12,RRPCM,NV,Nevada,TOTAL,All students,1,All students,999.0,0,328
182,1994,R2,1994&#185;,3,Grade 12,MN:MN,RED,12,RRPCM,NY,New York,TOTAL,All students,1,All students,999.0,0,328
183,1994,R2,1994&#185;,3,Grade 12,SD:SD,RED,12,RRPCM,NY,New York,TOTAL,All students,1,All students,999.0,0,328
184,1994,R2,1994&#185;,3,Grade 12,MN:MN,RED,12,RRPCM,OH,Ohio,TOTAL,All students,1,All students,999.0,0,328
185,1994,R2,1994&#185;,3,Grade 12,SD:SD,RED,12,RRPCM,OH,Ohio,TOTAL,All students,1,All students,999.0,0,328
186,1994,R2,1994&#185;,3,Grade 12,MN:MN,RED,12,RRPCM,OK,Oklahoma,TOTAL,All students,1,All students,999.0,0,328
187,1994,R2,1994&#185;,3,Grade 12,SD:SD,RED,12,RRPCM,OK,Oklahoma,TOTAL,All students,1,All students,999.0,0,328
188,1994,R2,1994&#185;,3,Grade 12,MN:MN,RED,12,RRPCM,OR,Oregon,TOTAL,All students,1,All students,999.0,0,328
189,1994,R2,1994&#185;,3,Grade 12,SD:SD,RED,12,RRPCM,OR,Oregon,TOTAL,All students,1,All students,999.0,0,328
190,1994,R2,1994&#185;,3,Grade 12,MN:MN,RED,12,RRPCM,PA,Pennsylvania,TOTAL,All students,1,All students,999.0,0,328
191,1994,R2,1994&#185;,3,Grade 12,SD:SD,RED,12,RRPCM,PA,Pennsylvania,TOTAL,All students,1,All students,999.0,0,328
192,1994,R2,1994&#185;,3,Grade 12,MN:MN,RED,12,RRPCM,RI,Rhode Island,TOTAL,All students,1,All students,999.0,0,328
193,1994,R2,1994&#185;,3,Grade 12,SD:SD,RED,12,RRPCM,RI,Rhode Island,TOTAL,All students,1,All students,999.0,0,328
194,1994,R2,1994&#185;,3,Grade 12,MN:MN,RED,12,RRPCM,SC,South Carolina,TOTAL,All students,1,All students,999.0,0,328
195,1994,R2,1994&#185;,3,Grade 12,SD:SD,RED,12,RRPCM,SC,South Carolina,TOTAL,All students,1,All students,999.0,0,328
196,1994,R2,1994&#185;,3,Grade 12,MN:MN,RED,12,RRPCM,SD,South Dakota,TOTAL,All students,1,All students,999.0,0,328
197,1994,R2,1994&#185;,3,Grade 12,SD:SD,RED,12,RRPCM,SD,South Dakota,TOTAL,All students,1,All students,999.0,0,328
198,1994,R2,1994&#185;,3,Grade 12,MN:MN,RED,12,RRPCM,TN,Tennessee,TOTAL,All students,1,All students,999.0,0,328
199,1994,R2,1994&#185;,3,Grade 12,SD:SD,RED,12,RRPCM,TN,Tennessee,TOTAL,All students,1,All students,999.0,0,328
200,1994,R2,1994&#185;,3,Grade 12,MN:MN,RED,12,RRPCM,TX,Texas,TOTAL,All students,1,All students,999.0,0,328
201,1994,R2,1994&#185;,3,Grade 12,SD:SD,RED,12,RRPCM,TX,Texas,TOTAL,All students,1,All students,999.0,0,328
202,1994,R2,1994&#185;,3,Grade 12,MN:MN,RED,12,RRPCM,UT,Utah,TOTAL,All students,1,All students,999.0,0,328
203,1994,R2,1994&#185;,3,Grade 12,SD:SD,RED,12,RRPCM,UT,Utah,TOTAL,All students,1,All students,999.0,0,328
204,1994,R2,1994&#185;,3,Grade 12,MN:MN,RED,12,RRPCM,VA,Virginia,TOTAL,All students,1,All students,999.0,0,328
205,1994,R2,1994&#185;,3,Grade 12,SD:SD,RED,12,RRPCM,VA,Virginia,TOTAL,All students,1,All students,999.0,0,328
206,1994,R2,1994&#185;,3,Grade 12,MN:MN,RED,12,RRPCM,VT,Vermont,TOTAL,All students,1,All students,999.0,0,328
207,1994,R2,1994&#185;,3,Grade 12,SD:SD,RED,12,RRPCM,VT,Vermont,TOTAL,All students,1,All students,999.0,0,328
208,1994,R2,1994&#185;,3,Grade 12,MN:MN,RED,12,RRPCM,WA,Washington,TOTAL,All students,1,All students,999.0,0,328
209,1994,R2,1994&#185;,3,Grade 12,SD:SD,RED,12,RRPCM,WA,Washington,TOTAL,All students,1,All students,999.0,0,328
210,1994,R2,1994&#185;,3,Grade 12,MN:MN,RED,12,RRPCM,WI,Wisconsin,TOTAL,All students,1,All students,999.0,0,328
211,1994,R2,1994&#185;,3,Grade 12,SD:SD,RED,12,RRPCM,WI,Wisconsin,TOTAL,All students,1,All students,999.0,0,328
212,1994,R2,1994&#185;,3,Grade 12,MN:MN,RED,12,RRPCM,WV,West Virginia,TOTAL,All students,1,All students,999.0,0,328
213,1994,R2,1994&#185;,3,Grade 12,SD:SD,RED,12,RRPCM,WV,West Virginia,TOTAL,All students,1,All students,999.0,0,328
214,1994,R2,1994&#185;,3,Grade 12,MN:MN,RED,12,RRPCM,WY,Wyoming,TOTAL,All students,1,All students,999.0,0,328
215,1994,R2,1994&#185;,3,Grade 12,SD:SD,RED,12,RRPCM,WY,Wyoming,TOTAL,All students,1,All students,999.0,0,328
216,1998,R3,1998,3,Grade 12,MN:MN,RED,12,RRPCM,AK,Alaska,TOTAL,All students,1,All students,999.0,0,320
217,1998,R3,1998,3,Grade 12,SD:SD,RED,12,RRPCM,AK,Alaska,TOTAL,All students,1,All students,999.0,0,320
218,1998,R3,1998,3,Grade 12,MN:MN,RED,12,RRPCM,AL,Alabama,TOTAL,All students,1,All students,999.0,0,320
219,1998,R3,1998,3,Grade 12,SD:SD,RED,12,RRPCM,AL,Alabama,TOTAL,All students,1,All students,999.0,0,320
220,1998,R3,1998,3,Grade 12,MN:MN,RED,12,RRPCM,AR,Arkansas,TOTAL,All students,1,All students,999.0,0,320
221,1998,R3,1998,3,Grade 12,SD:SD,RED,12,RRPCM,AR,Arkansas,TOTAL,All students,1,All students,999.0,0,320
222,1998,R3,1998,3,Grade 12,MN:MN,RED,12,RRPCM,AZ,Arizona,TOTAL,All students,1,All students,999.0,0,320
223,1998,R3,1998,3,Grade 12,SD:SD,RED,12,RRPCM,AZ,Arizona,TOTAL,All students,1,All students,999.0,0,320
224,1998,R3,1998,3,Grade 12,MN:MN,RED,12,RRPCM,CA,California,TOTAL,All students,1,All students,999.0,0,320
225,1998,R3,1998,3,Grade 12,SD:SD,RED,12,RRPCM,CA,California,TOTAL,All students,1,All students,999.0,0,320
226,1998,R3,1998,3,Grade 12,MN:MN,RED,12,RRPCM,CO,Colorado,TOTAL,All students,1,All students,999.0,0,320
227,1998,R3,1998,3,Grade 12,SD:SD,RED,12,RRPCM,CO,Colorado,TOTAL,All students,1,All students,999.0,0,320
228,1998,R3,1998,3,Grade 12,MN:MN,RED,12,RRPCM,CT,Connecticut,TOTAL,All students,1,All students,999.0,0,320
229,1998,R3,1998,3,Grade 12,SD:SD,RED,12,RRPCM,CT,Connecticut,TOTAL,All students,1,All students,999.0,0,320
230,1998,R3,1998,3,Grade 12,MN:MN,RED,12,RRPCM,DC,District of Columbia,TOTAL,All students,1,All students,999.0,0,320
231,1998,R3,1998,3,Grade 12,SD:SD,RED,12,RRPCM,DC,District of Columbia,TOTAL,All students,1,All students,999.0,0,320
232,1998,R3,1998,3,Grade 12,MN:MN,RED,12,RRPCM,DE,Delaware,TOTAL,All students,1,All students,999.0,0,320
233,1998,R3,1998,3,Grade 12,SD:SD,RED,12,RRPCM,DE,Delaware,TOTAL,All students,1,All students,999.0,0,320
234,1998,R3,1998,3,Grade 12,MN:MN,RED,12,RRPCM,FL,Florida,TOTAL,All students,1,All students,999.0,0,320
235,1998,R3,1998,3,Grade 12,SD:SD,RED,12,RRPCM,FL,Florida,TOTAL,All students,1,All students,999.0,0,320
236,1998,R3,1998,3,Grade 12,MN:MN,RED,12,RRPCM,GA,Georgia,TOTAL,All students,1,All students,999.0,0,320
237,1998,R3,1998,3,Grade 12,SD:SD,RED,12,RRPCM,GA,Georgia,TOTAL,All students,1,All students,999.0,0,320
238,1998,R3,1998,3,Grade 12,MN:MN,RED,12,RRPCM,HI,Hawaii,TOTAL,All students,1,All students,999.0,0,320
239,1998,R3,1998,3,Grade 12,SD:SD,RED,12,RRPCM,HI,Hawaii,TOTAL,All students,1,All students,999.0,0,320
240,1998,R3,1998,3,Grade 12,MN:MN,RED,12,RRPCM,IA,Iowa,TOTAL,All students,1,All students,999.0,0,320
241,1998,R3,1998,3,Grade 12,SD:SD,RED,12,RRPCM,IA,Iowa,TOTAL,All students,1,All students,999.0,0,320
242,1998,R3,1998,3,Grade 12,MN:MN,RED,12,RRPCM,ID,Idaho,TOTAL,All students,1,All students,999.0,0,320
243,1998,R3,1998,3,Grade 12,SD:SD,RED,12,RRPCM,ID,Idaho,TOTAL,All students,1,All students,999.0,0,320
244,1998,R3,1998,3,Grade 12,MN:MN,RED,12,RRPCM,IL,Illinois,TOTAL,All students,1,All students,999.0,0,320
245,1998,R3,1998,3,Grade 12,SD:SD,RED,12,RRPCM,IL,Illinois,TOTAL,All students,1,All students,999.0,0,320
246,1998,R3,1998,3,Grade 12,MN:MN,RED,12,RRPCM,IN,Indiana,TOTAL,All students,1,All students,999.0,0,320
247,1998,R3,1998,3,Grade 12,SD:SD,RED,12,RRPCM,IN,Indiana,TOTAL,All students,1,All students,999.0,0,320
248,1998,R3,1998,3,Grade 12,MN:MN,RED,12,RRPCM,KS,Kansas,TOTAL,All students,1,All students,999.0,0,320
249,1998,R3,1998,3,Grade 12,SD:SD,RED,12,RRPCM,KS,Kansas,TOTAL,All students,1,All students,999.0,0,320
250,1998,R3,1998,3,Grade 12,MN:MN,RED,12,RRPCM,KY,Kentucky,TOTAL,All students,1,All students,999.0,0,320
251,1998,R3,1998,3,Grade 12,SD:SD,RED,12,RRPCM,KY,Kentucky,TOTAL,All students,1,All students,999.0,0,320
252,1998,R3,1998,3,Grade 12,MN:MN,RED,12,RRPCM,LA,Louisiana,TOTAL,All students,1,All students,999.0,0,320
253,1998,R3,1998,3,Grade 12,SD:SD,RED,12,RRPCM,LA,Louisiana,TOTAL,All students,1,All students,999.0,0,320
254,1998,R3,1998,3,Grade 12,MN:MN,RED,12,RRPCM,MA,Massachusetts,TOTAL,All students,1,All students,999.0,0,320
255,1998,R3,1998,3,Grade 12,SD:SD,RED,12,RRPCM,MA,Massachusetts,TOTAL,All students,1,All students,999.0,0,320
256,1998,R3,1998,3,Grade 12,MN:MN,RED,12,RRPCM,MD,Maryland,TOTAL,All students,1,All students,999.0,0,320
257,1998,R3,1998,3,Grade 12,SD:SD,RED,12,RRPCM,MD,Maryland,TOTAL,All students,1,All students,999.0,0,320
258,1998,R3,1998,3,Grade 12,MN:MN,RED,12,RRPCM,ME,Maine,TOTAL,All students,1,All students,999.0,0,320
259,1998,R3,1998,3,Grade 12,SD:SD,RED,12,RRPCM,ME,Maine,TOTAL,All students,1,All students,999.0,0,320
260,1998,R3,1998,3,Grade 12,MN:MN,RED,12,RRPCM,MI,Michigan,TOTAL,All students,1,All students,999.0,0,320
261,1998,R3,1998,3,Grade 12,SD:SD,RED,12,RRPCM,MI,Michigan,TOTAL,All students,1,All students,999.0,0,320
262,1998,R3,1998,3,Grade 12,MN:MN,RED,12,RRPCM,MN,Minnesota,TOTAL,All students,1,All students,999.0,0,320
263,1998,R3,1998,3,Grade 12,SD:SD,RED,12,RRPCM,MN,Minnesota,TOTAL,All students,1,All students,999.0,0,320
264,1998,R3,1998,3,Grade 12,MN:MN,RED,12,RRPCM,MO,Missouri,TOTAL,All students,1,All students,999.0,0,320
265,1998,R3,1998,3,Grade 12,SD:SD,RED,12,RRPCM,MO,Missouri,TOTAL,All students,1,All students,999.0,0,320
266,1998,R3,1998,3,Grade 12,MN:MN,RED,12,RRPCM,MS,Mississippi,TOTAL,All students,1,All students,999.0,0,320
267,1998,R3,1998,3,Grade 12,SD:SD,RED,12,RRPCM,MS,Mississippi,TOTAL,All students,1,All students,999.0,0,320
268,1998,R3,1998,3,Grade 12,MN:MN,RED,12,RRPCM,MT,Montana,TOTAL,All students,1,All students,999.0,0,320
269,1998,R3,1998,3,Grade 12,SD:SD,RED,12,RRPCM,MT,Montana,TOTAL,All students,1,All students,999.0,0,320
270,1998,R3,1998,3,Grade 12,MN:MN,RED,12,RRPCM,NC,North Carolina,TOTAL,All students,1,All students,999.0,0,320
271,1998,R3,1998,3,Grade 12,SD:SD,RED,12,RRPCM,NC,North Carolina,TOTAL,All students,1,All students,999.0,0,320
272,1998,R3,1998,3,Grade 12,MN:MN,RED,12,RRPCM,ND,North Dakota,TOTAL,All students,1,All students,999.0,0,320
273,1998,R3,1998,3,Grade 12,SD:SD,RED,12,RRPCM,ND,North Dakota,TOTAL,All students,1,All students,999.0,0,320
274,1998,R3,1998,3,Grade 12,MN:MN,RED,12,RRPCM,NE,Nebraska,TOTAL,All students,1,All students,999.0,0,320
275,1998,R3,1998,3,Grade 12,SD:SD,RED,12,RRPCM,NE,Nebraska,TOTAL,All students,1,All students,999.0,0,320
276,1998,R3,1998,3,Grade 12,MN:MN,RED,12,RRPCM,NH,New Hampshire,TOTAL,All students,1,All students,999.0,0,320
277,1998,R3,1998,3,Grade 12,SD:SD,RED,12,RRPCM,NH,New Hampshire,TOTAL,All students,1,All students,999.0,0,320
278,1998,R3,1998,3,Grade 12,MN:MN,RED,12,RRPCM,NJ,New Jersey,TOTAL,All students,1,All students,999.0,0,320
279,1998,R3,1998,3,Grade 12,SD:SD,RED,12,RRPCM,NJ,New Jersey,TOTAL,All students,1,All students,999.0,0,320
280,1998,R3,1998,3,Grade 12,MN:MN,RED,12,RRPCM,NM,New Mexico,TOTAL,All students,1,All students,999.0,0,320
281,1998,R3,1998,3,Grade 12,SD:SD,RED,12,RRPCM,NM,New Mexico,TOTAL,All students,1,All students,999.0,0,320
282,1998,R3,1998,3,Grade 12,MN:MN,RED,12,RRPCM,NP,National public,TOTAL,All students,1,All students,288.594742951535,1,0
283,1998,R3,1998,3,Grade 12,SD:SD,RED,12,RRPCM,NP,National public,TOTAL,All students,1,All students,38.1888297911821,1,0
284,1998,R3,1998,3,Grade 12,MN:MN,RED,12,RRPCM,NR,National private,TOTAL,All students,1,All students,302.605123175169,1,0
285,1998,R3,1998,3,Grade 12,SD:SD,RED,12,RRPCM,NR,National private,TOTAL,All students,1,All students,34.737322968847,1,0
286,1998,R3,1998,3,Grade 12,MN:MN,RED,12,RRPCM,NT,National,TOTAL,All students,1,All students,290.165623798702,1,0
287,1998,R3,1998,3,Grade 12,SD:SD,RED,12,RRPCM,NT,National,TOTAL,All students,1,All students,38.0756712777379,1,0
288,1998,R3,1998,3,Grade 12,MN:MN,RED,12,RRPCM,NV,Nevada,TOTAL,All students,1,All students,999.0,0,320
289,1998,R3,1998,3,Grade 12,SD:SD,RED,12,RRPCM,NV,Nevada,TOTAL,All students,1,All students,999.0,0,320
290,1998,R3,1998,3,Grade 12,MN:MN,RED,12,RRPCM,NY,New York,TOTAL,All students,1,All students,999.0,0,320
291,1998,R3,1998,3,Grade 12,SD:SD,RED,12,RRPCM,NY,New York,TOTAL,All students,1,All students,999.0,0,320
292,1998,R3,1998,3,Grade 12,MN:MN,RED,12,RRPCM,OH,Ohio,TOTAL,All students,1,All students,999.0,0,320
293,1998,R3,1998,3,Grade 12,SD:SD,RED,12,RRPCM,OH,Ohio,TOTAL,All students,1,All students,999.0,0,320
294,1998,R3,1998,3,Grade 12,MN:MN,RED,12,RRPCM,OK,Oklahoma,TOTAL,All students,1,All students,999.0,0,320
295,1998,R3,1998,3,Grade 12,SD:SD,RED,12,RRPCM,OK,Oklahoma,TOTAL,All students,1,All students,999.0,0,320
296,1998,R3,1998,3,Grade 12,MN:MN,RED,12,RRPCM,OR,Oregon,TOTAL,All students,1,All students,999.0,0,320
297,1998,R3,1998,3,Grade 12,SD:SD,RED,12,RRPCM,OR,Oregon,TOTAL,All students,1,All students,999.0,0,320
298,1998,R3,1998,3,Grade 12,MN:MN,RED,12,RRPCM,PA,Pennsylvania,TOTAL,All students,1,All students,999.0,0,320
299,1998,R3,1998,3,Grade 12,SD:SD,RED,12,RRPCM,PA,Pennsylvania,TOTAL,All students,1,All students,999.0,0,320
300,1998,R3,1998,3,Grade 12,MN:MN,RED,12,RRPCM,RI,Rhode Island,TOTAL,All students,1,All students,999.0,0,320
301,1998,R3,1998,3,Grade 12,SD:SD,RED,12,RRPCM,RI,Rhode Island,TOTAL,All students,1,All students,999.0,0,320
302,1998,R3,1998,3,Grade 12,MN:MN,RED,12,RRPCM,SC,South Carolina,TOTAL,All students,1,All students,999.0,0,320
303,1998,R3,1998,3,Grade 12,SD:SD,RED,12,RRPCM,SC,South Carolina,TOTAL,All students,1,All students,999.0,0,320
304,1998,R3,1998,3,Grade 12,MN:MN,RED,12,RRPCM,SD,South Dakota,TOTAL,All students,1,All students,999.0,0,320
305,1998,R3,1998,3,Grade 12,SD:SD,RED,12,RRPCM,SD,South Dakota,TOTAL,All students,1,All students,999.0,0,320
306,1998,R3,1998,3,Grade 12,MN:MN,RED,12,RRPCM,TN,Tennessee,TOTAL,All students,1,All students,999.0,0,320
307,1998,R3,1998,3,Grade 12,SD:SD,RED,12,RRPCM,TN,Tennessee,TOTAL,All students,1,All students,999.0,0,320
308,1998,R3,1998,3,Grade 12,MN:MN,RED,12,RRPCM,TX,Texas,TOTAL,All students,1,All students,999.0,0,320
309,1998,R3,1998,3,Grade 12,SD:SD,RED,12,RRPCM,TX,Texas,TOTAL,All students,1,All students,999.0,0,320
310,1998,R3,1998,3,Grade 12,MN:MN,RED,12,RRPCM,UT,Utah,TOTAL,All students,1,All students,999.0,0,320
311,1998,R3,1998,3,Grade 12,SD:SD,RED,12,RRPCM,UT,Utah,TOTAL,All students,1,All students,999.0,0,320
312,1998,R3,1998,3,Grade 12,MN:MN,RED,12,RRPCM,VA,Virginia,TOTAL,All students,1,All students,999.0,0,320
313,1998,R3,1998,3,Grade 12,SD:SD,RED,12,RRPCM,VA,Virginia,TOTAL,All students,1,All students,999.0,0,320
314,1998,R3,1998,3,Grade 12,MN:MN,RED,12,RRPCM,VT,Vermont,TOTAL,All students,1,All students,999.0,0,320
315,1998,R3,1998,3,Grade 12,SD:SD,RED,12,RRPCM,VT,Vermont,TOTAL,All students,1,All students,999.0,0,320
316,1998,R3,1998,3,Grade 12,MN:MN,RED,12,RRPCM,WA,Washington,TOTAL,All students,1,All students,999.0,0,320
317,1998,R3,1998,3,Grade 12,SD:SD,RED,12,RRPCM,WA,Washington,TOTAL,All students,1,All students,999.0,0,320
318,1998,R3,1998,3,Grade 12,MN:MN,RED,12,RRPCM,WI,Wisconsin,TOTAL,All students,1,All students,999.0,0,320
319,1998,R3,1998,3,Grade 12,SD:SD,RED,12,RRPCM,WI,Wisconsin,TOTAL,All students,1,All students,999.0,0,320
320,1998,R3,1998,3,Grade 12,MN:MN,RED,12,RRPCM,WV,West Virginia,TOTAL,All students,1,All students,999.0,0,320
321,1998,R3,1998,3,Grade 12,SD:SD,RED,12,RRPCM,WV,West Virginia,TOTAL,All students,1,All students,999.0,0,320
322,1998,R3,1998,3,Grade 12,MN:MN,RED,12,RRPCM,WY,Wyoming,TOTAL,All students,1,All students,999.0,0,320
323,1998,R3,1998,3,Grade 12,SD:SD,RED,12,RRPCM,WY,Wyoming,TOTAL,All students,1,All students,999.0,0,320
324,2002,R3,2002,3,Grade 12,MN:MN,RED,12,RRPCM,AK,Alaska,TOTAL,All students,1,All students,999.0,0,320
325,2002,R3,2002,3,Grade 12,SD:SD,RED,12,RRPCM,AK,Alaska,TOTAL,All students,1,All students,999.0,0,320
326,2002,R3,2002,3,Grade 12,MN:MN,RED,12,RRPCM,AL,Alabama,TOTAL,All students,1,All students,999.0,0,320
327,2002,R3,2002,3,Grade 12,SD:SD,RED,12,RRPCM,AL,Alabama,TOTAL,All students,1,All students,999.0,0,320
328,2002,R3,2002,3,Grade 12,MN:MN,RED,12,RRPCM,AR,Arkansas,TOTAL,All students,1,All students,999.0,0,320
329,2002,R3,2002,3,Grade 12,SD:SD,RED,12,RRPCM,AR,Arkansas,TOTAL,All students,1,All students,999.0,0,320
330,2002,R3,2002,3,Grade 12,MN:MN,RED,12,RRPCM,AZ,Arizona,TOTAL,All students,1,All students,999.0,0,320
331,2002,R3,2002,3,Grade 12,SD:SD,RED,12,RRPCM,AZ,Arizona,TOTAL,All students,1,All students,999.0,0,320
332,2002,R3,2002,3,Grade 12,MN:MN,RED,12,RRPCM,CA,California,TOTAL,All students,1,All students,999.0,0,320
333,2002,R3,2002,3,Grade 12,SD:SD,RED,12,RRPCM,CA,California,TOTAL,All students,1,All students,999.0,0,320
334,2002,R3,2002,3,Grade 12,MN:MN,RED,12,RRPCM,CO,Colorado,TOTAL,All students,1,All students,999.0,0,320
335,2002,R3,2002,3,Grade 12,SD:SD,RED,12,RRPCM,CO,Colorado,TOTAL,All students,1,All students,999.0,0,320
336,2002,R3,2002,3,Grade 12,MN:MN,RED,12,RRPCM,CT,Connecticut,TOTAL,All students,1,All students,999.0,0,320
337,2002,R3,2002,3,Grade 12,SD:SD,RED,12,RRPCM,CT,Connecticut,TOTAL,All students,1,All students,999.0,0,320
338,2002,R3,2002,3,Grade 12,MN:MN,RED,12,RRPCM,DC,District of Columbia,TOTAL,All students,1,All students,999.0,0,320
339,2002,R3,2002,3,Grade 12,SD:SD,RED,12,RRPCM,DC,District of Columbia,TOTAL,All students,1,All students,999.0,0,320
340,2002,R3,2002,3,Grade 12,MN:MN,RED,12,RRPCM,DE,Delaware,TOTAL,All students,1,All students,999.0,0,320
341,2002,R3,2002,3,Grade 12,SD:SD,RED,12,RRPCM,DE,Delaware,TOTAL,All students,1,All students,999.0,0,320
342,2002,R3,2002,3,Grade 12,MN:MN,RED,12,RRPCM,FL,Florida,TOTAL,All students,1,All students,999.0,0,320
343,2002,R3,2002,3,Grade 12,SD:SD,RED,12,RRPCM,FL,Florida,TOTAL,All students,1,All students,999.0,0,320
344,2002,R3,2002,3,Grade 12,MN:MN,RED,12,RRPCM,GA,Georgia,TOTAL,All students,1,All students,999.0,0,320
345,2002,R3,2002,3,Grade 12,SD:SD,RED,12,RRPCM,GA,Georgia,TOTAL,All students,1,All students,999.0,0,320
346,2002,R3,2002,3,Grade 12,MN:MN,RED,12,RRPCM,HI,Hawaii,TOTAL,All students,1,All students,999.0,0,320
347,2002,R3,2002,3,Grade 12,SD:SD,RED,12,RRPCM,HI,Hawaii,TOTAL,All students,1,All students,999.0,0,320
348,2002,R3,2002,3,Grade 12,MN:MN,RED,12,RRPCM,IA,Iowa,TOTAL,All students,1,All students,999.0,0,320
349,2002,R3,2002,3,Grade 12,SD:SD,RED,12,RRPCM,IA,Iowa,TOTAL,All students,1,All students,999.0,0,320
350,2002,R3,2002,3,Grade 12,MN:MN,RED,12,RRPCM,ID,Idaho,TOTAL,All students,1,All students,999.0,0,320
351,2002,R3,2002,3,Grade 12,SD:SD,RED,12,RRPCM,ID,Idaho,TOTAL,All students,1,All students,999.0,0,320
352,2002,R3,2002,3,Grade 12,MN:MN,RED,12,RRPCM,IL,Illinois,TOTAL,All students,1,All students,999.0,0,320
353,2002,R3,2002,3,Grade 12,SD:SD,RED,12,RRPCM,IL,Illinois,TOTAL,All students,1,All students,999.0,0,320
354,2002,R3,2002,3,Grade 12,MN:MN,RED,12,RRPCM,IN,Indiana,TOTAL,All students,1,All students,999.0,0,320
355,2002,R3,2002,3,Grade 12,SD:SD,RED,12,RRPCM,IN,Indiana,TOTAL,All students,1,All students,999.0,0,320
356,2002,R3,2002,3,Grade 12,MN:MN,RED,12,RRPCM,KS,Kansas,TOTAL,All students,1,All students,999.0,0,320
357,2002,R3,2002,3,Grade 12,SD:SD,RED,12,RRPCM,KS,Kansas,TOTAL,All students,1,All students,999.0,0,320
358,2002,R3,2002,3,Grade 12,MN:MN,RED,12,RRPCM,KY,Kentucky,TOTAL,All students,1,All students,999.0,0,320
359,2002,R3,2002,3,Grade 12,SD:SD,RED,12,RRPCM,KY,Kentucky,TOTAL,All students,1,All students,999.0,0,320
360,2002,R3,2002,3,Grade 12,MN:MN,RED,12,RRPCM,LA,Louisiana,TOTAL,All students,1,All students,999.0,0,320
361,2002,R3,2002,3,Grade 12,SD:SD,RED,12,RRPCM,LA,Louisiana,TOTAL,All students,1,All students,999.0,0,320
362,2002,R3,2002,3,Grade 12,MN:MN,RED,12,RRPCM,MA,Massachusetts,TOTAL,All students,1,All students,999.0,0,320
363,2002,R3,2002,3,Grade 12,SD:SD,RED,12,RRPCM,MA,Massachusetts,TOTAL,All students,1,All students,999.0,0,320
364,2002,R3,2002,3,Grade 12,MN:MN,RED,12,RRPCM,MD,Maryland,TOTAL,All students,1,All students,999.0,0,320
365,2002,R3,2002,3,Grade 12,SD:SD,RED,12,RRPCM,MD,Maryland,TOTAL,All students,1,All students,999.0,0,320
366,2002,R3,2002,3,Grade 12,MN:MN,RED,12,RRPCM,ME,Maine,TOTAL,All students,1,All students,999.0,0,320
367,2002,R3,2002,3,Grade 12,SD:SD,RED,12,RRPCM,ME,Maine,TOTAL,All students,1,All students,999.0,0,320
368,2002,R3,2002,3,Grade 12,MN:MN,RED,12,RRPCM,MI,Michigan,TOTAL,All students,1,All students,999.0,0,320
369,2002,R3,2002,3,Grade 12,SD:SD,RED,12,RRPCM,MI,Michigan,TOTAL,All students,1,All students,999.0,0,320
370,2002,R3,2002,3,Grade 12,MN:MN,RED,12,RRPCM,MN,Minnesota,TOTAL,All students,1,All students,999.0,0,320
371,2002,R3,2002,3,Grade 12,SD:SD,RED,12,RRPCM,MN,Minnesota,TOTAL,All students,1,All students,999.0,0,320
372,2002,R3,2002,3,Grade 12,MN:MN,RED,12,RRPCM,MO,Missouri,TOTAL,All students,1,All students,999.0,0,320
373,2002,R3,2002,3,Grade 12,SD:SD,RED,12,RRPCM,MO,Missouri,TOTAL,All students,1,All students,999.0,0,320
374,2002,R3,2002,3,Grade 12,MN:MN,RED,12,RRPCM,MS,Mississippi,TOTAL,All students,1,All students,999.0,0,320
375,2002,R3,2002,3,Grade 12,SD:SD,RED,12,RRPCM,MS,Mississippi,TOTAL,All students,1,All students,999.0,0,320
376,2002,R3,2002,3,Grade 12,MN:MN,RED,12,RRPCM,MT,Montana,TOTAL,All students,1,All students,999.0,0,320
377,2002,R3,2002,3,Grade 12,SD:SD,RED,12,RRPCM,MT,Montana,TOTAL,All students,1,All students,999.0,0,320
378,2002,R3,2002,3,Grade 12,MN:MN,RED,12,RRPCM,NC,North Carolina,TOTAL,All students,1,All students,999.0,0,320
379,2002,R3,2002,3,Grade 12,SD:SD,RED,12,RRPCM,NC,North Carolina,TOTAL,All students,1,All students,999.0,0,320
380,2002,R3,2002,3,Grade 12,MN:MN,RED,12,RRPCM,ND,North Dakota,TOTAL,All students,1,All students,999.0,0,320
381,2002,R3,2002,3,Grade 12,SD:SD,RED,12,RRPCM,ND,North Dakota,TOTAL,All students,1,All students,999.0,0,320
382,2002,R3,2002,3,Grade 12,MN:MN,RED,12,RRPCM,NE,Nebraska,TOTAL,All students,1,All students,999.0,0,320
383,2002,R3,2002,3,Grade 12,SD:SD,RED,12,RRPCM,NE,Nebraska,TOTAL,All students,1,All students,999.0,0,320
384,2002,R3,2002,3,Grade 12,MN:MN,RED,12,RRPCM,NH,New Hampshire,TOTAL,All students,1,All students,999.0,0,320
385,2002,R3,2002,3,Grade 12,SD:SD,RED,12,RRPCM,NH,New Hampshire,TOTAL,All students,1,All students,999.0,0,320
386,2002,R3,2002,3,Grade 12,MN:MN,RED,12,RRPCM,NJ,New Jersey,TOTAL,All students,1,All students,999.0,0,320
387,2002,R3,2002,3,Grade 12,SD:SD,RED,12,RRPCM,NJ,New Jersey,TOTAL,All students,1,All students,999.0,0,320
388,2002,R3,2002,3,Grade 12,MN:MN,RED,12,RRPCM,NM,New Mexico,TOTAL,All students,1,All students,999.0,0,320
389,2002,R3,2002,3,Grade 12,SD:SD,RED,12,RRPCM,NM,New Mexico,TOTAL,All students,1,All students,999.0,0,320
390,2002,R3,2002,3,Grade 12,MN:MN,RED,12,RRPCM,NP,National public,TOTAL,All students,1,All students,285.037752338745,1,0
391,2002,R3,2002,3,Grade 12,SD:SD,RED,12,RRPCM,NP,National public,TOTAL,All students,1,All students,37.1290327295477,1,0
392,2002,R3,2002,3,Grade 12,MN:MN,RED,12,RRPCM,NR,National private,TOTAL,All students,1,All students,999.0,0,288
393,2002,R3,2002,3,Grade 12,SD:SD,RED,12,RRPCM,NR,National private,TOTAL,All students,1,All students,999.0,0,288
394,2002,R3,2002,3,Grade 12,MN:MN,RED,12,RRPCM,NT,National,TOTAL,All students,1,All students,286.864573872307,1,0
395,2002,R3,2002,3,Grade 12,SD:SD,RED,12,RRPCM,NT,National,TOTAL,All students,1,All students,37.1825495837942,1,0
396,2002,R3,2002,3,Grade 12,MN:MN,RED,12,RRPCM,NV,Nevada,TOTAL,All students,1,All students,999.0,0,320
397,2002,R3,2002,3,Grade 12,SD:SD,RED,12,RRPCM,NV,Nevada,TOTAL,All students,1,All students,999.0,0,320
398,2002,R3,2002,3,Grade 12,MN:MN,RED,12,RRPCM,NY,New York,TOTAL,All students,1,All students,999.0,0,320
399,2002,R3,2002,3,Grade 12,SD:SD,RED,12,RRPCM,NY,New York,TOTAL,All students,1,All students,999.0,0,320
400,2002,R3,2002,3,Grade 12,MN:MN,RED,12,RRPCM,OH,Ohio,TOTAL,All students,1,All students,999.0,0,320
401,2002,R3,2002,3,Grade 12,SD:SD,RED,12,RRPCM,OH,Ohio,TOTAL,All students,1,All students,999.0,0,320
402,2002,R3,2002,3,Grade 12,MN:MN,RED,12,RRPCM,OK,Oklahoma,TOTAL,All students,1,All students,999.0,0,320
403,2002,R3,2002,3,Grade 12,SD:SD,RED,12,RRPCM,OK,Oklahoma,TOTAL,All students,1,All students,999.0,0,320
404,2002,R3,2002,3,Grade 12,MN:MN,RED,12,RRPCM,OR,Oregon,TOTAL,All students,1,All students,999.0,0,320
405,2002,R3,2002,3,Grade 12,SD:SD,RED,12,RRPCM,OR,Oregon,TOTAL,All students,1,All students,999.0,0,320
406,2002,R3,2002,3,Grade 12,MN:MN,RED,12,RRPCM,PA,Pennsylvania,TOTAL,All students,1,All students,999.0,0,320
407,2002,R3,2002,3,Grade 12,SD:SD,RED,12,RRPCM,PA,Pennsylvania,TOTAL,All students,1,All students,999.0,0,320
408,2002,R3,2002,3,Grade 12,MN:MN,RED,12,RRPCM,RI,Rhode Island,TOTAL,All students,1,All students,999.0,0,320
409,2002,R3,2002,3,Grade 12,SD:SD,RED,12,RRPCM,RI,Rhode Island,TOTAL,All students,1,All students,999.0,0,320
410,2002,R3,2002,3,Grade 12,MN:MN,RED,12,RRPCM,SC,South Carolina,TOTAL,All students,1,All students,999.0,0,320
411,2002,R3,2002,3,Grade 12,SD:SD,RED,12,RRPCM,SC,South Carolina,TOTAL,All students,1,All students,999.0,0,320
412,2002,R3,2002,3,Grade 12,MN:MN,RED,12,RRPCM,SD,South Dakota,TOTAL,All students,1,All students,999.0,0,320
413,2002,R3,2002,3,Grade 12,SD:SD,RED,12,RRPCM,SD,South Dakota,TOTAL,All students,1,All students,999.0,0,320
414,2002,R3,2002,3,Grade 12,MN:MN,RED,12,RRPCM,TN,Tennessee,TOTAL,All students,1,All students,999.0,0,320
415,2002,R3,2002,3,Grade 12,SD:SD,RED,12,RRPCM,TN,Tennessee,TOTAL,All students,1,All students,999.0,0,320
416,2002,R3,2002,3,Grade 12,MN:MN,RED,12,RRPCM,TX,Texas,TOTAL,All students,1,All students,999.0,0,320
417,2002,R3,2002,3,Grade 12,SD:SD,RED,12,RRPCM,TX,Texas,TOTAL,All students,1,All students,999.0,0,320
418,2002,R3,2002,3,Grade 12,MN:MN,RED,12,RRPCM,UT,Utah,TOTAL,All students,1,All students,999.0,0,320
419,2002,R3,2002,3,Grade 12,SD:SD,RED,12,RRPCM,UT,Utah,TOTAL,All students,1,All students,999.0,0,320
420,2002,R3,2002,3,Grade 12,MN:MN,RED,12,RRPCM,VA,Virginia,TOTAL,All students,1,All students,999.0,0,320
421,2002,R3,2002,3,Grade 12,SD:SD,RED,12,RRPCM,VA,Virginia,TOTAL,All students,1,All students,999.0,0,320
422,2002,R3,2002,3,Grade 12,MN:MN,RED,12,RRPCM,VT,Vermont,TOTAL,All students,1,All students,999.0,0,320
423,2002,R3,2002,3,Grade 12,SD:SD,RED,12,RRPCM,VT,Vermont,TOTAL,All students,1,All students,999.0,0,320
424,2002,R3,2002,3,Grade 12,MN:MN,RED,12,RRPCM,WA,Washington,TOTAL,All students,1,All students,999.0,0,320
425,2002,R3,2002,3,Grade 12,SD:SD,RED,12,RRPCM,WA,Washington,TOTAL,All students,1,All students,999.0,0,320
426,2002,R3,2002,3,Grade 12,MN:MN,RED,12,RRPCM,WI,Wisconsin,TOTAL,All students,1,All students,999.0,0,320
427,2002,R3,2002,3,Grade 12,SD:SD,RED,12,RRPCM,WI,Wisconsin,TOTAL,All students,1,All students,999.0,0,320
428,2002,R3,2002,3,Grade 12,MN:MN,RED,12,RRPCM,WV,West Virginia,TOTAL,All students,1,All students,999.0,0,320
429,2002,R3,2002,3,Grade 12,SD:SD,RED,12,RRPCM,WV,West Virginia,TOTAL,All students,1,All students,999.0,0,320
430,2002,R3,2002,3,Grade 12,MN:MN,RED,12,RRPCM,WY,Wyoming,TOTAL,All students,1,All students,999.0,0,320
431,2002,R3,2002,3,Grade 12,SD:SD,RED,12,RRPCM,WY,Wyoming,TOTAL,All students,1,All students,999.0,0,320
432,2005,R3,2005,3,Grade 12,MN:MN,RED,12,RRPCM,AK,Alaska,TOTAL,All students,1,All students,999.0,0,320
433,2005,R3,2005,3,Grade 12,SD:SD,RED,12,RRPCM,AK,Alaska,TOTAL,All students,1,All students,999.0,0,320
434,2005,R3,2005,3,Grade 12,MN:MN,RED,12,RRPCM,AL,Alabama,TOTAL,All students,1,All students,999.0,0,320
435,2005,R3,2005,3,Grade 12,SD:SD,RED,12,RRPCM,AL,Alabama,TOTAL,All students,1,All students,999.0,0,320
436,2005,R3,2005,3,Grade 12,MN:MN,RED,12,RRPCM,AR,Arkansas,TOTAL,All students,1,All students,999.0,0,320
437,2005,R3,2005,3,Grade 12,SD:SD,RED,12,RRPCM,AR,Arkansas,TOTAL,All students,1,All students,999.0,0,320
438,2005,R3,2005,3,Grade 12,MN:MN,RED,12,RRPCM,AZ,Arizona,TOTAL,All students,1,All students,999.0,0,320
439,2005,R3,2005,3,Grade 12,SD:SD,RED,12,RRPCM,AZ,Arizona,TOTAL,All students,1,All students,999.0,0,320
440,2005,R3,2005,3,Grade 12,MN:MN,RED,12,RRPCM,CA,California,TOTAL,All students,1,All students,999.0,0,320
441,2005,R3,2005,3,Grade 12,SD:SD,RED,12,RRPCM,CA,California,TOTAL,All students,1,All students,999.0,0,320
442,2005,R3,2005,3,Grade 12,MN:MN,RED,12,RRPCM,CO,Colorado,TOTAL,All students,1,All students,999.0,0,320
443,2005,R3,2005,3,Grade 12,SD:SD,RED,12,RRPCM,CO,Colorado,TOTAL,All students,1,All students,999.0,0,320
444,2005,R3,2005,3,Grade 12,MN:MN,RED,12,RRPCM,CT,Connecticut,TOTAL,All students,1,All students,999.0,0,320
445,2005,R3,2005,3,Grade 12,SD:SD,RED,12,RRPCM,CT,Connecticut,TOTAL,All students,1,All students,999.0,0,320
446,2005,R3,2005,3,Grade 12,MN:MN,RED,12,RRPCM,DC,District of Columbia,TOTAL,All students,1,All students,999.0,0,320
447,2005,R3,2005,3,Grade 12,SD:SD,RED,12,RRPCM,DC,District of Columbia,TOTAL,All students,1,All students,999.0,0,320
448,2005,R3,2005,3,Grade 12,MN:MN,RED,12,RRPCM,DE,Delaware,TOTAL,All students,1,All students,999.0,0,320
449,2005,R3,2005,3,Grade 12,SD:SD,RED,12,RRPCM,DE,Delaware,TOTAL,All students,1,All students,999.0,0,320
450,2005,R3,2005,3,Grade 12,MN:MN,RED,12,RRPCM,FL,Florida,TOTAL,All students,1,All students,999.0,0,320
451,2005,R3,2005,3,Grade 12,SD:SD,RED,12,RRPCM,FL,Florida,TOTAL,All students,1,All students,999.0,0,320
452,2005,R3,2005,3,Grade 12,MN:MN,RED,12,RRPCM,GA,Georgia,TOTAL,All students,1,All students,999.0,0,320
453,2005,R3,2005,3,Grade 12,SD:SD,RED,12,RRPCM,GA,Georgia,TOTAL,All students,1,All students,999.0,0,320
454,2005,R3,2005,3,Grade 12,MN:MN,RED,12,RRPCM,HI,Hawaii,TOTAL,All students,1,All students,999.0,0,320
455,2005,R3,2005,3,Grade 12,SD:SD,RED,12,RRPCM,HI,Hawaii,TOTAL,All students,1,All students,999.0,0,320
456,2005,R3,2005,3,Grade 12,MN:MN,RED,12,RRPCM,IA,Iowa,TOTAL,All students,1,All students,999.0,0,320
457,2005,R3,2005,3,Grade 12,SD:SD,RED,12,RRPCM,IA,Iowa,TOTAL,All students,1,All students,999.0,0,320
458,2005,R3,2005,3,Grade 12,MN:MN,RED,12,RRPCM,ID,Idaho,TOTAL,All students,1,All students,999.0,0,320
459,2005,R3,2005,3,Grade 12,SD:SD,RED,12,RRPCM,ID,Idaho,TOTAL,All students,1,All students,999.0,0,320
460,2005,R3,2005,3,Grade 12,MN:MN,RED,12,RRPCM,IL,Illinois,TOTAL,All students,1,All students,999.0,0,320
461,2005,R3,2005,3,Grade 12,SD:SD,RED,12,RRPCM,IL,Illinois,TOTAL,All students,1,All students,999.0,0,320
462,2005,R3,2005,3,Grade 12,MN:MN,RED,12,RRPCM,IN,Indiana,TOTAL,All students,1,All students,999.0,0,320
463,2005,R3,2005,3,Grade 12,SD:SD,RED,12,RRPCM,IN,Indiana,TOTAL,All students,1,All students,999.0,0,320
464,2005,R3,2005,3,Grade 12,MN:MN,RED,12,RRPCM,KS,Kansas,TOTAL,All students,1,All students,999.0,0,320
465,2005,R3,2005,3,Grade 12,SD:SD,RED,12,RRPCM,KS,Kansas,TOTAL,All students,1,All students,999.0,0,320
466,2005,R3,2005,3,Grade 12,MN:MN,RED,12,RRPCM,KY,Kentucky,TOTAL,All students,1,All students,999.0,0,320
467,2005,R3,2005,3,Grade 12,SD:SD,RED,12,RRPCM,KY,Kentucky,TOTAL,All students,1,All students,999.0,0,320
468,2005,R3,2005,3,Grade 12,MN:MN,RED,12,RRPCM,LA,Louisiana,TOTAL,All students,1,All students,999.0,0,320
469,2005,R3,2005,3,Grade 12,SD:SD,RED,12,RRPCM,LA,Louisiana,TOTAL,All students,1,All students,999.0,0,320
470,2005,R3,2005,3,Grade 12,MN:MN,RED,12,RRPCM,MA,Massachusetts,TOTAL,All students,1,All students,999.0,0,320
471,2005,R3,2005,3,Grade 12,SD:SD,RED,12,RRPCM,MA,Massachusetts,TOTAL,All students,1,All students,999.0,0,320
472,2005,R3,2005,3,Grade 12,MN:MN,RED,12,RRPCM,MD,Maryland,TOTAL,All students,1,All students,999.0,0,320
473,2005,R3,2005,3,Grade 12,SD:SD,RED,12,RRPCM,MD,Maryland,TOTAL,All students,1,All students,999.0,0,320
474,2005,R3,2005,3,Grade 12,MN:MN,RED,12,RRPCM,ME,Maine,TOTAL,All students,1,All students,999.0,0,320
475,2005,R3,2005,3,Grade 12,SD:SD,RED,12,RRPCM,ME,Maine,TOTAL,All students,1,All students,999.0,0,320
476,2005,R3,2005,3,Grade 12,MN:MN,RED,12,RRPCM,MI,Michigan,TOTAL,All students,1,All students,999.0,0,320
477,2005,R3,2005,3,Grade 12,SD:SD,RED,12,RRPCM,MI,Michigan,TOTAL,All students,1,All students,999.0,0,320
478,2005,R3,2005,3,Grade 12,MN:MN,RED,12,RRPCM,MN,Minnesota,TOTAL,All students,1,All students,999.0,0,320
479,2005,R3,2005,3,Grade 12,SD:SD,RED,12,RRPCM,MN,Minnesota,TOTAL,All students,1,All students,999.0,0,320
480,2005,R3,2005,3,Grade 12,MN:MN,RED,12,RRPCM,MO,Missouri,TOTAL,All students,1,All students,999.0,0,320
481,2005,R3,2005,3,Grade 12,SD:SD,RED,12,RRPCM,MO,Missouri,TOTAL,All students,1,All students,999.0,0,320
482,2005,R3,2005,3,Grade 12,MN:MN,RED,12,RRPCM,MS,Mississippi,TOTAL,All students,1,All students,999.0,0,320
483,2005,R3,2005,3,Grade 12,SD:SD,RED,12,RRPCM,MS,Mississippi,TOTAL,All students,1,All students,999.0,0,320
484,2005,R3,2005,3,Grade 12,MN:MN,RED,12,RRPCM,MT,Montana,TOTAL,All students,1,All students,999.0,0,320
485,2005,R3,2005,3,Grade 12,SD:SD,RED,12,RRPCM,MT,Montana,TOTAL,All students,1,All students,999.0,0,320
486,2005,R3,2005,3,Grade 12,MN:MN,RED,12,RRPCM,NC,North Carolina,TOTAL,All students,1,All students,999.0,0,320
487,2005,R3,2005,3,Grade 12,SD:SD,RED,12,RRPCM,NC,North Carolina,TOTAL,All students,1,All students,999.0,0,320
488,2005,R3,2005,3,Grade 12,MN:MN,RED,12,RRPCM,ND,North Dakota,TOTAL,All students,1,All students,999.0,0,320
489,2005,R3,2005,3,Grade 12,SD:SD,RED,12,RRPCM,ND,North Dakota,TOTAL,All students,1,All students,999.0,0,320
490,2005,R3,2005,3,Grade 12,MN:MN,RED,12,RRPCM,NE,Nebraska,TOTAL,All students,1,All students,999.0,0,320
491,2005,R3,2005,3,Grade 12,SD:SD,RED,12,RRPCM,NE,Nebraska,TOTAL,All students,1,All students,999.0,0,320
492,2005,R3,2005,3,Grade 12,MN:MN,RED,12,RRPCM,NH,New Hampshire,TOTAL,All students,1,All students,999.0,0,320
493,2005,R3,2005,3,Grade 12,SD:SD,RED,12,RRPCM,NH,New Hampshire,TOTAL,All students,1,All students,999.0,0,320
494,2005,R3,2005,3,Grade 12,MN:MN,RED,12,RRPCM,NJ,New Jersey,TOTAL,All students,1,All students,999.0,0,320
495,2005,R3,2005,3,Grade 12,SD:SD,RED,12,RRPCM,NJ,New Jersey,TOTAL,All students,1,All students,999.0,0,320
496,2005,R3,2005,3,Grade 12,MN:MN,RED,12,RRPCM,NM,New Mexico,TOTAL,All students,1,All students,999.0,0,320
497,2005,R3,2005,3,Grade 12,SD:SD,RED,12,RRPCM,NM,New Mexico,TOTAL,All students,1,All students,999.0,0,320
498,2005,R3,2005,3,Grade 12,MN:MN,RED,12,RRPCM,NP,National public,TOTAL,All students,1,All students,284.521485420749,1,0
499,2005,R3,2005,3,Grade 12,SD:SD,RED,12,RRPCM,NP,National public,TOTAL,All students,1,All students,38.2063625592163,1,0
500,2005,R3,2005,3,Grade 12,MN:MN,RED,12,RRPCM,NR,National private,TOTAL,All students,1,All students,999.0,0,288
501,2005,R3,2005,3,Grade 12,SD:SD,RED,12,RRPCM,NR,National private,TOTAL,All students,1,All students,999.0,0,288
502,2005,R3,2005,3,Grade 12,MN:MN,RED,12,RRPCM,NT,National,TOTAL,All students,1,All students,286.027011038289,1,0
503,2005,R3,2005,3,Grade 12,SD:SD,RED,12,RRPCM,NT,National,TOTAL,All students,1,All students,38.2813543842407,1,0
504,2005,R3,2005,3,Grade 12,MN:MN,RED,12,RRPCM,NV,Nevada,TOTAL,All students,1,All students,999.0,0,320
505,2005,R3,2005,3,Grade 12,SD:SD,RED,12,RRPCM,NV,Nevada,TOTAL,All students,1,All students,999.0,0,320
506,2005,R3,2005,3,Grade 12,MN:MN,RED,12,RRPCM,NY,New York,TOTAL,All students,1,All students,999.0,0,320
507,2005,R3,2005,3,Grade 12,SD:SD,RED,12,RRPCM,NY,New York,TOTAL,All students,1,All students,999.0,0,320
508,2005,R3,2005,3,Grade 12,MN:MN,RED,12,RRPCM,OH,Ohio,TOTAL,All students,1,All students,999.0,0,320
509,2005,R3,2005,3,Grade 12,SD:SD,RED,12,RRPCM,OH,Ohio,TOTAL,All students,1,All students,999.0,0,320
510,2005,R3,2005,3,Grade 12,MN:MN,RED,12,RRPCM,OK,Oklahoma,TOTAL,All students,1,All students,999.0,0,320
511,2005,R3,2005,3,Grade 12,SD:SD,RED,12,RRPCM,OK,Oklahoma,TOTAL,All students,1,All students,999.0,0,320
512,2005,R3,2005,3,Grade 12,MN:MN,RED,12,RRPCM,OR,Oregon,TOTAL,All students,1,All students,999.0,0,320
513,2005,R3,2005,3,Grade 12,SD:SD,RED,12,RRPCM,OR,Oregon,TOTAL,All students,1,All students,999.0,0,320
514,2005,R3,2005,3,Grade 12,MN:MN,RED,12,RRPCM,PA,Pennsylvania,TOTAL,All students,1,All students,999.0,0,320
515,2005,R3,2005,3,Grade 12,SD:SD,RED,12,RRPCM,PA,Pennsylvania,TOTAL,All students,1,All students,999.0,0,320
516,2005,R3,2005,3,Grade 12,MN:MN,RED,12,RRPCM,RI,Rhode Island,TOTAL,All students,1,All students,999.0,0,320
517,2005,R3,2005,3,Grade 12,SD:SD,RED,12,RRPCM,RI,Rhode Island,TOTAL,All students,1,All students,999.0,0,320
518,2005,R3,2005,3,Grade 12,MN:MN,RED,12,RRPCM,SC,South Carolina,TOTAL,All students,1,All students,999.0,0,320
519,2005,R3,2005,3,Grade 12,SD:SD,RED,12,RRPCM,SC,South Carolina,TOTAL,All students,1,All students,999.0,0,320
520,2005,R3,2005,3,Grade 12,MN:MN,RED,12,RRPCM,SD,South Dakota,TOTAL,All students,1,All students,999.0,0,320
521,2005,R3,2005,3,Grade 12,SD:SD,RED,12,RRPCM,SD,South Dakota,TOTAL,All students,1,All students,999.0,0,320
522,2005,R3,2005,3,Grade 12,MN:MN,RED,12,RRPCM,TN,Tennessee,TOTAL,All students,1,All students,999.0,0,320
523,2005,R3,2005,3,Grade 12,SD:SD,RED,12,RRPCM,TN,Tennessee,TOTAL,All students,1,All students,999.0,0,320
524,2005,R3,2005,3,Grade 12,MN:MN,RED,12,RRPCM,TX,Texas,TOTAL,All students,1,All students,999.0,0,320
525,2005,R3,2005,3,Grade 12,SD:SD,RED,12,RRPCM,TX,Texas,TOTAL,All students,1,All students,999.0,0,320
526,2005,R3,2005,3,Grade 12,MN:MN,RED,12,RRPCM,UT,Utah,TOTAL,All students,1,All students,999.0,0,320
527,2005,R3,2005,3,Grade 12,SD:SD,RED,12,RRPCM,UT,Utah,TOTAL,All students,1,All students,999.0,0,320
528,2005,R3,2005,3,Grade 12,MN:MN,RED,12,RRPCM,VA,Virginia,TOTAL,All students,1,All students,999.0,0,320
529,2005,R3,2005,3,Grade 12,SD:SD,RED,12,RRPCM,VA,Virginia,TOTAL,All students,1,All students,999.0,0,320
530,2005,R3,2005,3,Grade 12,MN:MN,RED,12,RRPCM,VT,Vermont,TOTAL,All students,1,All students,999.0,0,320
531,2005,R3,2005,3,Grade 12,SD:SD,RED,12,RRPCM,VT,Vermont,TOTAL,All students,1,All students,999.0,0,320
532,2005,R3,2005,3,Grade 12,MN:MN,RED,12,RRPCM,WA,Washington,TOTAL,All students,1,All students,999.0,0,320
533,2005,R3,2005,3,Grade 12,SD:SD,RED,12,RRPCM,WA,Washington,TOTAL,All students,1,All students,999.0,0,320
534,2005,R3,2005,3,Grade 12,MN:MN,RED,12,RRPCM,WI,Wisconsin,TOTAL,All students,1,All students,999.0,0,320
535,2005,R3,2005,3,Grade 12,SD:SD,RED,12,RRPCM,WI,Wisconsin,TOTAL,All students,1,All students,999.0,0,320
536,2005,R3,2005,3,Grade 12,MN:MN,RED,12,RRPCM,WV,West Virginia,TOTAL,All students,1,All students,999.0,0,320
537,2005,R3,2005,3,Grade 12,SD:SD,RED,12,RRPCM,WV,West Virginia,TOTAL,All students,1,All students,999.0,0,320
538,2005,R3,2005,3,Grade 12,MN:MN,RED,12,RRPCM,WY,Wyoming,TOTAL,All students,1,All students,999.0,0,320
539,2005,R3,2005,3,Grade 12,SD:SD,RED,12,RRPCM,WY,Wyoming,TOTAL,All students,1,All students,999.0,0,320
540,2009,R3,2009,3,Grade 12,MN:MN,RED,12,RRPCM,AK,Alaska,TOTAL,All students,1,All students,999.0,0,320
541,2009,R3,2009,3,Grade 12,SD:SD,RED,12,RRPCM,AK,Alaska,TOTAL,All students,1,All students,999.0,0,320
542,2009,R3,2009,3,Grade 12,MN:MN,RED,12,RRPCM,AL,Alabama,TOTAL,All students,1,All students,999.0,0,320
543,2009,R3,2009,3,Grade 12,SD:SD,RED,12,RRPCM,AL,Alabama,TOTAL,All students,1,All students,999.0,0,320
544,2009,R3,2009,3,Grade 12,MN:MN,RED,12,RRPCM,AR,Arkansas,TOTAL,All students,1,All students,279.884659843352,1,0
545,2009,R3,2009,3,Grade 12,SD:SD,RED,12,RRPCM,AR,Arkansas,TOTAL,All students,1,All students,38.6027926811322,1,0
546,2009,R3,2009,3,Grade 12,MN:MN,RED,12,RRPCM,AZ,Arizona,TOTAL,All students,1,All students,999.0,0,320
547,2009,R3,2009,3,Grade 12,SD:SD,RED,12,RRPCM,AZ,Arizona,TOTAL,All students,1,All students,999.0,0,320
548,2009,R3,2009,3,Grade 12,MN:MN,RED,12,RRPCM,CA,California,TOTAL,All students,1,All students,999.0,0,320
549,2009,R3,2009,3,Grade 12,SD:SD,RED,12,RRPCM,CA,California,TOTAL,All students,1,All students,999.0,0,320
550,2009,R3,2009,3,Grade 12,MN:MN,RED,12,RRPCM,CO,Colorado,TOTAL,All students,1,All students,999.0,0,320
551,2009,R3,2009,3,Grade 12,SD:SD,RED,12,RRPCM,CO,Colorado,TOTAL,All students,1,All students,999.0,0,320
552,2009,R3,2009,3,Grade 12,MN:MN,RED,12,RRPCM,CT,Connecticut,TOTAL,All students,1,All students,292.35081955664,1,0
553,2009,R3,2009,3,Grade 12,SD:SD,RED,12,RRPCM,CT,Connecticut,TOTAL,All students,1,All students,40.3076074213224,1,0
554,2009,R3,2009,3,Grade 12,MN:MN,RED,12,RRPCM,DC,District of Columbia,TOTAL,All students,1,All students,999.0,0,320
555,2009,R3,2009,3,Grade 12,SD:SD,RED,12,RRPCM,DC,District of Columbia,TOTAL,All students,1,All students,999.0,0,320
556,2009,R3,2009,3,Grade 12,MN:MN,RED,12,RRPCM,DE,Delaware,TOTAL,All students,1,All students,999.0,0,320
557,2009,R3,2009,3,Grade 12,SD:SD,RED,12,RRPCM,DE,Delaware,TOTAL,All students,1,All students,999.0,0,320
558,2009,R3,2009,3,Grade 12,MN:MN,RED,12,RRPCM,FL,Florida,TOTAL,All students,1,All students,282.633483306621,1,0
559,2009,R3,2009,3,Grade 12,SD:SD,RED,12,RRPCM,FL,Florida,TOTAL,All students,1,All students,38.4455915183935,1,0
560,2009,R3,2009,3,Grade 12,MN:MN,RED,12,RRPCM,GA,Georgia,TOTAL,All students,1,All students,999.0,0,320
561,2009,R3,2009,3,Grade 12,SD:SD,RED,12,RRPCM,GA,Georgia,TOTAL,All students,1,All students,999.0,0,320
562,2009,R3,2009,3,Grade 12,MN:MN,RED,12,RRPCM,HI,Hawaii,TOTAL,All students,1,All students,999.0,0,320
563,2009,R3,2009,3,Grade 12,SD:SD,RED,12,RRPCM,HI,Hawaii,TOTAL,All students,1,All students,999.0,0,320
564,2009,R3,2009,3,Grade 12,MN:MN,RED,12,RRPCM,IA,Iowa,TOTAL,All students,1,All students,290.622373899587,1,0
565,2009,R3,2009,3,Grade 12,SD:SD,RED,12,RRPCM,IA,Iowa,TOTAL,All students,1,All students,35.1527533800355,1,0
566,2009,R3,2009,3,Grade 12,MN:MN,RED,12,RRPCM,ID,Idaho,TOTAL,All students,1,All students,290.140991233041,1,0
567,2009,R3,2009,3,Grade 12,SD:SD,RED,12,RRPCM,ID,Idaho,TOTAL,All students,1,All students,35.1929860802099,1,0
568,2009,R3,2009,3,Grade 12,MN:MN,RED,12,RRPCM,IL,Illinois,TOTAL,All students,1,All students,291.519594518036,1,0
569,2009,R3,2009,3,Grade 12,SD:SD,RED,12,RRPCM,IL,Illinois,TOTAL,All students,1,All students,35.67503911169,1,0
570,2009,R3,2009,3,Grade 12,MN:MN,RED,12,RRPCM,IN,Indiana,TOTAL,All students,1,All students,999.0,0,320
571,2009,R3,2009,3,Grade 12,SD:SD,RED,12,RRPCM,IN,Indiana,TOTAL,All students,1,All students,999.0,0,320
572,2009,R3,2009,3,Grade 12,MN:MN,RED,12,RRPCM,KS,Kansas,TOTAL,All students,1,All students,999.0,0,320
573,2009,R3,2009,3,Grade 12,SD:SD,RED,12,RRPCM,KS,Kansas,TOTAL,All students,1,All students,999.0,0,320
574,2009,R3,2009,3,Grade 12,MN:MN,RED,12,RRPCM,KY,Kentucky,TOTAL,All students,1,All students,999.0,0,320
575,2009,R3,2009,3,Grade 12,SD:SD,RED,12,RRPCM,KY,Kentucky,TOTAL,All students,1,All students,999.0,0,320
576,2009,R3,2009,3,Grade 12,MN:MN,RED,12,RRPCM,LA,Louisiana,TOTAL,All students,1,All students,999.0,0,320
577,2009,R3,2009,3,Grade 12,SD:SD,RED,12,RRPCM,LA,Louisiana,TOTAL,All students,1,All students,999.0,0,320
578,2009,R3,2009,3,Grade 12,MN:MN,RED,12,RRPCM,MA,Massachusetts,TOTAL,All students,1,All students,295.457273354851,1,0
579,2009,R3,2009,3,Grade 12,SD:SD,RED,12,RRPCM,MA,Massachusetts,TOTAL,All students,1,All students,37.7806025185231,1,0
580,2009,R3,2009,3,Grade 12,MN:MN,RED,12,RRPCM,MD,Maryland,TOTAL,All students,1,All students,999.0,0,320
581,2009,R3,2009,3,Grade 12,SD:SD,RED,12,RRPCM,MD,Maryland,TOTAL,All students,1,All students,999.0,0,320
582,2009,R3,2009,3,Grade 12,MN:MN,RED,12,RRPCM,ME,Maine,TOTAL,All students,1,All students,999.0,0,320
583,2009,R3,2009,3,Grade 12,SD:SD,RED,12,RRPCM,ME,Maine,TOTAL,All students,1,All students,999.0,0,320
584,2009,R3,2009,3,Grade 12,MN:MN,RED,12,RRPCM,MI,Michigan,TOTAL,All students,1,All students,999.0,0,320
585,2009,R3,2009,3,Grade 12,SD:SD,RED,12,RRPCM,MI,Michigan,TOTAL,All students,1,All students,999.0,0,320
586,2009,R3,2009,3,Grade 12,MN:MN,RED,12,RRPCM,MN,Minnesota,TOTAL,All students,1,All students,999.0,0,320
587,2009,R3,2009,3,Grade 12,SD:SD,RED,12,RRPCM,MN,Minnesota,TOTAL,All students,1,All students,999.0,0,320
588,2009,R3,2009,3,Grade 12,MN:MN,RED,12,RRPCM,MO,Missouri,TOTAL,All students,1,All students,999.0,0,320
589,2009,R3,2009,3,Grade 12,SD:SD,RED,12,RRPCM,MO,Missouri,TOTAL,All students,1,All students,999.0,0,320
590,2009,R3,2009,3,Grade 12,MN:MN,RED,12,RRPCM,MS,Mississippi,TOTAL,All students,1,All students,999.0,0,320
591,2009,R3,2009,3,Grade 12,SD:SD,RED,12,RRPCM,MS,Mississippi,TOTAL,All students,1,All students,999.0,0,320
592,2009,R3,2009,3,Grade 12,MN:MN,RED,12,RRPCM,MT,Montana,TOTAL,All students,1,All students,999.0,0,320
593,2009,R3,2009,3,Grade 12,SD:SD,RED,12,RRPCM,MT,Montana,TOTAL,All students,1,All students,999.0,0,320
594,2009,R3,2009,3,Grade 12,MN:MN,RED,12,RRPCM,NC,North Carolina,TOTAL,All students,1,All students,999.0,0,320
595,2009,R3,2009,3,Grade 12,SD:SD,RED,12,RRPCM,NC,North Carolina,TOTAL,All students,1,All students,999.0,0,320
596,2009,R3,2009,3,Grade 12,MN:MN,RED,12,RRPCM,ND,North Dakota,TOTAL,All students,1,All students,999.0,0,320
597,2009,R3,2009,3,Grade 12,SD:SD,RED,12,RRPCM,ND,North Dakota,TOTAL,All students,1,All students,999.0,0,320
598,2009,R3,2009,3,Grade 12,MN:MN,RED,12,RRPCM,NE,Nebraska,TOTAL,All students,1,All students,999.0,0,320
599,2009,R3,2009,3,Grade 12,SD:SD,RED,12,RRPCM,NE,Nebraska,TOTAL,All students,1,All students,999.0,0,320
600,2009,R3,2009,3,Grade 12,MN:MN,RED,12,RRPCM,NH,New Hampshire,TOTAL,All students,1,All students,292.969506194023,1,0
601,2009,R3,2009,3,Grade 12,SD:SD,RED,12,RRPCM,NH,New Hampshire,TOTAL,All students,1,All students,37.8864482272279,1,0
602,2009,R3,2009,3,Grade 12,MN:MN,RED,12,RRPCM,NJ,New Jersey,TOTAL,All students,1,All students,288.09055125121,1,0
603,2009,R3,2009,3,Grade 12,SD:SD,RED,12,RRPCM,NJ,New Jersey,TOTAL,All students,1,All students,40.2948035750387,1,0
604,2009,R3,2009,3,Grade 12,MN:MN,RED,12,RRPCM,NM,New Mexico,TOTAL,All students,1,All students,999.0,0,320
605,2009,R3,2009,3,Grade 12,SD:SD,RED,12,RRPCM,NM,New Mexico,TOTAL,All students,1,All students,999.0,0,320
606,2009,R3,2009,3,Grade 12,MN:MN,RED,12,RRPCM,NP,National public,TOTAL,All students,1,All students,287.059557111536,1,0
607,2009,R3,2009,3,Grade 12,SD:SD,RED,12,RRPCM,NP,National public,TOTAL,All students,1,All students,38.1993216920342,1,0
608,2009,R3,2009,3,Grade 12,MN:MN,RED,12,RRPCM,NR,National private,TOTAL,All students,1,All students,999.0,0,288
609,2009,R3,2009,3,Grade 12,SD:SD,RED,12,RRPCM,NR,National private,TOTAL,All students,1,All students,999.0,0,288
610,2009,R3,2009,3,Grade 12,MN:MN,RED,12,RRPCM,NT,National,TOTAL,All students,1,All students,288.272066949041,1,0
611,2009,R3,2009,3,Grade 12,SD:SD,RED,12,RRPCM,NT,National,TOTAL,All students,1,All students,38.1639862698934,1,0
612,2009,R3,2009,3,Grade 12,MN:MN,RED,12,RRPCM,NV,Nevada,TOTAL,All students,1,All students,999.0,0,320
613,2009,R3,2009,3,Grade 12,SD:SD,RED,12,RRPCM,NV,Nevada,TOTAL,All students,1,All students,999.0,0,320
614,2009,R3,2009,3,Grade 12,MN:MN,RED,12,RRPCM,NY,New York,TOTAL,All students,1,All students,999.0,0,320
615,2009,R3,2009,3,Grade 12,SD:SD,RED,12,RRPCM,NY,New York,TOTAL,All students,1,All students,999.0,0,320
616,2009,R3,2009,3,Grade 12,MN:MN,RED,12,RRPCM,OH,Ohio,TOTAL,All students,1,All students,999.0,0,320
617,2009,R3,2009,3,Grade 12,SD:SD,RED,12,RRPCM,OH,Ohio,TOTAL,All students,1,All students,999.0,0,320
618,2009,R3,2009,3,Grade 12,MN:MN,RED,12,RRPCM,OK,Oklahoma,TOTAL,All students,1,All students,999.0,0,320
619,2009,R3,2009,3,Grade 12,SD:SD,RED,12,RRPCM,OK,Oklahoma,TOTAL,All students,1,All students,999.0,0,320
620,2009,R3,2009,3,Grade 12,MN:MN,RED,12,RRPCM,OR,Oregon,TOTAL,All students,1,All students,999.0,0,320
621,2009,R3,2009,3,Grade 12,SD:SD,RED,12,RRPCM,OR,Oregon,TOTAL,All students,1,All students,999.0,0,320
622,2009,R3,2009,3,Grade 12,MN:MN,RED,12,RRPCM,PA,Pennsylvania,TOTAL,All students,1,All students,999.0,0,320
623,2009,R3,2009,3,Grade 12,SD:SD,RED,12,RRPCM,PA,Pennsylvania,TOTAL,All students,1,All students,999.0,0,320
624,2009,R3,2009,3,Grade 12,MN:MN,RED,12,RRPCM,RI,Rhode Island,TOTAL,All students,1,All students,999.0,0,320
625,2009,R3,2009,3,Grade 12,SD:SD,RED,12,RRPCM,RI,Rhode Island,TOTAL,All students,1,All students,999.0,0,320
626,2009,R3,2009,3,Grade 12,MN:MN,RED,12,RRPCM,SC,South Carolina,TOTAL,All students,1,All students,999.0,0,320
627,2009,R3,2009,3,Grade 12,SD:SD,RED,12,RRPCM,SC,South Carolina,TOTAL,All students,1,All students,999.0,0,320
628,2009,R3,2009,3,Grade 12,MN:MN,RED,12,RRPCM,SD,South Dakota,TOTAL,All students,1,All students,291.989096174932,1,0
629,2009,R3,2009,3,Grade 12,SD:SD,RED,12,RRPCM,SD,South Dakota,TOTAL,All students,1,All students,30.7333019008861,1,0
630,2009,R3,2009,3,Grade 12,MN:MN,RED,12,RRPCM,TN,Tennessee,TOTAL,All students,1,All students,999.0,0,320
631,2009,R3,2009,3,Grade 12,SD:SD,RED,12,RRPCM,TN,Tennessee,TOTAL,All students,1,All students,999.0,0,320
632,2009,R3,2009,3,Grade 12,MN:MN,RED,12,RRPCM,TX,Texas,TOTAL,All students,1,All students,999.0,0,320
633,2009,R3,2009,3,Grade 12,SD:SD,RED,12,RRPCM,TX,Texas,TOTAL,All students,1,All students,999.0,0,320
634,2009,R3,2009,3,Grade 12,MN:MN,RED,12,RRPCM,UT,Utah,TOTAL,All students,1,All students,999.0,0,320
635,2009,R3,2009,3,Grade 12,SD:SD,RED,12,RRPCM,UT,Utah,TOTAL,All students,1,All students,999.0,0,320
636,2009,R3,2009,3,Grade 12,MN:MN,RED,12,RRPCM,VA,Virginia,TOTAL,All students,1,All students,999.0,0,320
637,2009,R3,2009,3,Grade 12,SD:SD,RED,12,RRPCM,VA,Virginia,TOTAL,All students,1,All students,999.0,0,320
638,2009,R3,2009,3,Grade 12,MN:MN,RED,12,RRPCM,VT,Vermont,TOTAL,All students,1,All students,999.0,0,320
639,2009,R3,2009,3,Grade 12,SD:SD,RED,12,RRPCM,VT,Vermont,TOTAL,All students,1,All students,999.0,0,320
640,2009,R3,2009,3,Grade 12,MN:MN,RED,12,RRPCM,WA,Washington,TOTAL,All students,1,All students,999.0,0,320
641,2009,R3,2009,3,Grade 12,SD:SD,RED,12,RRPCM,WA,Washington,TOTAL,All students,1,All students,999.0,0,320
642,2009,R3,2009,3,Grade 12,MN:MN,RED,12,RRPCM,WI,Wisconsin,TOTAL,All students,1,All students,999.0,0,320
643,2009,R3,2009,3,Grade 12,SD:SD,RED,12,RRPCM,WI,Wisconsin,TOTAL,All students,1,All students,999.0,0,320
644,2009,R3,2009,3,Grade 12,MN:MN,RED,12,RRPCM,WV,West Virginia,TOTAL,All students,1,All students,279.398113231948,1,0
645,2009,R3,2009,3,Grade 12,SD:SD,RED,12,RRPCM,WV,West Virginia,TOTAL,All students,1,All students,38.6443869944807,1,0
646,2009,R3,2009,3,Grade 12,MN:MN,RED,12,RRPCM,WY,Wyoming,TOTAL,All students,1,All students,999.0,0,320
647,2009,R3,2009,3,Grade 12,SD:SD,RED,12,RRPCM,WY,Wyoming,TOTAL,All students,1,All students,999.0,0,320
648,2013,R3,2013,3,Grade 12,MN:MN,RED,12,RRPCM,AK,Alaska,TOTAL,All students,1,All students,999.0,0,320
649,2013,R3,2013,3,Grade 12,SD:SD,RED,12,RRPCM,AK,Alaska,TOTAL,All students,1,All students,999.0,0,320
650,2013,R3,2013,3,Grade 12,MN:MN,RED,12,RRPCM,AL,Alabama,TOTAL,All students,1,All students,999.0,0,320
651,2013,R3,2013,3,Grade 12,SD:SD,RED,12,RRPCM,AL,Alabama,TOTAL,All students,1,All students,999.0,0,320
652,2013,R3,2013,3,Grade 12,MN:MN,RED,12,RRPCM,AR,Arkansas,TOTAL,All students,1,All students,284.556214688128,1,0
653,2013,R3,2013,3,Grade 12,SD:SD,RED,12,RRPCM,AR,Arkansas,TOTAL,All students,1,All students,36.4644672706251,1,0
654,2013,R3,2013,3,Grade 12,MN:MN,RED,12,RRPCM,AZ,Arizona,TOTAL,All students,1,All students,999.0,0,320
655,2013,R3,2013,3,Grade 12,SD:SD,RED,12,RRPCM,AZ,Arizona,TOTAL,All students,1,All students,999.0,0,320
656,2013,R3,2013,3,Grade 12,MN:MN,RED,12,RRPCM,CA,California,TOTAL,All students,1,All students,999.0,0,320
657,2013,R3,2013,3,Grade 12,SD:SD,RED,12,RRPCM,CA,California,TOTAL,All students,1,All students,999.0,0,320
658,2013,R3,2013,3,Grade 12,MN:MN,RED,12,RRPCM,CO,Colorado,TOTAL,All students,1,All students,999.0,0,320
659,2013,R3,2013,3,Grade 12,SD:SD,RED,12,RRPCM,CO,Colorado,TOTAL,All students,1,All students,999.0,0,320
660,2013,R3,2013,3,Grade 12,MN:MN,RED,12,RRPCM,CT,Connecticut,TOTAL,All students,1,All students,298.790162175694,1,0
661,2013,R3,2013,3,Grade 12,SD:SD,RED,12,RRPCM,CT,Connecticut,TOTAL,All students,1,All students,37.069572723639,1,0
662,2013,R3,2013,3,Grade 12,MN:MN,RED,12,RRPCM,DC,District of Columbia,TOTAL,All students,1,All students,999.0,0,320
663,2013,R3,2013,3,Grade 12,SD:SD,RED,12,RRPCM,DC,District of Columbia,TOTAL,All students,1,All students,999.0,0,320
664,2013,R3,2013,3,Grade 12,MN:MN,RED,12,RRPCM,DE,Delaware,TOTAL,All students,1,All students,999.0,0,320
665,2013,R3,2013,3,Grade 12,SD:SD,RED,12,RRPCM,DE,Delaware,TOTAL,All students,1,All students,999.0,0,320
666,2013,R3,2013,3,Grade 12,MN:MN,RED,12,RRPCM,FL,Florida,TOTAL,All students,1,All students,285.755262425793,1,0
667,2013,R3,2013,3,Grade 12,SD:SD,RED,12,RRPCM,FL,Florida,TOTAL,All students,1,All students,39.1694454976268,1,0
668,2013,R3,2013,3,Grade 12,MN:MN,RED,12,RRPCM,GA,Georgia,TOTAL,All students,1,All students,999.0,0,320
669,2013,R3,2013,3,Grade 12,SD:SD,RED,12,RRPCM,GA,Georgia,TOTAL,All students,1,All students,999.0,0,320
670,2013,R3,2013,3,Grade 12,MN:MN,RED,12,RRPCM,HI,Hawaii,TOTAL,All students,1,All students,999.0,0,320
671,2013,R3,2013,3,Grade 12,SD:SD,RED,12,RRPCM,HI,Hawaii,TOTAL,All students,1,All students,999.0,0,320
672,2013,R3,2013,3,Grade 12,MN:MN,RED,12,RRPCM,IA,Iowa,TOTAL,All students,1,All students,291.048428805668,1,0
673,2013,R3,2013,3,Grade 12,SD:SD,RED,12,RRPCM,IA,Iowa,TOTAL,All students,1,All students,34.5157519128957,1,0
674,2013,R3,2013,3,Grade 12,MN:MN,RED,12,RRPCM,ID,Idaho,TOTAL,All students,1,All students,292.491756098175,1,0
675,2013,R3,2013,3,Grade 12,SD:SD,RED,12,RRPCM,ID,Idaho,TOTAL,All students,1,All students,34.1464704315959,1,0
676,2013,R3,2013,3,Grade 12,MN:MN,RED,12,RRPCM,IL,Illinois,TOTAL,All students,1,All students,289.215905443209,1,0
677,2013,R3,2013,3,Grade 12,SD:SD,RED,12,RRPCM,IL,Illinois,TOTAL,All students,1,All students,36.9170197342354,1,0
678,2013,R3,2013,3,Grade 12,MN:MN,RED,12,RRPCM,IN,Indiana,TOTAL,All students,1,All students,999.0,0,320
679,2013,R3,2013,3,Grade 12,SD:SD,RED,12,RRPCM,IN,Indiana,TOTAL,All students,1,All students,999.0,0,320
680,2013,R3,2013,3,Grade 12,MN:MN,RED,12,RRPCM,KS,Kansas,TOTAL,All students,1,All students,999.0,0,320
681,2013,R3,2013,3,Grade 12,SD:SD,RED,12,RRPCM,KS,Kansas,TOTAL,All students,1,All students,999.0,0,320
682,2013,R3,2013,3,Grade 12,MN:MN,RED,12,RRPCM,KY,Kentucky,TOTAL,All students,1,All students,999.0,0,320
683,2013,R3,2013,3,Grade 12,SD:SD,RED,12,RRPCM,KY,Kentucky,TOTAL,All students,1,All students,999.0,0,320
684,2013,R3,2013,3,Grade 12,MN:MN,RED,12,RRPCM,LA,Louisiana,TOTAL,All students,1,All students,999.0,0,320
685,2013,R3,2013,3,Grade 12,SD:SD,RED,12,RRPCM,LA,Louisiana,TOTAL,All students,1,All students,999.0,0,320
686,2013,R3,2013,3,Grade 12,MN:MN,RED,12,RRPCM,MA,Massachusetts,TOTAL,All students,1,All students,292.836349820324,1,0
687,2013,R3,2013,3,Grade 12,SD:SD,RED,12,RRPCM,MA,Massachusetts,TOTAL,All students,1,All students,39.8887319074437,1,0
688,2013,R3,2013,3,Grade 12,MN:MN,RED,12,RRPCM,MD,Maryland,TOTAL,All students,1,All students,999.0,0,320
689,2013,R3,2013,3,Grade 12,SD:SD,RED,12,RRPCM,MD,Maryland,TOTAL,All students,1,All students,999.0,0,320
690,2013,R3,2013,3,Grade 12,MN:MN,RED,12,RRPCM,ME,Maine,TOTAL,All students,1,All students,999.0,0,320
691,2013,R3,2013,3,Grade 12,SD:SD,RED,12,RRPCM,ME,Maine,TOTAL,All students,1,All students,999.0,0,320
692,2013,R3,2013,3,Grade 12,MN:MN,RED,12,RRPCM,MI,Michigan,TOTAL,All students,1,All students,288.183290561508,1,0
693,2013,R3,2013,3,Grade 12,SD:SD,RED,12,RRPCM,MI,Michigan,TOTAL,All students,1,All students,37.4934548213825,1,0
694,2013,R3,2013,3,Grade 12,MN:MN,RED,12,RRPCM,MN,Minnesota,TOTAL,All students,1,All students,999.0,0,320
695,2013,R3,2013,3,Grade 12,SD:SD,RED,12,RRPCM,MN,Minnesota,TOTAL,All students,1,All students,999.0,0,320
696,2013,R3,2013,3,Grade 12,MN:MN,RED,12,RRPCM,MO,Missouri,TOTAL,All students,1,All students,999.0,0,320
697,2013,R3,2013,3,Grade 12,SD:SD,RED,12,RRPCM,MO,Missouri,TOTAL,All students,1,All students,999.0,0,320
698,2013,R3,2013,3,Grade 12,MN:MN,RED,12,RRPCM,MS,Mississippi,TOTAL,All students,1,All students,999.0,0,320
699,2013,R3,2013,3,Grade 12,SD:SD,RED,12,RRPCM,MS,Mississippi,TOTAL,All students,1,All students,999.0,0,320
700,2013,R3,2013,3,Grade 12,MN:MN,RED,12,RRPCM,MT,Montana,TOTAL,All students,1,All students,999.0,0,320
701,2013,R3,2013,3,Grade 12,SD:SD,RED,12,RRPCM,MT,Montana,TOTAL,All students,1,All students,999.0,0,320
702,2013,R3,2013,3,Grade 12,MN:MN,RED,12,RRPCM,NC,North Carolina,TOTAL,All students,1,All students,999.0,0,320
703,2013,R3,2013,3,Grade 12,SD:SD,RED,12,RRPCM,NC,North Carolina,TOTAL,All students,1,All students,999.0,0,320
704,2013,R3,2013,3,Grade 12,MN:MN,RED,12,RRPCM,ND,North Dakota,TOTAL,All students,1,All students,999.0,0,320
705,2013,R3,2013,3,Grade 12,SD:SD,RED,12,RRPCM,ND,North Dakota,TOTAL,All students,1,All students,999.0,0,320
706,2013,R3,2013,3,Grade 12,MN:MN,RED,12,RRPCM,NE,Nebraska,TOTAL,All students,1,All students,999.0,0,320
707,2013,R3,2013,3,Grade 12,SD:SD,RED,12,RRPCM,NE,Nebraska,TOTAL,All students,1,All students,999.0,0,320
708,2013,R3,2013,3,Grade 12,MN:MN,RED,12,RRPCM,NH,New Hampshire,TOTAL,All students,1,All students,294.929677610896,1,0
709,2013,R3,2013,3,Grade 12,SD:SD,RED,12,RRPCM,NH,New Hampshire,TOTAL,All students,1,All students,36.3118818505253,1,0
710,2013,R3,2013,3,Grade 12,MN:MN,RED,12,RRPCM,NJ,New Jersey,TOTAL,All students,1,All students,291.780074218589,1,0
711,2013,R3,2013,3,Grade 12,SD:SD,RED,12,RRPCM,NJ,New Jersey,TOTAL,All students,1,All students,36.4829386423717,1,0
712,2013,R3,2013,3,Grade 12,MN:MN,RED,12,RRPCM,NM,New Mexico,TOTAL,All students,1,All students,999.0,0,320
713,2013,R3,2013,3,Grade 12,SD:SD,RED,12,RRPCM,NM,New Mexico,TOTAL,All students,1,All students,999.0,0,320
714,2013,R3,2013,3,Grade 12,MN:MN,RED,12,RRPCM,NP,National public,TOTAL,All students,1,All students,287.058770541022,1,0
715,2013,R3,2013,3,Grade 12,SD:SD,RED,12,RRPCM,NP,National public,TOTAL,All students,1,All students,37.8559604652645,1,0
716,2013,R3,2013,3,Grade 12,MN:MN,RED,12,RRPCM,NR,National private,TOTAL,All students,1,All students,999.0,0,288
717,2013,R3,2013,3,Grade 12,SD:SD,RED,12,RRPCM,NR,National private,TOTAL,All students,1,All students,999.0,0,288
718,2013,R3,2013,3,Grade 12,MN:MN,RED,12,RRPCM,NT,National,TOTAL,All students,1,All students,288.431204963624,1,0
719,2013,R3,2013,3,Grade 12,SD:SD,RED,12,RRPCM,NT,National,TOTAL,All students,1,All students,37.8368745214556,1,0
720,2013,R3,2013,3,Grade 12,MN:MN,RED,12,RRPCM,NV,Nevada,TOTAL,All students,1,All students,999.0,0,320
721,2013,R3,2013,3,Grade 12,SD:SD,RED,12,RRPCM,NV,Nevada,TOTAL,All students,1,All students,999.0,0,320
722,2013,R3,2013,3,Grade 12,MN:MN,RED,12,RRPCM,NY,New York,TOTAL,All students,1,All students,999.0,0,320
723,2013,R3,2013,3,Grade 12,SD:SD,RED,12,RRPCM,NY,New York,TOTAL,All students,1,All students,999.0,0,320
724,2013,R3,2013,3,Grade 12,MN:MN,RED,12,RRPCM,OH,Ohio,TOTAL,All students,1,All students,999.0,0,320
725,2013,R3,2013,3,Grade 12,SD:SD,RED,12,RRPCM,OH,Ohio,TOTAL,All students,1,All students,999.0,0,320
726,2013,R3,2013,3,Grade 12,MN:MN,RED,12,RRPCM,OK,Oklahoma,TOTAL,All students,1,All students,999.0,0,320
727,2013,R3,2013,3,Grade 12,SD:SD,RED,12,RRPCM,OK,Oklahoma,TOTAL,All students,1,All students,999.0,0,320
728,2013,R3,2013,3,Grade 12,MN:MN,RED,12,RRPCM,OR,Oregon,TOTAL,All students,1,All students,999.0,0,320
729,2013,R3,2013,3,Grade 12,SD:SD,RED,12,RRPCM,OR,Oregon,TOTAL,All students,1,All students,999.0,0,320
730,2013,R3,2013,3,Grade 12,MN:MN,RED,12,RRPCM,PA,Pennsylvania,TOTAL,All students,1,All students,999.0,0,320
731,2013,R3,2013,3,Grade 12,SD:SD,RED,12,RRPCM,PA,Pennsylvania,TOTAL,All students,1,All students,999.0,0,320
732,2013,R3,2013,3,Grade 12,MN:MN,RED,12,RRPCM,RI,Rhode Island,TOTAL,All students,1,All students,999.0,0,320
733,2013,R3,2013,3,Grade 12,SD:SD,RED,12,RRPCM,RI,Rhode Island,TOTAL,All students,1,All students,999.0,0,320
734,2013,R3,2013,3,Grade 12,MN:MN,RED,12,RRPCM,SC,South Carolina,TOTAL,All students,1,All students,999.0,0,320
735,2013,R3,2013,3,Grade 12,SD:SD,RED,12,RRPCM,SC,South Carolina,TOTAL,All students,1,All students,999.0,0,320
736,2013,R3,2013,3,Grade 12,MN:MN,RED,12,RRPCM,SD,South Dakota,TOTAL,All students,1,All students,291.911305677135,1,0
737,2013,R3,2013,3,Grade 12,SD:SD,RED,12,RRPCM,SD,South Dakota,TOTAL,All students,1,All students,31.6556410824512,1,0
738,2013,R3,2013,3,Grade 12,MN:MN,RED,12,RRPCM,TN,Tennessee,TOTAL,All students,1,All students,282.410555924299,1,0
739,2013,R3,2013,3,Grade 12,SD:SD,RED,12,RRPCM,TN,Tennessee,TOTAL,All students,1,All students,36.6142049146618,1,0
740,2013,R3,2013,3,Grade 12,MN:MN,RED,12,RRPCM,TX,Texas,TOTAL,All students,1,All students,999.0,0,320
741,2013,R3,2013,3,Grade 12,SD:SD,RED,12,RRPCM,TX,Texas,TOTAL,All students,1,All students,999.0,0,320
742,2013,R3,2013,3,Grade 12,MN:MN,RED,12,RRPCM,UT,Utah,TOTAL,All students,1,All students,999.0,0,320
743,2013,R3,2013,3,Grade 12,SD:SD,RED,12,RRPCM,UT,Utah,TOTAL,All students,1,All students,999.0,0,320
744,2013,R3,2013,3,Grade 12,MN:MN,RED,12,RRPCM,VA,Virginia,TOTAL,All students,1,All students,999.0,0,320
745,2013,R3,2013,3,Grade 12,SD:SD,RED,12,RRPCM,VA,Virginia,TOTAL,All students,1,All students,999.0,0,320
746,2013,R3,2013,3,Grade 12,MN:MN,RED,12,RRPCM,VT,Vermont,TOTAL,All students,1,All students,999.0,0,320
747,2013,R3,2013,3,Grade 12,SD:SD,RED,12,RRPCM,VT,Vermont,TOTAL,All students,1,All students,999.0,0,320
748,2013,R3,2013,3,Grade 12,MN:MN,RED,12,RRPCM,WA,Washington,TOTAL,All students,1,All students,999.0,0,320
749,2013,R3,2013,3,Grade 12,SD:SD,RED,12,RRPCM,WA,Washington,TOTAL,All students,1,All students,999.0,0,320
750,2013,R3,2013,3,Grade 12,MN:MN,RED,12,RRPCM,WI,Wisconsin,TOTAL,All students,1,All students,999.0,0,320
751,2013,R3,2013,3,Grade 12,SD:SD,RED,12,RRPCM,WI,Wisconsin,TOTAL,All students,1,All students,999.0,0,320
752,2013,R3,2013,3,Grade 12,MN:MN,RED,12,RRPCM,WV,West Virginia,TOTAL,All students,1,All students,280.214973053464,1,0
753,2013,R3,2013,3,Grade 12,SD:SD,RED,12,RRPCM,WV,West Virginia,TOTAL,All students,1,All students,36.049127917681,1,0
754,2013,R3,2013,3,Grade 12,MN:MN,RED,12,RRPCM,WY,Wyoming,TOTAL,All students,1,All students,999.0,0,320
755,2013,R3,2013,3,Grade 12,SD:SD,RED,12,RRPCM,WY,Wyoming,TOTAL,All students,1,All students,999.0,0,320
756,2015,R3,2015,3,Grade 12,MN:MN,RED,12,RRPCM,AK,Alaska,TOTAL,All students,1,All students,999.0,0,320
757,2015,R3,2015,3,Grade 12,SD:SD,RED,12,RRPCM,AK,Alaska,TOTAL,All students,1,All students,999.0,0,320
758,2015,R3,2015,3,Grade 12,MN:MN,RED,12,RRPCM,AL,Alabama,TOTAL,All students,1,All students,999.0,0,320
759,2015,R3,2015,3,Grade 12,SD:SD,RED,12,RRPCM,AL,Alabama,TOTAL,All students,1,All students,999.0,0,320
760,2015,R3,2015,3,Grade 12,MN:MN,RED,12,RRPCM,AR,Arkansas,TOTAL,All students,1,All students,999.0,0,320
761,2015,R3,2015,3,Grade 12,SD:SD,RED,12,RRPCM,AR,Arkansas,TOTAL,All students,1,All students,999.0,0,320
762,2015,R3,2015,3,Grade 12,MN:MN,RED,12,RRPCM,AZ,Arizona,TOTAL,All students,1,All students,999.0,0,320
763,2015,R3,2015,3,Grade 12,SD:SD,RED,12,RRPCM,AZ,Arizona,TOTAL,All students,1,All students,999.0,0,320
764,2015,R3,2015,3,Grade 12,MN:MN,RED,12,RRPCM,CA,California,TOTAL,All students,1,All students,999.0,0,320
765,2015,R3,2015,3,Grade 12,SD:SD,RED,12,RRPCM,CA,California,TOTAL,All students,1,All students,999.0,0,320
766,2015,R3,2015,3,Grade 12,MN:MN,RED,12,RRPCM,CO,Colorado,TOTAL,All students,1,All students,999.0,0,320
767,2015,R3,2015,3,Grade 12,SD:SD,RED,12,RRPCM,CO,Colorado,TOTAL,All students,1,All students,999.0,0,320
768,2015,R3,2015,3,Grade 12,MN:MN,RED,12,RRPCM,CT,Connecticut,TOTAL,All students,1,All students,999.0,0,320
769,2015,R3,2015,3,Grade 12,SD:SD,RED,12,RRPCM,CT,Connecticut,TOTAL,All students,1,All students,999.0,0,320
770,2015,R3,2015,3,Grade 12,MN:MN,RED,12,RRPCM,DC,District of Columbia,TOTAL,All students,1,All students,999.0,0,320
771,2015,R3,2015,3,Grade 12,SD:SD,RED,12,RRPCM,DC,District of Columbia,TOTAL,All students,1,All students,999.0,0,320
772,2015,R3,2015,3,Grade 12,MN:MN,RED,12,RRPCM,DE,Delaware,TOTAL,All students,1,All students,999.0,0,320
773,2015,R3,2015,3,Grade 12,SD:SD,RED,12,RRPCM,DE,Delaware,TOTAL,All students,1,All students,999.0,0,320
774,2015,R3,2015,3,Grade 12,MN:MN,RED,12,RRPCM,FL,Florida,TOTAL,All students,1,All students,999.0,0,320
775,2015,R3,2015,3,Grade 12,SD:SD,RED,12,RRPCM,FL,Florida,TOTAL,All students,1,All students,999.0,0,320
776,2015,R3,2015,3,Grade 12,MN:MN,RED,12,RRPCM,GA,Georgia,TOTAL,All students,1,All students,999.0,0,320
777,2015,R3,2015,3,Grade 12,SD:SD,RED,12,RRPCM,GA,Georgia,TOTAL,All students,1,All students,999.0,0,320
778,2015,R3,2015,3,Grade 12,MN:MN,RED,12,RRPCM,HI,Hawaii,TOTAL,All students,1,All students,999.0,0,320
779,2015,R3,2015,3,Grade 12,SD:SD,RED,12,RRPCM,HI,Hawaii,TOTAL,All students,1,All students,999.0,0,320
780,2015,R3,2015,3,Grade 12,MN:MN,RED,12,RRPCM,IA,Iowa,TOTAL,All students,1,All students,999.0,0,320
781,2015,R3,2015,3,Grade 12,SD:SD,RED,12,RRPCM,IA,Iowa,TOTAL,All students,1,All students,999.0,0,320
782,2015,R3,2015,3,Grade 12,MN:MN,RED,12,RRPCM,ID,Idaho,TOTAL,All students,1,All students,999.0,0,320
783,2015,R3,2015,3,Grade 12,SD:SD,RED,12,RRPCM,ID,Idaho,TOTAL,All students,1,All students,999.0,0,320
784,2015,R3,2015,3,Grade 12,MN:MN,RED,12,RRPCM,IL,Illinois,TOTAL,All students,1,All students,999.0,0,320
785,2015,R3,2015,3,Grade 12,SD:SD,RED,12,RRPCM,IL,Illinois,TOTAL,All students,1,All students,999.0,0,320
786,2015,R3,2015,3,Grade 12,MN:MN,RED,12,RRPCM,IN,Indiana,TOTAL,All students,1,All students,999.0,0,320
787,2015,R3,2015,3,Grade 12,SD:SD,RED,12,RRPCM,IN,Indiana,TOTAL,All students,1,All students,999.0,0,320
788,2015,R3,2015,3,Grade 12,MN:MN,RED,12,RRPCM,KS,Kansas,TOTAL,All students,1,All students,999.0,0,320
789,2015,R3,2015,3,Grade 12,SD:SD,RED,12,RRPCM,KS,Kansas,TOTAL,All students,1,All students,999.0,0,320
790,2015,R3,2015,3,Grade 12,MN:MN,RED,12,RRPCM,KY,Kentucky,TOTAL,All students,1,All students,999.0,0,320
791,2015,R3,2015,3,Grade 12,SD:SD,RED,12,RRPCM,KY,Kentucky,TOTAL,All students,1,All students,999.0,0,320
792,2015,R3,2015,3,Grade 12,MN:MN,RED,12,RRPCM,LA,Louisiana,TOTAL,All students,1,All students,999.0,0,320
793,2015,R3,2015,3,Grade 12,SD:SD,RED,12,RRPCM,LA,Louisiana,TOTAL,All students,1,All students,999.0,0,320
794,2015,R3,2015,3,Grade 12,MN:MN,RED,12,RRPCM,MA,Massachusetts,TOTAL,All students,1,All students,999.0,0,320
795,2015,R3,2015,3,Grade 12,SD:SD,RED,12,RRPCM,MA,Massachusetts,TOTAL,All students,1,All students,999.0,0,320
796,2015,R3,2015,3,Grade 12,MN:MN,RED,12,RRPCM,MD,Maryland,TOTAL,All students,1,All students,999.0,0,320
797,2015,R3,2015,3,Grade 12,SD:SD,RED,12,RRPCM,MD,Maryland,TOTAL,All students,1,All students,999.0,0,320
798,2015,R3,2015,3,Grade 12,MN:MN,RED,12,RRPCM,ME,Maine,TOTAL,All students,1,All students,999.0,0,320
799,2015,R3,2015,3,Grade 12,SD:SD,RED,12,RRPCM,ME,Maine,TOTAL,All students,1,All students,999.0,0,320
800,2015,R3,2015,3,Grade 12,MN:MN,RED,12,RRPCM,MI,Michigan,TOTAL,All students,1,All students,999.0,0,320
801,2015,R3,2015,3,Grade 12,SD:SD,RED,12,RRPCM,MI,Michigan,TOTAL,All students,1,All students,999.0,0,320
802,2015,R3,2015,3,Grade 12,MN:MN,RED,12,RRPCM,MN,Minnesota,TOTAL,All students,1,All students,999.0,0,320
803,2015,R3,2015,3,Grade 12,SD:SD,RED,12,RRPCM,MN,Minnesota,TOTAL,All students,1,All students,999.0,0,320
804,2015,R3,2015,3,Grade 12,MN:MN,RED,12,RRPCM,MO,Missouri,TOTAL,All students,1,All students,999.0,0,320
805,2015,R3,2015,3,Grade 12,SD:SD,RED,12,RRPCM,MO,Missouri,TOTAL,All students,1,All students,999.0,0,320
806,2015,R3,2015,3,Grade 12,MN:MN,RED,12,RRPCM,MS,Mississippi,TOTAL,All students,1,All students,999.0,0,320
807,2015,R3,2015,3,Grade 12,SD:SD,RED,12,RRPCM,MS,Mississippi,TOTAL,All students,1,All students,999.0,0,320
808,2015,R3,2015,3,Grade 12,MN:MN,RED,12,RRPCM,MT,Montana,TOTAL,All students,1,All students,999.0,0,320
809,2015,R3,2015,3,Grade 12,SD:SD,RED,12,RRPCM,MT,Montana,TOTAL,All students,1,All students,999.0,0,320
810,2015,R3,2015,3,Grade 12,MN:MN,RED,12,RRPCM,NC,North Carolina,TOTAL,All students,1,All students,999.0,0,320
811,2015,R3,2015,3,Grade 12,SD:SD,RED,12,RRPCM,NC,North Carolina,TOTAL,All students,1,All students,999.0,0,320
812,2015,R3,2015,3,Grade 12,MN:MN,RED,12,RRPCM,ND,North Dakota,TOTAL,All students,1,All students,999.0,0,320
813,2015,R3,2015,3,Grade 12,SD:SD,RED,12,RRPCM,ND,North Dakota,TOTAL,All students,1,All students,999.0,0,320
814,2015,R3,2015,3,Grade 12,MN:MN,RED,12,RRPCM,NE,Nebraska,TOTAL,All students,1,All students,999.0,0,320
815,2015,R3,2015,3,Grade 12,SD:SD,RED,12,RRPCM,NE,Nebraska,TOTAL,All students,1,All students,999.0,0,320
816,2015,R3,2015,3,Grade 12,MN:MN,RED,12,RRPCM,NH,New Hampshire,TOTAL,All students,1,All students,999.0,0,320
817,2015,R3,2015,3,Grade 12,SD:SD,RED,12,RRPCM,NH,New Hampshire,TOTAL,All students,1,All students,999.0,0,320
818,2015,R3,2015,3,Grade 12,MN:MN,RED,12,RRPCM,NJ,New Jersey,TOTAL,All students,1,All students,999.0,0,320
819,2015,R3,2015,3,Grade 12,SD:SD,RED,12,RRPCM,NJ,New Jersey,TOTAL,All students,1,All students,999.0,0,320
820,2015,R3,2015,3,Grade 12,MN:MN,RED,12,RRPCM,NM,New Mexico,TOTAL,All students,1,All students,999.0,0,320
821,2015,R3,2015,3,Grade 12,SD:SD,RED,12,RRPCM,NM,New Mexico,TOTAL,All students,1,All students,999.0,0,320
822,2015,R3,2015,3,Grade 12,MN:MN,RED,12,RRPCM,NP,National public,TOTAL,All students,1,All students,285.379476073674,1,0
823,2015,R3,2015,3,Grade 12,SD:SD,RED,12,RRPCM,NP,National public,TOTAL,All students,1,All students,40.264208245979,1,0
824,2015,R3,2015,3,Grade 12,MN:MN,RED,12,RRPCM,NR,National private,TOTAL,All students,1,All students,999.0,0,288
825,2015,R3,2015,3,Grade 12,SD:SD,RED,12,RRPCM,NR,National private,TOTAL,All students,1,All students,999.0,0,288
826,2015,R3,2015,3,Grade 12,MN:MN,RED,12,RRPCM,NT,National,TOTAL,All students,1,All students,287.030793987685,1,0
827,2015,R3,2015,3,Grade 12,SD:SD,RED,12,RRPCM,NT,National,TOTAL,All students,1,All students,40.5699751470924,1,0
828,2015,R3,2015,3,Grade 12,MN:MN,RED,12,RRPCM,NV,Nevada,TOTAL,All students,1,All students,999.0,0,320
829,2015,R3,2015,3,Grade 12,SD:SD,RED,12,RRPCM,NV,Nevada,TOTAL,All students,1,All students,999.0,0,320
830,2015,R3,2015,3,Grade 12,MN:MN,RED,12,RRPCM,NY,New York,TOTAL,All students,1,All students,999.0,0,320
831,2015,R3,2015,3,Grade 12,SD:SD,RED,12,RRPCM,NY,New York,TOTAL,All students,1,All students,999.0,0,320
832,2015,R3,2015,3,Grade 12,MN:MN,RED,12,RRPCM,OH,Ohio,TOTAL,All students,1,All students,999.0,0,320
833,2015,R3,2015,3,Grade 12,SD:SD,RED,12,RRPCM,OH,Ohio,TOTAL,All students,1,All students,999.0,0,320
834,2015,R3,2015,3,Grade 12,MN:MN,RED,12,RRPCM,OK,Oklahoma,TOTAL,All students,1,All students,999.0,0,320
835,2015,R3,2015,3,Grade 12,SD:SD,RED,12,RRPCM,OK,Oklahoma,TOTAL,All students,1,All students,999.0,0,320
836,2015,R3,2015,3,Grade 12,MN:MN,RED,12,RRPCM,OR,Oregon,TOTAL,All students,1,All students,999.0,0,320
837,2015,R3,2015,3,Grade 12,SD:SD,RED,12,RRPCM,OR,Oregon,TOTAL,All students,1,All students,999.0,0,320
838,2015,R3,2015,3,Grade 12,MN:MN,RED,12,RRPCM,PA,Pennsylvania,TOTAL,All students,1,All students,999.0,0,320
839,2015,R3,2015,3,Grade 12,SD:SD,RED,12,RRPCM,PA,Pennsylvania,TOTAL,All students,1,All students,999.0,0,320
840,2015,R3,2015,3,Grade 12,MN:MN,RED,12,RRPCM,RI,Rhode Island,TOTAL,All students,1,All students,999.0,0,320
841,2015,R3,2015,3,Grade 12,SD:SD,RED,12,RRPCM,RI,Rhode Island,TOTAL,All students,1,All students,999.0,0,320
842,2015,R3,2015,3,Grade 12,MN:MN,RED,12,RRPCM,SC,South Carolina,TOTAL,All students,1,All students,999.0,0,320
843,2015,R3,2015,3,Grade 12,SD:SD,RED,12,RRPCM,SC,South Carolina,TOTAL,All students,1,All students,999.0,0,320
844,2015,R3,2015,3,Grade 12,MN:MN,RED,12,RRPCM,SD,South Dakota,TOTAL,All students,1,All students,999.0,0,320
845,2015,R3,2015,3,Grade 12,SD:SD,RED,12,RRPCM,SD,South Dakota,TOTAL,All students,1,All students,999.0,0,320
846,2015,R3,2015,3,Grade 12,MN:MN,RED,12,RRPCM,TN,Tennessee,TOTAL,All students,1,All students,999.0,0,320
847,2015,R3,2015,3,Grade 12,SD:SD,RED,12,RRPCM,TN,Tennessee,TOTAL,All students,1,All students,999.0,0,320
848,2015,R3,2015,3,Grade 12,MN:MN,RED,12,RRPCM,TX,Texas,TOTAL,All students,1,All students,999.0,0,320
849,2015,R3,2015,3,Grade 12,SD:SD,RED,12,RRPCM,TX,Texas,TOTAL,All students,1,All students,999.0,0,320
850,2015,R3,2015,3,Grade 12,MN:MN,RED,12,RRPCM,UT,Utah,TOTAL,All students,1,All students,999.0,0,320
851,2015,R3,2015,3,Grade 12,SD:SD,RED,12,RRPCM,UT,Utah,TOTAL,All students,1,All students,999.0,0,320
852,2015,R3,2015,3,Grade 12,MN:MN,RED,12,RRPCM,VA,Virginia,TOTAL,All students,1,All students,999.0,0,320
853,2015,R3,2015,3,Grade 12,SD:SD,RED,12,RRPCM,VA,Virginia,TOTAL,All students,1,All students,999.0,0,320
854,2015,R3,2015,3,Grade 12,MN:MN,RED,12,RRPCM,VT,Vermont,TOTAL,All students,1,All students,999.0,0,320
855,2015,R3,2015,3,Grade 12,SD:SD,RED,12,RRPCM,VT,Vermont,TOTAL,All students,1,All students,999.0,0,320
856,2015,R3,2015,3,Grade 12,MN:MN,RED,12,RRPCM,WA,Washington,TOTAL,All students,1,All students,999.0,0,320
857,2015,R3,2015,3,Grade 12,SD:SD,RED,12,RRPCM,WA,Washington,TOTAL,All students,1,All students,999.0,0,320
858,2015,R3,2015,3,Grade 12,MN:MN,RED,12,RRPCM,WI,Wisconsin,TOTAL,All students,1,All students,999.0,0,320
859,2015,R3,2015,3,Grade 12,SD:SD,RED,12,RRPCM,WI,Wisconsin,TOTAL,All students,1,All students,999.0,0,320
860,2015,R3,2015,3,Grade 12,MN:MN,RED,12,RRPCM,WV,West Virginia,TOTAL,All students,1,All students,999.0,0,320
861,2015,R3,2015,3,Grade 12,SD:SD,RED,12,RRPCM,WV,West Virginia,TOTAL,All students,1,All students,999.0,0,320
862,2015,R3,2015,3,Grade 12,MN:MN,RED,12,RRPCM,WY,Wyoming,TOTAL,All students,1,All students,999.0,0,320
863,2015,R3,2015,3,Grade 12,SD:SD,RED,12,RRPCM,WY,Wyoming,TOTAL,All students,1,All students,999.0,0,320
864,2019,R3,2019,3,Grade 12,MN:MN,RED,12,RRPCM,AK,Alaska,TOTAL,All students,1,All students,999.0,0,320
865,2019,R3,2019,3,Grade 12,SD:SD,RED,12,RRPCM,AK,Alaska,TOTAL,All students,1,All students,999.0,0,320
866,2019,R3,2019,3,Grade 12,MN:MN,RED,12,RRPCM,AL,Alabama,TOTAL,All students,1,All students,999.0,0,320
867,2019,R3,2019,3,Grade 12,SD:SD,RED,12,RRPCM,AL,Alabama,TOTAL,All students,1,All students,999.0,0,320
868,2019,R3,2019,3,Grade 12,MN:MN,RED,12,RRPCM,AR,Arkansas,TOTAL,All students,1,All students,999.0,0,320
869,2019,R3,2019,3,Grade 12,SD:SD,RED,12,RRPCM,AR,Arkansas,TOTAL,All students,1,All students,999.0,0,320
870,2019,R3,2019,3,Grade 12,MN:MN,RED,12,RRPCM,AZ,Arizona,TOTAL,All students,1,All students,999.0,0,320
871,2019,R3,2019,3,Grade 12,SD:SD,RED,12,RRPCM,AZ,Arizona,TOTAL,All students,1,All students,999.0,0,320
872,2019,R3,2019,3,Grade 12,MN:MN,RED,12,RRPCM,CA,California,TOTAL,All students,1,All students,999.0,0,320
873,2019,R3,2019,3,Grade 12,SD:SD,RED,12,RRPCM,CA,California,TOTAL,All students,1,All students,999.0,0,320
874,2019,R3,2019,3,Grade 12,MN:MN,RED,12,RRPCM,CO,Colorado,TOTAL,All students,1,All students,999.0,0,320
875,2019,R3,2019,3,Grade 12,SD:SD,RED,12,RRPCM,CO,Colorado,TOTAL,All students,1,All students,999.0,0,320
876,2019,R3,2019,3,Grade 12,MN:MN,RED,12,RRPCM,CT,Connecticut,TOTAL,All students,1,All students,999.0,0,320
877,2019,R3,2019,3,Grade 12,SD:SD,RED,12,RRPCM,CT,Connecticut,TOTAL,All students,1,All students,999.0,0,320
878,2019,R3,2019,3,Grade 12,MN:MN,RED,12,RRPCM,DC,District of Columbia,TOTAL,All students,1,All students,999.0,0,320
879,2019,R3,2019,3,Grade 12,SD:SD,RED,12,RRPCM,DC,District of Columbia,TOTAL,All students,1,All students,999.0,0,320
880,2019,R3,2019,3,Grade 12,MN:MN,RED,12,RRPCM,DE,Delaware,TOTAL,All students,1,All students,999.0,0,320
881,2019,R3,2019,3,Grade 12,SD:SD,RED,12,RRPCM,DE,Delaware,TOTAL,All students,1,All students,999.0,0,320
882,2019,R3,2019,3,Grade 12,MN:MN,RED,12,RRPCM,FL,Florida,TOTAL,All students,1,All students,999.0,0,320
883,2019,R3,2019,3,Grade 12,SD:SD,RED,12,RRPCM,FL,Florida,TOTAL,All students,1,All students,999.0,0,320
884,2019,R3,2019,3,Grade 12,MN:MN,RED,12,RRPCM,GA,Georgia,TOTAL,All students,1,All students,999.0,0,320
885,2019,R3,2019,3,Grade 12,SD:SD,RED,12,RRPCM,GA,Georgia,TOTAL,All students,1,All students,999.0,0,320
886,2019,R3,2019,3,Grade 12,MN:MN,RED,12,RRPCM,HI,Hawaii,TOTAL,All students,1,All students,999.0,0,320
887,2019,R3,2019,3,Grade 12,SD:SD,RED,12,RRPCM,HI,Hawaii,TOTAL,All students,1,All students,999.0,0,320
888,2019,R3,2019,3,Grade 12,MN:MN,RED,12,RRPCM,IA,Iowa,TOTAL,All students,1,All students,999.0,0,320
889,2019,R3,2019,3,Grade 12,SD:SD,RED,12,RRPCM,IA,Iowa,TOTAL,All students,1,All students,999.0,0,320
890,2019,R3,2019,3,Grade 12,MN:MN,RED,12,RRPCM,ID,Idaho,TOTAL,All students,1,All students,999.0,0,320
891,2019,R3,2019,3,Grade 12,SD:SD,RED,12,RRPCM,ID,Idaho,TOTAL,All students,1,All students,999.0,0,320
892,2019,R3,2019,3,Grade 12,MN:MN,RED,12,RRPCM,IL,Illinois,TOTAL,All students,1,All students,999.0,0,320
893,2019,R3,2019,3,Grade 12,SD:SD,RED,12,RRPCM,IL,Illinois,TOTAL,All students,1,All students,999.0,0,320
894,2019,R3,2019,3,Grade 12,MN:MN,RED,12,RRPCM,IN,Indiana,TOTAL,All students,1,All students,999.0,0,320
895,2019,R3,2019,3,Grade 12,SD:SD,RED,12,RRPCM,IN,Indiana,TOTAL,All students,1,All students,999.0,0,320
896,2019,R3,2019,3,Grade 12,MN:MN,RED,12,RRPCM,KS,Kansas,TOTAL,All students,1,All students,999.0,0,320
897,2019,R3,2019,3,Grade 12,SD:SD,RED,12,RRPCM,KS,Kansas,TOTAL,All students,1,All students,999.0,0,320
898,2019,R3,2019,3,Grade 12,MN:MN,RED,12,RRPCM,KY,Kentucky,TOTAL,All students,1,All students,999.0,0,320
899,2019,R3,2019,3,Grade 12,SD:SD,RED,12,RRPCM,KY,Kentucky,TOTAL,All students,1,All students,999.0,0,320
900,2019,R3,2019,3,Grade 12,MN:MN,RED,12,RRPCM,LA,Louisiana,TOTAL,All students,1,All students,999.0,0,320
901,2019,R3,2019,3,Grade 12,SD:SD,RED,12,RRPCM,LA,Louisiana,TOTAL,All students,1,All students,999.0,0,320
902,2019,R3,2019,3,Grade 12,MN:MN,RED,12,RRPCM,MA,Massachusetts,TOTAL,All students,1,All students,999.0,0,320
903,2019,R3,2019,3,Grade 12,SD:SD,RED,12,RRPCM,MA,Massachusetts,TOTAL,All students,1,All students,999.0,0,320
904,2019,R3,2019,3,Grade 12,MN:MN,RED,12,RRPCM,MD,Maryland,TOTAL,All students,1,All students,999.0,0,320
905,2019,R3,2019,3,Grade 12,SD:SD,RED,12,RRPCM,MD,Maryland,TOTAL,All students,1,All students,999.0,0,320
906,2019,R3,2019,3,Grade 12,MN:MN,RED,12,RRPCM,ME,Maine,TOTAL,All students,1,All students,999.0,0,320
907,2019,R3,2019,3,Grade 12,SD:SD,RED,12,RRPCM,ME,Maine,TOTAL,All students,1,All students,999.0,0,320
908,2019,R3,2019,3,Grade 12,MN:MN,RED,12,RRPCM,MI,Michigan,TOTAL,All students,1,All students,999.0,0,320
909,2019,R3,2019,3,Grade 12,SD:SD,RED,12,RRPCM,MI,Michigan,TOTAL,All students,1,All students,999.0,0,320
910,2019,R3,2019,3,Grade 12,MN:MN,RED,12,RRPCM,MN,Minnesota,TOTAL,All students,1,All students,999.0,0,320
911,2019,R3,2019,3,Grade 12,SD:SD,RED,12,RRPCM,MN,Minnesota,TOTAL,All students,1,All students,999.0,0,320
912,2019,R3,2019,3,Grade 12,MN:MN,RED,12,RRPCM,MO,Missouri,TOTAL,All students,1,All students,999.0,0,320
913,2019,R3,2019,3,Grade 12,SD:SD,RED,12,RRPCM,MO,Missouri,TOTAL,All students,1,All students,999.0,0,320
914,2019,R3,2019,3,Grade 12,MN:MN,RED,12,RRPCM,MS,Mississippi,TOTAL,All students,1,All students,999.0,0,320
915,2019,R3,2019,3,Grade 12,SD:SD,RED,12,RRPCM,MS,Mississippi,TOTAL,All students,1,All students,999.0,0,320
916,2019,R3,2019,3,Grade 12,MN:MN,RED,12,RRPCM,MT,Montana,TOTAL,All students,1,All students,999.0,0,320
917,2019,R3,2019,3,Grade 12,SD:SD,RED,12,RRPCM,MT,Montana,TOTAL,All students,1,All students,999.0,0,320
918,2019,R3,2019,3,Grade 12,MN:MN,RED,12,RRPCM,NC,North Carolina,TOTAL,All students,1,All students,999.0,0,320
919,2019,R3,2019,3,Grade 12,SD:SD,RED,12,RRPCM,NC,North Carolina,TOTAL,All students,1,All students,999.0,0,320
920,2019,R3,2019,3,Grade 12,MN:MN,RED,12,RRPCM,ND,North Dakota,TOTAL,All students,1,All students,999.0,0,320
921,2019,R3,2019,3,Grade 12,SD:SD,RED,12,RRPCM,ND,North Dakota,TOTAL,All students,1,All students,999.0,0,320
922,2019,R3,2019,3,Grade 12,MN:MN,RED,12,RRPCM,NE,Nebraska,TOTAL,All students,1,All students,999.0,0,320
923,2019,R3,2019,3,Grade 12,SD:SD,RED,12,RRPCM,NE,Nebraska,TOTAL,All students,1,All students,999.0,0,320
924,2019,R3,2019,3,Grade 12,MN:MN,RED,12,RRPCM,NH,New Hampshire,TOTAL,All students,1,All students,999.0,0,320
925,2019,R3,2019,3,Grade 12,SD:SD,RED,12,RRPCM,NH,New Hampshire,TOTAL,All students,1,All students,999.0,0,320
926,2019,R3,2019,3,Grade 12,MN:MN,RED,12,RRPCM,NJ,New Jersey,TOTAL,All students,1,All students,999.0,0,320
927,2019,R3,2019,3,Grade 12,SD:SD,RED,12,RRPCM,NJ,New Jersey,TOTAL,All students,1,All students,999.0,0,320
928,2019,R3,2019,3,Grade 12,MN:MN,RED,12,RRPCM,NM,New Mexico,TOTAL,All students,1,All students,999.0,0,320
929,2019,R3,2019,3,Grade 12,SD:SD,RED,12,RRPCM,NM,New Mexico,TOTAL,All students,1,All students,999.0,0,320
930,2019,R3,2019,3,Grade 12,MN:MN,RED,12,RRPCM,NP,National public,TOTAL,All students,1,All students,284.043709114526,1,0
931,2019,R3,2019,3,Grade 12,SD:SD,RED,12,RRPCM,NP,National public,TOTAL,All students,1,All students,42.456130856018,1,0
932,2019,R3,2019,3,Grade 12,MN:MN,RED,12,RRPCM,NR,National private,TOTAL,All students,1,All students,999.0,0,288
933,2019,R3,2019,3,Grade 12,SD:SD,RED,12,RRPCM,NR,National private,TOTAL,All students,1,All students,999.0,0,288
934,2019,R3,2019,3,Grade 12,MN:MN,RED,12,RRPCM,NT,National,TOTAL,All students,1,All students,285.481587901781,1,0
935,2019,R3,2019,3,Grade 12,SD:SD,RED,12,RRPCM,NT,National,TOTAL,All students,1,All students,42.2992046739789,1,0
936,2019,R3,2019,3,Grade 12,MN:MN,RED,12,RRPCM,NV,Nevada,TOTAL,All students,1,All students,999.0,0,320
937,2019,R3,2019,3,Grade 12,SD:SD,RED,12,RRPCM,NV,Nevada,TOTAL,All students,1,All students,999.0,0,320
938,2019,R3,2019,3,Grade 12,MN:MN,RED,12,RRPCM,NY,New York,TOTAL,All students,1,All students,999.0,0,320
939,2019,R3,2019,3,Grade 12,SD:SD,RED,12,RRPCM,NY,New York,TOTAL,All students,1,All students,999.0,0,320
940,2019,R3,2019,3,Grade 12,MN:MN,RED,12,RRPCM,OH,Ohio,TOTAL,All students,1,All students,999.0,0,320
941,2019,R3,2019,3,Grade 12,SD:SD,RED,12,RRPCM,OH,Ohio,TOTAL,All students,1,All students,999.0,0,320
942,2019,R3,2019,3,Grade 12,MN:MN,RED,12,RRPCM,OK,Oklahoma,TOTAL,All students,1,All students,999.0,0,320
943,2019,R3,2019,3,Grade 12,SD:SD,RED,12,RRPCM,OK,Oklahoma,TOTAL,All students,1,All students,999.0,0,320
944,2019,R3,2019,3,Grade 12,MN:MN,RED,12,RRPCM,OR,Oregon,TOTAL,All students,1,All students,999.0,0,320
945,2019,R3,2019,3,Grade 12,SD:SD,RED,12,RRPCM,OR,Oregon,TOTAL,All students,1,All students,999.0,0,320
946,2019,R3,2019,3,Grade 12,MN:MN,RED,12,RRPCM,PA,Pennsylvania,TOTAL,All students,1,All students,999.0,0,320
947,2019,R3,2019,3,Grade 12,SD:SD,RED,12,RRPCM,PA,Pennsylvania,TOTAL,All students,1,All students,999.0,0,320
948,2019,R3,2019,3,Grade 12,MN:MN,RED,12,RRPCM,RI,Rhode Island,TOTAL,All students,1,All students,999.0,0,320
949,2019,R3,2019,3,Grade 12,SD:SD,RED,12,RRPCM,RI,Rhode Island,TOTAL,All students,1,All students,999.0,0,320
950,2019,R3,2019,3,Grade 12,MN:MN,RED,12,RRPCM,SC,South Carolina,TOTAL,All students,1,All students,999.0,0,320
951,2019,R3,2019,3,Grade 12,SD:SD,RED,12,RRPCM,SC,South Carolina,TOTAL,All students,1,All students,999.0,0,320
952,2019,R3,2019,3,Grade 12,MN:MN,RED,12,RRPCM,SD,South Dakota,TOTAL,All students,1,All students,999.0,0,320
953,2019,R3,2019,3,Grade 12,SD:SD,RED,12,RRPCM,SD,South Dakota,TOTAL,All students,1,All students,999.0,0,320
954,2019,R3,2019,3,Grade 12,MN:MN,RED,12,RRPCM,TN,Tennessee,TOTAL,All students,1,All students,999.0,0,320
955,2019,R3,2019,3,Grade 12,SD:SD,RED,12,RRPCM,TN,Tennessee,TOTAL,All students,1,All students,999.0,0,320
956,2019,R3,2019,3,Grade 12,MN:MN,RED,12,RRPCM,TX,Texas,TOTAL,All students,1,All students,999.0,0,320
957,2019,R3,2019,3,Grade 12,SD:SD,RED,12,RRPCM,TX,Texas,TOTAL,All students,1,All students,999.0,0,320
958,2019,R3,2019,3,Grade 12,MN:MN,RED,12,RRPCM,UT,Utah,TOTAL,All students,1,All students,999.0,0,320
959,2019,R3,2019,3,Grade 12,SD:SD,RED,12,RRPCM,UT,Utah,TOTAL,All students,1,All students,999.0,0,320
960,2019,R3,2019,3,Grade 12,MN:MN,RED,12,RRPCM,VA,Virginia,TOTAL,All students,1,All students,999.0,0,320
961,2019,R3,2019,3,Grade 12,SD:SD,RED,12,RRPCM,VA,Virginia,TOTAL,All students,1,All students,999.0,0,320
962,2019,R3,2019,3,Grade 12,MN:MN,RED,12,RRPCM,VT,Vermont,TOTAL,All students,1,All students,999.0,0,320
963,2019,R3,2019,3,Grade 12,SD:SD,RED,12,RRPCM,VT,Vermont,TOTAL,All students,1,All students,999.0,0,320
964,2019,R3,2019,3,Grade 12,MN:MN,RED,12,RRPCM,WA,Washington,TOTAL,All students,1,All students,999.0,0,320
965,2019,R3,2019,3,Grade 12,SD:SD,RED,12,RRPCM,WA,Washington,TOTAL,All students,1,All students,999.0,0,320
966,2019,R3,2019,3,Grade 12,MN:MN,RED,12,RRPCM,WI,Wisconsin,TOTAL,All students,1,All students,999.0,0,320
967,2019,R3,2019,3,Grade 12,SD:SD,RED,12,RRPCM,WI,Wisconsin,TOTAL,All students,1,All students,999.0,0,320
968,2019,R3,2019,3,Grade 12,MN:MN,RED,12,RRPCM,WV,West Virginia,TOTAL,All students,1,All students,999.0,0,320
969,2019,R3,2019,3,Grade 12,SD:SD,RED,12,RRPCM,WV,West Virginia,TOTAL,All students,1,All students,999.0,0,320
970,2019,R3,2019,3,Grade 12,MN:MN,RED,12,RRPCM,WY,Wyoming,TOTAL,All students,1,All students,999.0,0,320
971,2019,R3,2019,3,Grade 12,SD:SD,RED,12,RRPCM,WY,Wyoming,TOTAL,All students,1,All students,999.0,0,320
972,2024,R3,2024,3,Grade 12,MN:MN,RED,12,RRPCM,AK,Alaska,TOTAL,All students,1,All students,999.0,0,320
973,2024,R3,2024,3,Grade 12,SD:SD,RED,12,RRPCM,AK,Alaska,TOTAL,All students,1,All students,999.0,0,320
974,2024,R3,2024,3,Grade 12,MN:MN,RED,12,RRPCM,AL,Alabama,TOTAL,All students,1,All students,999.0,0,320
975,2024,R3,2024,3,Grade 12,SD:SD,RED,12,RRPCM,AL,Alabama,TOTAL,All students,1,All students,999.0,0,320
976,2024,R3,2024,3,Grade 12,MN:MN,RED,12,RRPCM,AR,Arkansas,TOTAL,All students,1,All students,999.0,0,320
977,2024,R3,2024,3,Grade 12,SD:SD,RED,12,RRPCM,AR,Arkansas,TOTAL,All students,1,All students,999.0,0,320
978,2024,R3,2024,3,Grade 12,MN:MN,RED,12,RRPCM,AZ,Arizona,TOTAL,All students,1,All students,999.0,0,320
979,2024,R3,2024,3,Grade 12,SD:SD,RED,12,RRPCM,AZ,Arizona,TOTAL,All students,1,All students,999.0,0,320
980,2024,R3,2024,3,Grade 12,MN:MN,RED,12,RRPCM,CA,California,TOTAL,All students,1,All students,999.0,0,320
981,2024,R3,2024,3,Grade 12,SD:SD,RED,12,RRPCM,CA,California,TOTAL,All students,1,All students,999.0,0,320
982,2024,R3,2024,3,Grade 12,MN:MN,RED,12,RRPCM,CO,Colorado,TOTAL,All students,1,All students,999.0,0,320
983,2024,R3,2024,3,Grade 12,SD:SD,RED,12,RRPCM,CO,Colorado,TOTAL,All students,1,All students,999.0,0,320
984,2024,R3,2024,3,Grade 12,MN:MN,RED,12,RRPCM,CT,Connecticut,TOTAL,All students,1,All students,999.0,0,320
985,2024,R3,2024,3,Grade 12,SD:SD,RED,12,RRPCM,CT,Connecticut,TOTAL,All students,1,All students,999.0,0,320
986,2024,R3,2024,3,Grade 12,MN:MN,RED,12,RRPCM,DC,District of Columbia,TOTAL,All students,1,All students,999.0,0,320
987,2024,R3,2024,3,Grade 12,SD:SD,RED,12,RRPCM,DC,District of Columbia,TOTAL,All students,1,All students,999.0,0,320
988,2024,R3,2024,3,Grade 12,MN:MN,RED,12,RRPCM,DE,Delaware,TOTAL,All students,1,All students,999.0,0,320
989,2024,R3,2024,3,Grade 12,SD:SD,RED,12,RRPCM,DE,Delaware,TOTAL,All students,1,All students,999.0,0,320
990,2024,R3,2024,3,Grade 12,MN:MN,RED,12,RRPCM,FL,Florida,TOTAL,All students,1,All students,999.0,0,320
991,2024,R3,2024,3,Grade 12,SD:SD,RED,12,RRPCM,FL,Florida,TOTAL,All students,1,All students,999.0,0,320
992,2024,R3,2024,3,Grade 12,MN:MN,RED,12,RRPCM,GA,Georgia,TOTAL,All students,1,All students,999.0,0,320
993,2024,R3,2024,3,Grade 12,SD:SD,RED,12,RRPCM,GA,Georgia,TOTAL,All students,1,All students,999.0,0,320
994,2024,R3,2024,3,Grade 12,MN:MN,RED,12,RRPCM,HI,Hawaii,TOTAL,All students,1,All students,999.0,0,320
995,2024,R3,2024,3,Grade 12,SD:SD,RED,12,RRPCM,HI,Hawaii,TOTAL,All students,1,All students,999.0,0,320
996,2024,R3,2024,3,Grade 12,MN:MN,RED,12,RRPCM,IA,Iowa,TOTAL,All students,1,All students,999.0,0,320
997,2024,R3,2024,3,Grade 12,SD:SD,RED,12,RRPCM,IA,Iowa,TOTAL,All students,1,All students,999.0,0,320
998,2024,R3,2024,3,Grade 12,MN:MN,RED,12,RRPCM,ID,Idaho,TOTAL,All students,1,All students,999.0,0,320
999,2024,R3,2024,3,Grade 12,SD:SD,RED,12,RRPCM,ID,Idaho,TOTAL,All students,1,All students,999.0,0,320
1000,2024,R3,2024,3,Grade 12,MN:MN,RED,12,RRPCM,IL,Illinois,TOTAL,All students,1,All students,999.0,0,320
1001,2024,R3,2024,3,Grade 12,SD:SD,RED,12,RRPCM,IL,Illinois,TOTAL,All students,1,All students,999.0,0,320
1002,2024,R3,2024,3,Grade 12,MN:MN,RED,12,RRPCM,IN,Indiana,TOTAL,All students,1,All students,999.0,0,320
1003,2024,R3,2024,3,Grade 12,SD:SD,RED,12,RRPCM,IN,Indiana,TOTAL,All students,1,All students,999.0,0,320
1004,2024,R3,2024,3,Grade 12,MN:MN,RED,12,RRPCM,KS,Kansas,TOTAL,All students,1,All students,999.0,0,320
1005,2024,R3,2024,3,Grade 12,SD:SD,RED,12,RRPCM,KS,Kansas,TOTAL,All students,1,All students,999.0,0,320
1006,2024,R3,2024,3,Grade 12,MN:MN,RED,12,RRPCM,KY,Kentucky,TOTAL,All students,1,All students,999.0,0,320
1007,2024,R3,2024,3,Grade 12,SD:SD,RED,12,RRPCM,KY,Kentucky,TOTAL,All students,1,All students,999.0,0,320
1008,2024,R3,2024,3,Grade 12,MN:MN,RED,12,RRPCM,LA,Louisiana,TOTAL,All students,1,All students,999.0,0,320
1009,2024,R3,2024,3,Grade 12,SD:SD,RED,12,RRPCM,LA,Louisiana,TOTAL,All students,1,All students,999.0,0,320
1010,2024,R3,2024,3,Grade 12,MN:MN,RED,12,RRPCM,MA,Massachusetts,TOTAL,All students,1,All students,999.0,0,320
1011,2024,R3,2024,3,Grade 12,SD:SD,RED,12,RRPCM,MA,Massachusetts,TOTAL,All students,1,All students,999.0,0,320
1012,2024,R3,2024,3,Grade 12,MN:MN,RED,12,RRPCM,MD,Maryland,TOTAL,All students,1,All students,999.0,0,320
1013,2024,R3,2024,3,Grade 12,SD:SD,RED,12,RRPCM,MD,Maryland,TOTAL,All students,1,All students,999.0,0,320
1014,2024,R3,2024,3,Grade 12,MN:MN,RED,12,RRPCM,ME,Maine,TOTAL,All students,1,All students,999.0,0,320
1015,2024,R3,2024,3,Grade 12,SD:SD,RED,12,RRPCM,ME,Maine,TOTAL,All students,1,All students,999.0,0,320
1016,2024,R3,2024,3,Grade 12,MN:MN,RED,12,RRPCM,MI,Michigan,TOTAL,All students,1,All students,999.0,0,320
1017,2024,R3,2024,3,Grade 12,SD:SD,RED,12,RRPCM,MI,Michigan,TOTAL,All students,1,All students,999.0,0,320
1018,2024,R3,2024,3,Grade 12,MN:MN,RED,12,RRPCM,MN,Minnesota,TOTAL,All students,1,All students,999.0,0,320
1019,2024,R3,2024,3,Grade 12,SD:SD,RED,12,RRPCM,MN,Minnesota,TOTAL,All students,1,All students,999.0,0,320
1020,2024,R3,2024,3,Grade 12,MN:MN,RED,12,RRPCM,MO,Missouri,TOTAL,All students,1,All students,999.0,0,320
1021,2024,R3,2024,3,Grade 12,SD:SD,RED,12,RRPCM,MO,Missouri,TOTAL,All students,1,All students,999.0,0,320
1022,2024,R3,2024,3,Grade 12,MN:MN,RED,12,RRPCM,MS,Mississippi,TOTAL,All students,1,All students,999.0,0,320
1023,2024,R3,2024,3,Grade 12,SD:SD,RED,12,RRPCM,MS,Mississippi,TOTAL,All students,1,All students,999.0,0,320
1024,2024,R3,2024,3,Grade 12,MN:MN,RED,12,RRPCM,MT,Montana,TOTAL,All students,1,All students,999.0,0,320
1025,2024,R3,2024,3,Grade 12,SD:SD,RED,12,RRPCM,MT,Montana,TOTAL,All students,1,All students,999.0,0,320
1026,2024,R3,2024,3,Grade 12,MN:MN,RED,12,RRPCM,NC,North Carolina,TOTAL,All students,1,All students,999.0,0,320
1027,2024,R3,2024,3,Grade 12,SD:SD,RED,12,RRPCM,NC,North Carolina,TOTAL,All students,1,All students,999.0,0,320
1028,2024,R3,2024,3,Grade 12,MN:MN,RED,12,RRPCM,ND,North Dakota,TOTAL,All students,1,All students,999.0,0,320
1029,2024,R3,2024,3,Grade 12,SD:SD,RED,12,RRPCM,ND,North Dakota,TOTAL,All students,1,All students,999.0,0,320
1030,2024,R3,2024,3,Grade 12,MN:MN,RED,12,RRPCM,NE,Nebraska,TOTAL,All students,1,All students,999.0,0,320
1031,2024,R3,2024,3,Grade 12,SD:SD,RED,12,RRPCM,NE,Nebraska,TOTAL,All students,1,All students,999.0,0,320
1032,2024,R3,2024,3,Grade 12,MN:MN,RED,12,RRPCM,NH,New Hampshire,TOTAL,All students,1,All students,999.0,0,320
1033,2024,R3,2024,3,Grade 12,SD:SD,RED,12,RRPCM,NH,New Hampshire,TOTAL,All students,1,All students,999.0,0,320
1034,2024,R3,2024,3,Grade 12,MN:MN,RED,12,RRPCM,NJ,New Jersey,TOTAL,All students,1,All students,999.0,0,320
1035,2024,R3,2024,3,Grade 12,SD:SD,RED,12,RRPCM,NJ,New Jersey,TOTAL,All students,1,All students,999.0,0,320
1036,2024,R3,2024,3,Grade 12,MN:MN,RED,12,RRPCM,NM,New Mexico,TOTAL,All students,1,All students,999.0,0,320
1037,2024,R3,2024,3,Grade 12,SD:SD,RED,12,RRPCM,NM,New Mexico,TOTAL,All students,1,All students,999.0,0,320
1038,2024,R3,2024,3,Grade 12,MN:MN,RED,12,RRPCM,NP,National public,TOTAL,All students,1,All students,281.073241699367,1,0
1039,2024,R3,2024,3,Grade 12,SD:SD,RED,12,RRPCM,NP,National public,TOTAL,All students,1,All students,42.9050367245582,1,0
1040,2024,R3,2024,3,Grade 12,MN:MN,RED,12,RRPCM,NR,National private,TOTAL,All students,1,All students,999.0,0,288
1041,2024,R3,2024,3,Grade 12,SD:SD,RED,12,RRPCM,NR,National private,TOTAL,All students,1,All students,999.0,0,288
1042,2024,R3,2024,3,Grade 12,MN:MN,RED,12,RRPCM,NT,National,TOTAL,All students,1,All students,282.64806978515,1,0
1043,2024,R3,2024,3,Grade 12,SD:SD,RED,12,RRPCM,NT,National,TOTAL,All students,1,All students,42.8772343595055,1,0
1044,2024,R3,2024,3,Grade 12,MN:MN,RED,12,RRPCM,NV,Nevada,TOTAL,All students,1,All students,999.0,0,320
1045,2024,R3,2024,3,Grade 12,SD:SD,RED,12,RRPCM,NV,Nevada,TOTAL,All students,1,All students,999.0,0,320
1046,2024,R3,2024,3,Grade 12,MN:MN,RED,12,RRPCM,NY,New York,TOTAL,All students,1,All students,999.0,0,320
1047,2024,R3,2024,3,Grade 12,SD:SD,RED,12,RRPCM,NY,New York,TOTAL,All students,1,All students,999.0,0,320
1048,2024,R3,2024,3,Grade 12,MN:MN,RED,12,RRPCM,OH,Ohio,TOTAL,All students,1,All students,999.0,0,320
1049,2024,R3,2024,3,Grade 12,SD:SD,RED,12,RRPCM,OH,Ohio,TOTAL,All students,1,All students,999.0,0,320
1050,2024,R3,2024,3,Grade 12,MN:MN,RED,12,RRPCM,OK,Oklahoma,TOTAL,All students,1,All students,999.0,0,320
1051,2024,R3,2024,3,Grade 12,SD:SD,RED,12,RRPCM,OK,Oklahoma,TOTAL,All students,1,All students,999.0,0,320
1052,2024,R3,2024,3,Grade 12,MN:MN,RED,12,RRPCM,OR,Oregon,TOTAL,All students,1,All students,999.0,0,320
1053,2024,R3,2024,3,Grade 12,SD:SD,RED,12,RRPCM,OR,Oregon,TOTAL,All students,1,All students,999.0,0,320
1054,2024,R3,2024,3,Grade 12,MN:MN,RED,12,RRPCM,PA,Pennsylvania,TOTAL,All students,1,All students,999.0,0,320
1055,2024,R3,2024,3,Grade 12,SD:SD,RED,12,RRPCM,PA,Pennsylvania,TOTAL,All students,1,All students,999.0,0,320
1056,2024,R3,2024,3,Grade 12,MN:MN,RED,12,RRPCM,RI,Rhode Island,TOTAL,All students,1,All students,999.0,0,320
1057,2024,R3,2024,3,Grade 12,SD:SD,RED,12,RRPCM,RI,Rhode Island,TOTAL,All students,1,All students,999.0,0,320
1058,2024,R3,2024,3,Grade 12,MN:MN,RED,12,RRPCM,SC,South Carolina,TOTAL,All students,1,All students,999.0,0,320
1059,2024,R3,2024,3,Grade 12,SD:SD,RED,12,RRPCM,SC,South Carolina,TOTAL,All students,1,All students,999.0,0,320
1060,2024,R3,2024,3,Grade 12,MN:MN,RED,12,RRPCM,SD,South Dakota,TOTAL,All students,1,All students,999.0,0,320
1061,2024,R3,2024,3,Grade 12,SD:SD,RED,12,RRPCM,SD,South Dakota,TOTAL,All students,1,All students,999.0,0,320
1062,2024,R3,2024,3,Grade 12,MN:MN,RED,12,RRPCM,TN,Tennessee,TOTAL,All students,1,All students,999.0,0,320
1063,2024,R3,2024,3,Grade 12,SD:SD,RED,12,RRPCM,TN,Tennessee,TOTAL,All students,1,All students,999.0,0,320
1064,2024,R3,2024,3,Grade 12,MN:MN,RED,12,RRPCM,TX,Texas,TOTAL,All students,1,All students,999.0,0,320
1065,2024,R3,2024,3,Grade 12,SD:SD,RED,12,RRPCM,TX,Texas,TOTAL,All students,1,All students,999.0,0,320
1066,2024,R3,2024,3,Grade 12,MN:MN,RED,12,RRPCM,UT,Utah,TOTAL,All students,1,All students,999.0,0,320
1067,2024,R3,2024,3,Grade 12,SD:SD,RED,12,RRPCM,UT,Utah,TOTAL,All students,1,All students,999.0,0,320
1068,2024,R3,2024,3,Grade 12,MN:MN,RED,12,RRPCM,VA,Virginia,TOTAL,All students,1,All students,999.0,0,320
1069,2024,R3,2024,3,Grade 12,SD:SD,RED,12,RRPCM,VA,Virginia,TOTAL,All students,1,All students,999.0,0,320
1070,2024,R3,2024,3,Grade 12,MN:MN,RED,12,RRPCM,VT,Vermont,TOTAL,All students,1,All students,999.0,0,320
1071,2024,R3,2024,3,Grade 12,SD:SD,RED,12,RRPCM,VT,Vermont,TOTAL,All students,1,All students,999.0,0,320
1072,2024,R3,2024,3,Grade 12,MN:MN,RED,12,RRPCM,WA,Washington,TOTAL,All students,1,All students,999.0,0,320
1073,2024,R3,2024,3,Grade 12,SD:SD,RED,12,RRPCM,WA,Washington,TOTAL,All students,1,All students,999.0,0,320
1074,2024,R3,2024,3,Grade 12,MN:MN,RED,12,RRPCM,WI,Wisconsin,TOTAL,All students,1,All students,999.0,0,320
1075,2024,R3,2024,3,Grade 12,SD:SD,RED,12,RRPCM,WI,Wisconsin,TOTAL,All students,1,All students,999.0,0,320
1076,2024,R3,2024,3,Grade 12,MN:MN,RED,12,RRPCM,WV,West Virginia,TOTAL,All students,1,All students,999.0,0,320
1077,2024,R3,2024,3,Grade 12,SD:SD,RED,12,RRPCM,WV,West Virginia,TOTAL,All students,1,All students,999.0,0,320
1078,2024,R3,2024,3,Grade 12,MN:MN,RED,12,RRPCM,WY,Wyoming,TOTAL,All students,1,All students,999.0,0,320
1079,2024,R3,2024,3,Grade 12,SD:SD,RED,12,RRPCM,WY,Wyoming,TOTAL,All students,1,All students,999.0,0,320
